league_name,season_year,team_canonical,early,late,middle,early_late_strength_contrast,ssb_preseason_elo
2bundesliga,2004,1fccolonia,1500.0,1500.0,1500.0,0.0,
2bundesliga,2004,1fcsaarbrucken,1500.0,1500.0,1500.0,0.0,
2bundesliga,2004,alemanniaaachen,1500.0,1500.0,1500.0,0.0,
2bundesliga,2004,fcenergiecottbus,1500.0,1500.0,1500.0,0.0,
2bundesliga,2004,fcerzgebirgeaue,1500.0,1500.0,1500.0,0.0,
2bundesliga,2004,karlsruhersc,1500.0,1500.0,1500.0,0.0,
2bundesliga,2004,lrahlen,1500.0,1500.0,1500.0,0.0,
2bundesliga,2004,msvduisburg,1500.0,1500.0,1500.0,0.0,
2bundesliga,2004,rotweierfurt,1500.0,1500.0,1500.0,0.0,
2bundesliga,2004,rotweioberhausen,1500.0,1500.0,1500.0,0.0,
2bundesliga,2004,rotweissessen,1500.0,1500.0,1500.0,0.0,
2bundesliga,2004,sgdynamodresden,1500.0,1500.0,1500.0,0.0,
2bundesliga,2004,sgeintrachtfrankfurt,1500.0,1500.0,1500.0,0.0,
2bundesliga,2004,spvgggreutherfurth,1500.0,1500.0,1500.0,0.0,
2bundesliga,2004,spvggunterhaching,1500.0,1500.0,1500.0,0.0,
2bundesliga,2004,sveintrachttrier05,1500.0,1500.0,1500.0,0.0,
2bundesliga,2004,svwackerburghausen,1500.0,1500.0,1500.0,0.0,
2bundesliga,2004,tsv1860munique,1500.0,1500.0,1500.0,0.0,
2bundesliga,2005,1fcsaarbrucken,1497.3912621237134,1502.4590272304274,1507.6607089448203,-5.067765106713978,-0.1193647184745638
2bundesliga,2005,alemanniaaachen,1499.3980716109356,1503.2368385123627,1495.8875917688426,-3.838766901427107,-0.36825285486833514
2bundesliga,2005,eintrachtbraunschweigtsv,1502.1336081789545,1496.744562717265,1503.241878596127,5.389045461689648,0.08643278252147073
2bundesliga,2005,fcenergiecottbus,1498.7784421452764,1501.583908225929,1505.9774151641454,-2.80546608065265,-0.17269789055894336
2bundesliga,2005,fcerzgebirgeaue,1495.7803375438975,1499.2468532729615,1504.516598524659,-3.4665157290639854,-0.12190439333572473
2bundesliga,2005,fchansarostock,1505.6909881202687,1497.2084998778819,1499.1783853886852,8.482488242386808,0.23675066516750679
2bundesliga,2005,karlsruhersc,1495.8964029684985,1498.516000779755,1507.8614254090435,-2.619597811256426,-0.010158699444643727
2bundesliga,2005,kickersoffenbach,1507.9899897040814,1496.0141254781213,1498.1823376955203,11.975864225960095,0.6401036502677036
2bundesliga,2005,lrahlen,1502.7357653299996,1497.6749953808578,1505.6498530737613,5.060769949141786,0.19047561458706988
2bundesliga,2005,scfreiburg,1500.1180006186478,1498.7799425159226,1503.0370718306256,1.3380581027251992,0.06639039816866593
2bundesliga,2005,scpaderborn07,1498.3810917597327,1508.256388759011,1494.4360393334443,-9.875296999278362,-0.46723808522476207
2bundesliga,2005,sgdynamodresden,1507.9486453842758,1496.0940771220842,1495.7049942092628,11.854568262191606,0.5917442426504972
2bundesliga,2005,sportfreundesiegen,1498.223682015326,1506.5558210297759,1496.44861387338,-8.332139014449922,-0.6188086168928484
2bundesliga,2005,spvgggreutherfurth,1507.704015664637,1496.0141254781213,1495.8624039536696,11.68989018651564,0.5688871689000488
2bundesliga,2005,spvggunterhaching,1495.233332962397,1499.1025610072556,1509.164379299691,-3.8692280448585734,-0.0634918715290233
2bundesliga,2005,svwackerburghausen,1495.4407484262122,1509.097394157908,1496.4383055149563,-13.65664573169579,-0.5180936716768301
2bundesliga,2005,tsv1860munique,1502.0097836209984,1496.7540120458204,1495.4407484262122,5.25577157517796,0.25142781125493224
2bundesliga,2005,vflbochum,1499.1783853886852,1506.3311618660439,1495.738993224092,-7.152776477358657,-0.25428775147621097
2bundesliga,2006,1fccolonia,1491.810360672854,1503.2534423320824,1501.9086644043682,-11.443081659228483,-0.3168987477547308
2bundesliga,2006,1fckaiserslautern,1499.1308468067612,1506.6253991459387,1499.1932796028727,-7.494552339177517,-0.3464383921391466
2bundesliga,2006,eintrachtbraunschweigtsv,1505.2438844881729,1500.5074417971346,1504.765170276614,4.736442691038292,0.007398414344468425
2bundesliga,2006,fcaugsburg,1502.8237757163786,1506.178751890244,1495.987602244922,-3.3549761738654524,-0.05159720733987289
2bundesliga,2006,fccarlzeissjena,1496.124752405514,1504.5613586064044,1504.4510545927028,-8.43660620089031,-0.420148688338965
2bundesliga,2006,fcerzgebirgeaue,1504.8926114596557,1501.3252609819567,1497.670348026773,3.5673504776989375,0.09001404119103248
2bundesliga,2006,fchansarostock,1511.9449719242286,1499.0775877630003,1499.4533480831085,12.867384161228301,0.6313313573946389
2bundesliga,2006,karlsruhersc,1499.7630782402193,1501.2660767543196,1501.522379536939,-1.5029985141002271,-0.04932276229645616
2bundesliga,2006,kickersoffenbach,1498.2339885652955,1505.1523393021105,1502.421573044493,-6.918350736815,-0.28977122849167997
2bundesliga,2006,msvduisburg,1502.0019560208993,1500.9335648250528,1497.3077619189598,1.068391195846516,0.19605798012841325
2bundesliga,2006,rotweissessen,1504.063362466228,1498.3425861918877,1508.5318063196485,5.720776274340324,-0.023428312090816677
2bundesliga,2006,scfreiburg,1495.35057829849,1504.9971628944584,1498.6301489382881,-9.646584595968307,-0.29840271189355977
2bundesliga,2006,scpaderborn07,1495.4670947719846,1505.9585205119356,1505.2978555322363,-10.491425739950955,-0.44267179161069403
2bundesliga,2006,spvgggreutherfurth,1500.506849174875,1499.8627860843508,1500.4528781308115,0.6440630905242415,0.06411959098539301
2bundesliga,2006,spvggunterhaching,1507.0686778058873,1498.9979526209206,1504.0001937791735,8.070725184966705,0.3797852696827124
2bundesliga,2006,svwackerburghausen,1508.9099000318622,1497.3128843121497,1499.1574787168558,11.597015719712545,0.5487157305480748
2bundesliga,2006,tsv1860munique,1504.2078454665987,1496.0988803729188,1507.3129159420037,8.108965093679899,0.2577114329989834
2bundesliga,2006,tuskoblenz,1502.9905558127145,1500.0830937417538,1502.4706310378488,2.907462070960719,0.06633926657983659
2bundesliga,2007,1fccolonia,1504.374160112696,1502.000513901013,1507.283015420213,2.3736462116830808,-0.006263245110251503
2bundesliga,2007,1fckaiserslautern,1500.071670178492,1506.6792837435462,1505.104539049961,-6.60761356505418,-0.15031788264603604
2bundesliga,2007,1fsvmainz05,1502.3743438853367,1502.325367811851,1511.6509303562277,0.048976073485619054,-0.2729738641616111
2bundesliga,2007,alemanniaaachen,1503.3890595264,1507.3846229947194,1497.2120642044617,-3.9955634683194603,-0.08518013349942044
2bundesliga,2007,borussiamonchengladbach,1508.850091705033,1507.1538104382744,1499.9077905804331,1.6962812667586604,0.15633957674710455
2bundesliga,2007,fcaugsburg,1497.4747809072724,1505.2322969104969,1509.2417892890414,-7.757516003224509,-0.3670261634607381
2bundesliga,2007,fccarlzeissjena,1506.958200643566,1505.3132129585101,1506.2532024338134,1.6449876850558667,-0.02129503337485511
2bundesliga,2007,fcerzgebirgeaue,1507.958213157897,1510.9911437495082,1499.7591004319554,-3.032930591611148,0.07515894132301802
2bundesliga,2007,fcstpauli,1501.7829209900576,1509.5594664476182,1504.3506092852156,-7.776545457560587,-0.31764231466078385
2bundesliga,2007,kickersoffenbach,1502.9845125005972,1507.8521593840712,1511.5649031423736,-4.867646883473981,-0.19416059841779656
2bundesliga,2007,scfreiburg,1505.1798253272318,1501.5516239405958,1497.7369289828328,3.628201386635965,0.2066870886382996
2bundesliga,2007,scpaderborn07,1509.3361606276815,1506.0144851787327,1503.5780569582341,3.321675448948781,0.05636920599226352
2bundesliga,2007,spvgggreutherfurth,1502.3724756767988,1503.5255230761038,1505.1497597340503,-1.1530473993050236,-0.05762185501431382
2bundesliga,2007,svwehenwiesbaden,1509.2334321071082,1503.5132077393812,1503.4960167589686,5.720224367727042,0.16130273791367927
2bundesliga,2007,tsg1899hoffenheim,1510.428508851947,1502.652734128512,1503.2396384987144,7.775774723435006,0.06948425633204645
2bundesliga,2007,tsv1860munique,1505.923415834445,1499.484875806641,1512.3789255388424,6.438540027804038,0.3845632497694423
2bundesliga,2007,tuskoblenz,1502.9878985612531,1506.4089049114555,1509.7948850079724,-3.421006350202333,0.13152814731528156
2bundesliga,2007,vflosnabruck,1509.411544605897,1503.4479820786794,1503.3890595264,5.9635625272176185,0.23078699424572574
2bundesliga,2008,1fckaiserslautern,1499.5899744748515,1505.350556078517,1514.7442856862929,-5.760581603665514,-0.14180294160231147
2bundesliga,2008,1fcnuremberg,1509.2846172655818,1505.8525627422478,1504.6934851980875,3.4320545233340454,0.23095892809276442
2bundesliga,2008,1fsvmainz05,1506.765148257408,1507.0142354973584,1498.973372536513,-0.24908723995031323,-0.13933680348748867
2bundesliga,2008,alemanniaaachen,1513.6741276811806,1501.3743532350884,1498.7785263430267,12.299774446092215,0.488295346734916
2bundesliga,2008,fcaugsburg,1507.2992916017793,1503.9399221487338,1513.0357797645893,3.359369453045474,0.16276511557830534
2bundesliga,2008,fchansarostock,1514.1285782076163,1493.7749464628466,1507.4774931635898,20.3536317447697,0.6966840174374432
2bundesliga,2008,fcingolstadt04,1507.3703804512343,1507.2872539686161,1505.0426043109421,0.08312648261812683,-0.04914019746654562
2bundesliga,2008,fcstpauli,1503.4215775098542,1513.2855202298333,1504.8211967098823,-9.86394271997915,-0.2811397450898001
2bundesliga,2008,fsvfrankfurt,1500.374899025727,1509.8444093132202,1509.2484617241541,-9.469510287493222,-0.2604430465726918
2bundesliga,2008,msvduisburg,1507.5969341624523,1505.3038546929622,1499.8633961192704,2.293079469490067,0.0616534528705702
2bundesliga,2008,rotweioberhausen,1500.3335874366037,1511.1837637358803,1510.5165352547453,-10.850176299276654,-0.43773951538104844
2bundesliga,2008,rotweissahlen,1507.0239126210975,1511.9517005022697,1500.300585013457,-4.927787881172208,-0.3316963328991829
2bundesliga,2008,scfreiburg,1506.2067534984533,1509.4192250479055,1495.9828387490104,-3.212471549452175,-0.250313018654515
2bundesliga,2008,spvgggreutherfurth,1499.3742785233408,1508.077316968678,1508.2784790849275,-8.703038445337143,-0.3341617145584905
2bundesliga,2008,svwehenwiesbaden,1515.4725161361648,1499.8283952649842,1506.788021077022,15.644120871180576,0.5869408713278284
2bundesliga,2008,tsv1860munique,1510.6881426205457,1502.31586844781,1511.4511776353693,8.372274172735615,0.33169557644366765
2bundesliga,2008,tuskoblenz,1500.216193558945,1511.0505604635903,1507.068360123074,-10.834366904645321,-0.33169557644366765
2bundesliga,2008,vflosnabruck,1503.1740269708316,1505.140495203125,1514.9303415097145,-1.9664682322934368,0.0
2bundesliga,2009,1fckaiserslautern,1508.467369028961,1496.216423267089,1502.8845773909693,12.25094576187189,0.27764211568598274
2bundesliga,2009,1fcunionberlim,1501.3113194391963,1510.4457078120965,1495.8969227786577,-9.134388372900275,-0.19865117161164125
2bundesliga,2009,alemanniaaachen,1498.1026893593043,1498.6192416684653,1503.567841489754,-0.516552309160943,0.08845235543978211
2bundesliga,2009,arminiabielefeld,1508.5271961066903,1506.4858671707855,1493.0008722653213,2.0413289359048576,-0.006131209000359298
2bundesliga,2009,fcaugsburg,1502.0067691106174,1505.8552683723276,1504.8964488736324,-3.8484992617102307,0.017199069113290964
2bundesliga,2009,fcenergiecottbus,1508.9080629687824,1495.0884352505063,1502.596112330695,13.819627718276024,0.17199069113290966
2bundesliga,2009,fchansarostock,1496.197552240375,1510.567129460661,1501.4023535047882,-14.369577220285919,-0.38083653036572856
2bundesliga,2009,fcstpauli,1507.4412481728812,1495.9058349310017,1506.3458710983898,11.535413241879496,0.3341533427725102
2bundesliga,2009,fortunadusseldorf95,1507.0354469309918,1505.054909651171,1496.0536660078717,1.9805372798207372,-0.09687310220567691
2bundesliga,2009,fsvfrankfurt,1512.9614176245107,1496.5741228681252,1502.5259786175855,16.387294756385472,0.5626552609919473
2bundesliga,2009,karlsruhersc,1496.0203216876937,1500.2582015132639,1504.698386634644,-4.2378798255701895,-0.23587294783941895
2bundesliga,2009,msvduisburg,1495.1040608383564,1499.4549168565302,1504.2741963874066,-4.350856018173772,-0.027027108606600087
2bundesliga,2009,rotweioberhausen,1507.2984685229983,1505.3990880594067,1497.3569797416458,1.8993804635915694,0.027027108606600087
2bundesliga,2009,rotweissahlen,1496.4467462548846,1508.7484390945194,1507.0754914590389,-12.301692839634825,-0.2555290268260372
2bundesliga,2009,scpaderborn07,1498.1992263789077,1503.5606156435722,1511.5208944881633,-5.361389264664467,-0.09090936531310939
2bundesliga,2009,spvgggreutherfurth,1493.2314448005664,1502.7369836168575,1505.7027809740064,-9.505538816291164,-0.07862431594647298
2bundesliga,2009,tsv1860munique,1508.7583982289696,1503.0260301504386,1501.2857032653721,5.732368078530953,0.06633926657983659
2bundesliga,2009,tuskoblenz,1501.3018413760901,1506.4024921074624,1502.874361664468,-5.100650731372298,-0.17444770100623694
2bundesliga,2010,1fcunionberlim,1501.0293115354982,1504.2465544361141,1502.4548165492413,-3.217242900615929,-0.11764705882352941
2bundesliga,2010,alemanniaaachen,1497.1903591468713,1502.6442985197116,1505.6211711438561,-5.453939372840296,-0.10784313725490197
2bundesliga,2010,arminiabielefeld,1501.5974017863416,1504.267396009269,1498.734317927654,-2.669994222927471,-0.18872549019607845
2bundesliga,2010,fcaugsburg,1497.1838600866752,1499.6046317962553,1499.9625251900723,-2.4207717095800945,0.009803921568627453
2bundesliga,2010,fcenergiecottbus,1501.9799594122558,1496.4220051177253,1505.9606542730894,5.557954294530418,0.34313725490196084
2bundesliga,2010,fcerzgebirgeaue,1507.910048961918,1502.7731348309023,1499.7249897190618,5.136914131015601,0.34068627450980393
2bundesliga,2010,fcingolstadt04,1509.2083974202612,1498.6301871787784,1505.3667018250717,10.578210241482793,0.4460784313725491
2bundesliga,2010,fortunadusseldorf95,1500.6307698219302,1502.689569916396,1494.3754057867322,-2.0588000944658233,-0.08088235294117649
2bundesliga,2010,fsvfrankfurt,1503.7320183856982,1501.8090164699395,1502.6810017506757,1.9230019157587321,0.007352941176470588
2bundesliga,2010,herthaberlim,1499.655761366416,1500.8270224341775,1505.3483698064506,-1.1712610677614066,-0.09068627450980393
2bundesliga,2010,karlsruhersc,1498.6835444208104,1499.3704875316514,1505.4938882618842,-0.6869431108409572,0.05147058823529412
2bundesliga,2010,msvduisburg,1498.7058039458955,1504.5594572140055,1499.2450773291675,-5.853653268110065,-0.49509803921568635
2bundesliga,2010,rotweioberhausen,1498.5910766303844,1506.7078584975113,1504.986284568213,-8.116781867126974,-0.27941176470588236
2bundesliga,2010,scpaderborn07,1504.0691011210627,1501.7417314663353,1497.4848559592792,2.327369654727363,-0.009803921568627453
2bundesliga,2010,spvgggreutherfurth,1495.0878254766021,1502.6442985197116,1507.601067633802,-7.556473043109463,-0.17892156862745098
2bundesliga,2010,tsv1860munique,1505.524586687299,1500.2459875480793,1500.2557166069062,5.27859913921975,0.26960784313725494
2bundesliga,2010,vflbochum,1505.269518439834,1501.0169395085297,1496.0654670753172,4.252578931304242,0.02450980392156863
2bundesliga,2010,vflosnabruck,1506.435511410075,1502.2842790607347,1501.122544649356,4.151232349340262,0.056372549019607844
2bundesliga,2011,1fcunionberlim,1502.3358505314384,1502.9609279660426,1509.6920701131169,-0.6250774346042363,-0.05392156862745098
2bundesliga,2011,alemanniaaachen,1502.168153993444,1503.9499426307123,1505.2272203790837,-1.7817886372681642,0.08823529411764706
2bundesliga,2011,eintrachtbraunschweigtsv,1500.2593220978054,1507.4553818144789,1508.4374824830143,-7.196059716673517,-0.07352941176470588
2bundesliga,2011,fcenergiecottbus,1500.949583657382,1504.457033769114,1502.298007456906,-3.507450111732169,0.08088235294117649
2bundesliga,2011,fcerzgebirgeaue,1500.240762766698,1509.6081770367225,1499.4473369018776,-9.367414270024483,-0.34313725490196084
2bundesliga,2011,fchansarostock,1501.3925107545592,1502.724513627845,1513.2263477535334,-1.3320028732857736,-0.22303921568627455
2bundesliga,2011,fcingolstadt04,1509.2530527187484,1500.6172298093422,1506.8988849844536,8.635822909406215,0.18137254901960786
2bundesliga,2011,fcstpauli,1509.0781294389656,1497.4530777372684,1500.5410439633574,11.625051701697203,0.13725490196078433
2bundesliga,2011,fortunadusseldorf95,1505.5564386912881,1497.9189213904565,1501.7393760111393,7.637517300831632,0.058823529411764705
2bundesliga,2011,fsvfrankfurt,1503.9618910630363,1505.9578921091304,1511.3816404707482,-1.9960010460940794,-0.03186274509803922
2bundesliga,2011,karlsruhersc,1506.4876972978852,1505.6380137927333,1507.3134695366641,0.8496835051519156,0.14460784313725492
2bundesliga,2011,msvduisburg,1499.687176274351,1510.2063980429084,1499.7383403736387,-10.519221768557372,-0.27696078431372556
2bundesliga,2011,scpaderborn07,1508.428813774146,1503.2191348537228,1503.847387679165,5.20967892042313,0.09558823529411767
2bundesliga,2011,sgdynamodresden,1509.1130995453598,1504.6327552318214,1498.5515949948856,4.480344313538353,0.13235294117647062
2bundesliga,2011,sgeintrachtfrankfurt,1507.1479318454979,1500.9679760137303,1502.7264370472394,6.179955831767529,0.18627450980392157
2bundesliga,2011,spvgggreutherfurth,1502.1784730036568,1505.5745188910923,1495.0101996319909,-3.396045887435548,0.019607843137254905
2bundesliga,2011,tsv1860munique,1500.0862827906376,1505.4336221534422,1503.2938680069853,-5.347339362804632,-0.09558823529411767
2bundesliga,2011,vflbochum,1500.5652111920492,1501.8979405980106,1497.5744997964682,-1.332729405961345,-0.02696078431372549
2bundesliga,2012,1fccolonia,1502.1173622586925,1508.1766326579072,1504.4858633047234,-6.059270399214711,-0.23587294783941895
2bundesliga,2012,1fckaiserslautern,1506.4140510592413,1503.3204328416068,1502.3530278415592,3.0936182176344573,0.10565142455307307
2bundesliga,2012,1fcunionberlim,1508.348913406155,1502.8168180336168,1508.6712247040953,5.532095372538151,0.06633926657983659
2bundesliga,2012,eintrachtbraunschweigtsv,1515.2657183102083,1505.1223217936465,1498.9576083646016,10.14339651656178,0.3488954020124739
2bundesliga,2012,fcenergiecottbus,1504.7592077487868,1512.0281842070992,1506.73918530438,-7.268976458312409,-0.3267823131525283
2bundesliga,2012,fcerzgebirgeaue,1505.4644234877107,1507.315880599487,1510.4305931458182,-1.8514571117761989,0.02948411847992737
2bundesliga,2012,fcingolstadt04,1506.5312753835312,1508.6272655110358,1506.2245009240796,-2.0959901275045922,-0.04668318759321834
2bundesliga,2012,fcstpauli,1494.4458926862071,1509.2564772649691,1504.3155391677285,-14.810584578762018,-0.49140197466545615
2bundesliga,2012,fsvfrankfurt,1508.0701689259724,1512.4244815663933,1503.1357141947678,-4.354312640420858,-0.012285049366636405
2bundesliga,2012,herthaberlim,1504.0090949372827,1503.2707020378314,1498.9576083646016,0.7383928994513553,0.14250657265298228
2bundesliga,2012,jahnregensburg,1504.7842581143852,1502.3228396892928,1511.3942373621808,2.461418425092461,0.05640712280330554
2bundesliga,2012,msvduisburg,1506.217509332279,1502.6876907956732,1510.563082153356,3.529818536605717,0.05651122708652746
2bundesliga,2012,scpaderborn07,1499.5187496143576,1505.7545694379107,1506.089487265508,-6.235819823553129,-0.27764211568598274
2bundesliga,2012,sgdynamodresden,1512.1958599175969,1504.1223258886394,1501.1898957036697,8.07353402895751,0.07371029619981843
2bundesliga,2012,svsandhausen,1512.6447618930194,1505.62297899371,1499.9335816150915,7.021782899309528,0.3065604500179649
2bundesliga,2012,tsv1860munique,1499.7878301823991,1504.1223258886394,1507.7318214155966,-4.3344957062402045,0.0049140197466545615
2bundesliga,2012,vflbochum,1511.0678204387566,1503.4332053698492,1507.0294799527646,7.634615068907351,0.3488954020124739
2bundesliga,2012,vfraalen,1501.2758655602877,1502.4936306795619,1514.7163124723481,-1.2177651192741905,-0.14960149960876687
2bundesliga,2013,1fccolonia,1502.4005572983658,1496.5734085684269,1497.3032580296692,5.827148729938926,-0.004901960784313726
2bundesliga,2013,1fckaiserslautern,1493.4912603705402,1496.7989355598577,1504.8702436074227,-3.3076751893174787,-0.16421568627450983
2bundesliga,2013,1fcunionberlim,1496.1738123658847,1503.1369060775612,1502.142501783417,-6.963093711676493,-0.22303921568627455
2bundesliga,2013,arminiabielefeld,1505.7438833115002,1499.7973104367672,1506.4180585662739,5.946572874732965,0.18137254901960786
2bundesliga,2013,fcenergiecottbus,1498.9339690753432,1507.0012109390348,1497.425631098102,-8.067241863691606,-0.11274509803921569
2bundesliga,2013,fcerzgebirgeaue,1494.2123944571772,1507.8000682342956,1506.824614863497,-13.587673777118425,-0.2524509803921569
2bundesliga,2013,fcingolstadt04,1500.6170139863968,1506.658032057354,1499.993408746783,-6.0410180709570795,-0.07107843137254903
2bundesliga,2013,fcstpauli,1501.1600350913925,1509.0378513449443,1490.1470870792311,-7.877816253551828,-0.20098039215686278
2bundesliga,2013,fortunadusseldorf95,1506.4801312104557,1493.521987718642,1496.2943241870591,12.958143491813644,0.2377450980392157
2bundesliga,2013,fsvfrankfurt,1502.2373330917346,1504.2517111001987,1494.0509776594997,-2.014378008464064,-0.022058823529411766
2bundesliga,2013,karlsruhersc,1506.020718205771,1504.0835780086989,1500.2940557027898,1.9371401970720399,0.06127450980392158
2bundesliga,2013,scpaderborn07,1503.262367565011,1496.1466973724193,1506.2339051329393,7.115670192591551,0.15441176470588236
2bundesliga,2013,sgdynamodresden,1507.0390196677129,1498.3170512255865,1502.1816360130142,8.721968442126354,0.27696078431372556
2bundesliga,2013,spvgggreutherfurth,1505.1186314237602,1494.9488973176124,1491.721424649883,10.169734106147871,0.13235294117647062
2bundesliga,2013,svsandhausen,1497.5916995885518,1509.6297980384186,1508.5306847130014,-12.038098449866766,-0.24509803921568632
2bundesliga,2013,tsv1860munique,1503.8318328705461,1495.6430535079742,1500.232274151467,8.18877936257195,0.13970588235294118
2bundesliga,2013,vflbochum,1501.0216162656461,1498.1987174992057,1509.8737830314947,2.822898766440403,0.2034313725490196
2bundesliga,2013,vfraalen,1496.4263553066792,1500.2174161454707,1507.2247621369243,-3.791060838791509,-0.09068627450980393
2bundesliga,2014,1fcheidenheim1846,1508.6938036418003,1505.3035816521751,1503.6308214293715,3.390221989625161,0.22685473301329404
2bundesliga,2014,1fckaiserslautern,1510.7480107590725,1504.8917915559196,1495.4233537120867,5.856219203152932,0.14742059239963687
2bundesliga,2014,1fcnuremberg,1505.6180101659907,1502.6035281670927,1506.964887446378,3.0144819988979634,-0.08353833569312755
2bundesliga,2014,1fcunionberlim,1502.6769844727955,1506.9273809219956,1509.7552625137703,-4.250396449200025,0.027027108606600087
2bundesliga,2014,eintrachtbraunschweigtsv,1508.160661575763,1501.2370758787902,1500.9267659889558,6.92358569697285,0.13759255290632771
2bundesliga,2014,fcerzgebirgeaue,1505.9199150400002,1508.6830438359063,1507.3751408518112,-2.763128795906141,-0.03439813822658193
2bundesliga,2014,fcingolstadt04,1504.570341079698,1505.6406686358016,1506.9629756794673,-1.0703275561036207,0.0024570098733272807
2bundesliga,2014,fcstpauli,1507.2876206922053,1504.6260338961683,1505.3691541490623,2.6615867960369997,0.022113088859945527
2bundesliga,2014,fortunadusseldorf95,1502.8623991682873,1502.720852861021,1504.9827335155242,0.14154630726625328,0.11793647391970948
2bundesliga,2014,fsvfrankfurt,1505.2751300017198,1504.716167138533,1510.2119658432493,0.5589628631869346,-0.11056544429972763
2bundesliga,2014,karlsruhersc,1503.1443796913272,1509.3147912643244,1503.7519206202974,-6.170411572997182,-0.2530720169527099
2bundesliga,2014,rbleipzig,1502.5690899820283,1507.3187745618945,1507.557142823995,-4.749684579866198,-0.15695895040919802
2bundesliga,2014,spvgggreutherfurth,1500.0682169676793,1506.9735583473164,1498.9311339030492,-6.905341379637093,-0.08845235543978211
2bundesliga,2014,svdarmstadt98,1499.2724649718336,1512.219513341836,1505.507507346981,-12.947048370002449,-0.37155126542177347
2bundesliga,2014,svsandhausen,1509.5998068483784,1502.3549991501925,1511.9058210289209,7.244807698185923,0.2407869675860735
2bundesliga,2014,tsv1860munique,1507.7110960329433,1504.0732645208982,1503.7419446586034,3.637831512045068,0.03931215797323649
2bundesliga,2014,vflbochum,1510.5778853845275,1504.848612302815,1508.4046805080914,5.729273081712563,0.18427574049954606
2bundesliga,2014,vfraalen,1504.851111328446,1505.1532897718168,1508.203715784881,-0.302178443370849,-0.04668318759321834
2bundesliga,2015,1fcheidenheim1846,1498.6946650112825,1503.3912732050796,1506.0591063151862,-4.696608193797147,-0.232843137254902
2bundesliga,2015,1fckaiserslautern,1503.094074460186,1493.7644465065257,1504.0686758554502,9.329627953660292,0.46323529411764713
2bundesliga,2015,1fcnuremberg,1495.4163490744272,1506.3527296756856,1506.9003967194892,-10.936380601258406,-0.1985294117647059
2bundesliga,2015,1fcunionberlim,1502.6112577505867,1501.6248157635273,1502.8530976338707,0.9864419870593792,0.08088235294117649
2bundesliga,2015,arminiabielefeld,1498.9300257582074,1506.2090757976366,1510.3883707000853,-7.279050039429194,-0.3651960784313726
2bundesliga,2015,eintrachtbraunschweigtsv,1505.7004131085407,1498.0406963635387,1503.1530275493153,7.659716745002015,0.08823529411764706
2bundesliga,2015,fcstpauli,1504.745643467907,1506.8766105833847,1500.65209253265,-2.130967115477688,-0.06127450980392158
2bundesliga,2015,fortunadusseldorf95,1507.4464798860297,1498.4602917051386,1504.327896862605,8.986188180891077,0.29901960784313725
2bundesliga,2015,fsvfrankfurt,1503.6873818575032,1506.8766105833847,1503.0219049934267,-3.1892287258815486,0.08823529411764706
2bundesliga,2015,karlsruhersc,1500.4203869382143,1503.503961540885,1496.0375261683287,-3.083574602670751,-0.002450980392156863
2bundesliga,2015,msvduisburg,1505.626416726018,1500.930896719948,1501.9848355702932,4.695520006070183,-0.06862745098039216
2bundesliga,2015,rbleipzig,1499.2774573770018,1505.7676959465007,1501.0398784908887,-6.4902385694988425,-0.14705882352941177
2bundesliga,2015,scfreiburg,1498.182769611925,1507.76999519571,1499.9477839270041,-9.587225583784857,-0.38480392156862747
2bundesliga,2015,scpaderborn07,1502.5789904793703,1502.2250515482694,1495.8739569954605,0.3539389311008563,-0.04656862745098039
2bundesliga,2015,spvgggreutherfurth,1507.9290557662105,1503.4550799702986,1499.0914921380643,4.473975795911883,0.15441176470588236
2bundesliga,2015,svsandhausen,1506.5503306817518,1497.9652389798728,1507.2149663886319,8.585091701879037,0.21813725490196081
2bundesliga,2015,tsv1860munique,1506.3229312308931,1505.0428985796323,1501.7524138991505,1.2800326512608535,0.16421568627450983
2bundesliga,2015,vflbochum,1503.2516845276668,1502.208945048703,1506.098890973821,1.0427394789637674,-0.04901960784313726
2bundesliga,2016,1fcheidenheim1846,1496.7791447734335,1497.4753227265244,1501.772529934605,-0.6961779530909098,-0.05651122708652746
2bundesliga,2016,1fckaiserslautern,1491.3752365588196,1503.0561064307776,1499.4201565564515,-11.680869871958066,-0.4054066290990013
2bundesliga,2016,1fcnuremberg,1499.3134174520158,1496.8610990070385,1488.266149135884,2.452318444977209,0.04668318759321834
2bundesliga,2016,1fcunionberlim,1498.3514511441267,1498.7706794737562,1494.402743160468,-0.4192283296295045,0.11056544429972763
2bundesliga,2016,arminiabielefeld,1500.305564318405,1497.0946026128795,1499.8627318728243,3.2109617055255057,0.20638882935949157
2bundesliga,2016,eintrachtbraunschweigtsv,1496.224005206109,1496.2584695553921,1503.2337462408948,-0.03446434928309827,-0.07862431594647298
2bundesliga,2016,fcerzgebirgeaue,1496.4117296530537,1505.0463949820942,1497.6870534078348,-8.634665329040445,-0.07125328632649114
2bundesliga,2016,fcstpauli,1499.6766866488397,1497.5717141986922,1497.570732385778,2.104972450147443,-0.09336637518643667
2bundesliga,2016,fortunadusseldorf95,1498.8191432687352,1503.872529136591,1499.591587993572,-5.053385867855923,-0.09090936531310939
2bundesliga,2016,hannover96,1505.7578798656425,1499.755724731419,1490.408745172836,6.002155134223585,0.24402211821430006
2bundesliga,2016,karlsruhersc,1500.3594509863512,1496.1822247382397,1494.8887371489645,4.177226248111538,0.08845235543978211
2bundesliga,2016,sgdynamodresden,1505.2119923860048,1493.7740437259718,1501.825877496344,11.437948660033044,0.3267823131525283
2bundesliga,2016,spvgggreutherfurth,1495.316131130192,1507.099960421501,1494.722547940297,-11.783829291309075,-0.5503702116253109
2bundesliga,2016,svsandhausen,1493.9613144461255,1504.5134859989469,1502.8184011711562,-10.552171552821392,-0.35380942175912844
2bundesliga,2016,tsv1860munique,1504.4644403923658,1493.17167192202,1506.152556138533,11.292768470345663,0.14250657265298228
2bundesliga,2016,vfbstuttgart,1492.2353562681405,1502.4124118420793,1501.0330646496177,-10.177055573938787,-0.1459227742085513
2bundesliga,2016,vflbochum,1503.3398978621422,1487.561219355933,1504.1391813140153,15.77867850620919,0.375922510619074
2bundesliga,2016,wurzburgerkickers,1499.5479437396425,1496.973125240289,1499.6542443800688,2.5748184993535688,0.3041079664178212
2bundesliga,2017,1fcheidenheim1846,1505.8026816320482,1501.6124673101351,1498.2498258687883,4.190214321913118,0.11519607843137256
2bundesliga,2017,1fckaiserslautern,1504.563681149664,1502.377163451855,1499.3591698081466,2.186517697808995,-0.03921568627450981
2bundesliga,2017,1fcnuremberg,1499.1320914078715,1502.7911590240012,1503.9800298391833,-3.6590676161297324,-0.08333333333333334
2bundesliga,2017,1fcunionberlim,1496.0962782568583,1499.6331226989641,1501.0097019643608,-3.536844442105803,-0.13235294117647062
2bundesliga,2017,arminiabielefeld,1497.9506741817945,1504.2784717672969,1504.6166240486818,-6.327797585502367,-0.04166666666666667
2bundesliga,2017,eintrachtbraunschweigtsv,1492.9097687591047,1503.8780852167847,1496.016329132997,-10.968316457679975,-0.4558823529411765
2bundesliga,2017,fcerzgebirgeaue,1502.570391909333,1499.013467166243,1506.7366442423518,3.5569247430901214,-0.056372549019607844
2bundesliga,2017,fcingolstadt04,1498.7780128089335,1502.4520791983298,1496.939814373466,-3.67406638939633,-0.14950980392156862
2bundesliga,2017,fcstpauli,1505.0795763325127,1499.2737920983016,1497.0990677756513,5.80578423421116,0.49754901960784315
2bundesliga,2017,fortunadusseldorf95,1502.574546211739,1499.7045879080408,1506.8994283377397,2.8699583036982403,-0.18872549019607845
2bundesliga,2017,holsteinkiel,1493.8682611771937,1504.5159999666096,1505.8158142710815,-10.647738789415826,-0.32598039215686275
2bundesliga,2017,jahnregensburg,1504.0554289230574,1504.2626940272637,1501.4411368117544,-0.20726510420627164,-0.06617647058823531
2bundesliga,2017,msvduisburg,1505.7859336463305,1502.7251269889011,1499.080103093653,3.060806657429339,0.27450980392156865
2bundesliga,2017,sgdynamodresden,1497.607400331374,1504.4862694833962,1502.0052602452886,-6.878869152022162,-0.14950980392156862
2bundesliga,2017,spvgggreutherfurth,1508.314585434911,1498.806449470602,1499.2669593684286,9.508135964308849,0.2132352941176471
2bundesliga,2017,svdarmstadt98,1496.6294905437637,1501.5094305921723,1501.1484240519267,-4.879940048408571,0.14705882352941177
2bundesliga,2017,svsandhausen,1506.8649882542384,1497.8976211837962,1504.075952513147,8.967367070442151,0.2132352941176471
2bundesliga,2017,vflbochum,1506.7746238044426,1500.6969353280092,1496.6473928924904,6.077688476433423,0.24264705882352944
2bundesliga,2018,1fccolonia,1497.9694258969453,1497.9265583126398,1495.0564291949981,0.04286758430544069,0.0576333646033774
2bundesliga,2018,1fcheidenheim1846,1506.3494334489742,1496.6808316447914,1495.67847624538,9.6686018041828,0.288166823016887
2bundesliga,2018,1fcunionberlim,1495.6739403042595,1499.0893755440381,1498.3622690446855,-3.415435239778617,-0.14714901600862315
2bundesliga,2018,arminiabielefeld,1498.7847635797116,1501.086710345604,1494.8661048417625,-2.301946765892353,-0.07112202440416784
2bundesliga,2018,fcerzgebirgeaue,1500.7892155008137,1499.4752011986266,1500.3446874814813,1.3140143021871609,0.13120787260768896
2bundesliga,2018,fcingolstadt04,1496.3261233570936,1500.453192383713,1498.7685962474177,-4.127069026619438,-0.08093195880474273
2bundesliga,2018,fcstpauli,1501.9181327142098,1496.5047308470723,1499.214099629241,5.413401867137509,0.15328022500898245
2bundesliga,2018,hamburgersv,1498.3979925412784,1499.5278291903508,1497.8121456031674,-1.129836649072331,-0.002450980392156863
2bundesliga,2018,holsteinkiel,1500.037904427355,1497.7025409884789,1491.4710980994785,2.3353634388761293,0.08215820060481459
2bundesliga,2018,jahnregensburg,1499.638908259729,1498.788648469914,1498.0698361516368,0.850259789815027,0.02575107780150905
2bundesliga,2018,magdeburgo,1493.2083782992568,1497.4922755972375,1505.222363764949,-4.2838972979807295,-0.37254901960784315
2bundesliga,2018,msvduisburg,1499.381622945689,1497.347944698102,1498.6341647933689,2.033678247586977,-0.002452483600143719
2bundesliga,2018,scpaderborn07,1499.455152579183,1497.0507587671154,1503.9535376015972,2.4043938120676103,0.1765788192103478
2bundesliga,2018,sgdynamodresden,1499.0999659462439,1500.8243574970104,1499.8262281107432,-1.7243915507665406,0.039239737602299506
2bundesliga,2018,spvgggreutherfurth,1497.2216451813895,1499.7179076269585,1501.3616298752495,-2.496262445569073,-0.148375257808695
2bundesliga,2018,svdarmstadt98,1493.9522275780034,1502.6171777445124,1496.659472297137,-8.664950166509016,-0.3126916590183242
2bundesliga,2018,svsandhausen,1499.5448151133205,1497.5428953826595,1502.8140965286975,2.0019197306610295,0.13243411440776084
2bundesliga,2018,vflbochum,1498.5730872631,1498.086853748113,1496.4696211887856,0.4862335149869068,0.05272839740308996
2bundesliga,2022,1fcheidenheim1846,1505.3978199464984,1497.9823865845399,1502.4149973722115,7.415433361958549,0.16911764705882354
2bundesliga,2022,1fckaiserslautern,1503.055229614039,1502.5434213182461,1508.5079986686737,0.5118082957928891,-0.06372549019607844
2bundesliga,2022,1fcnuremberg,1499.7320367742345,1503.0472991302368,1501.3711557873512,-3.315262356002222,-0.08823529411764706
2bundesliga,2022,arminiabielefeld,1505.4264276031572,1500.8096540804927,1500.059944342445,4.616773522664516,0.20833333333333337
2bundesliga,2022,eintrachtbraunschweigtsv,1509.4743215332135,1497.8184270872673,1503.567804873633,11.65589444594616,0.3921568627450981
2bundesliga,2022,fchansarostock,1507.7250074276278,1500.607286662773,1503.184864394259,7.1177207648547665,0.14705882352941177
2bundesliga,2022,fcstpauli,1502.2561029752205,1505.5287831784863,1503.7797298054102,-3.272680203265736,0.10049019607843139
2bundesliga,2022,fortunadusseldorf95,1501.6829834129794,1506.5536310101272,1495.9600102729864,-4.8706475971478085,-0.12990196078431374
2bundesliga,2022,hamburgersv,1508.0980564271822,1499.9633265291793,1499.3567832187211,8.134729898002888,0.232843137254902
2bundesliga,2022,hannover96,1496.0400325548705,1504.0301420562312,1502.1858539470484,-7.990109501360621,-0.34558823529411764
2bundesliga,2022,holsteinkiel,1499.480966197654,1508.7164495209365,1499.479987151191,-9.235483323282551,-0.41421568627450983
2bundesliga,2022,jahnregensburg,1505.152450004611,1498.5662756016898,1504.3735531639934,6.586174402921188,0.30147058823529416
2bundesliga,2022,karlsruhersc,1503.8440088071316,1511.0033778895577,1501.3535426970855,-7.15936908242611,-0.13480392156862747
2bundesliga,2022,magdeburgo,1500.0894432181412,1505.586394858222,1511.3121420516807,-5.496951640080852,-0.22303921568627455
2bundesliga,2022,scpaderborn07,1495.9990280880354,1500.7935965523295,1507.9034128299013,-4.794568464294116,-0.303921568627451
2bundesliga,2022,spvgggreutherfurth,1501.7860561967093,1505.7349541506876,1505.7018428699455,-3.948897953978303,0.007352941176470588
2bundesliga,2022,svdarmstadt98,1509.8988927258688,1504.2152462490897,1494.2522264943634,5.683646476779131,0.12745098039215688
2bundesliga,2022,svsandhausen,1500.367606449905,1502.0058174969854,1510.7406200161793,-1.6382110470804037,0.01715686274509804
2bundesliga,2023,1fckaiserslautern,1513.241644717614,1502.0139393389227,1501.6372330038998,11.227705378691326,0.27099943781588093
2bundesliga,2023,1fcnuremberg,1495.51717989615,1511.206481536723,1507.3801296153981,-15.689301640572921,-0.6327407688370795
2bundesliga,2023,eintrachtbraunschweigtsv,1508.4033790861986,1506.6183870175594,1504.102740579492,1.7849920686392124,0.17044761020998847
2bundesliga,2023,fchansarostock,1501.841077165062,1504.0565902062392,1510.7699510885577,-2.215513041177246,-0.15695895040919802
2bundesliga,2023,fcstpauli,1499.052516031205,1505.0084340337573,1499.4089464447336,-5.95591800255238,-0.2244022494131503
2bundesliga,2023,fortunadusseldorf95,1506.044828537836,1494.5715669878646,1504.1666517828621,11.47326154997154,0.4267321464250072
2bundesliga,2023,hamburgersv,1499.1683764336615,1502.0916480460555,1500.4776084466578,-2.9232716123940463,0.0453709466026588
2bundesliga,2023,hannover96,1501.918212734926,1504.9850182702912,1506.3017573072757,-3.06680553536512,-0.19374620441135382
2bundesliga,2023,herthaberlim,1510.273653859707,1498.1986614782902,1501.9383652236959,12.074992381416905,0.2501533272146593
2bundesliga,2023,holsteinkiel,1499.1688089344054,1509.1447669808915,1503.9270750117864,-9.975958046486085,-0.23421218381372516
2bundesliga,2023,karlsruhersc,1506.257630997151,1500.99381539105,1507.3255474304437,5.263815606100934,-0.04291846300251508
2bundesliga,2023,magdeburgo,1503.5379399626363,1504.7993651602612,1507.2488064833567,-1.2614251976249307,0.12630290540740155
2bundesliga,2023,schalke04,1506.8294249888595,1505.7400447395357,1500.1519633670177,1.0893802493237672,0.11764705882352941
2bundesliga,2023,scpaderborn07,1502.0980611143898,1502.9354743168954,1502.699745520772,-0.8374132025055587,-0.14960149960876687
2bundesliga,2023,spvgggreutherfurth,1510.3485911419505,1499.4457240997917,1506.3605823280043,10.902867042158732,0.43041087182522264
2bundesliga,2023,sv07elversberg,1499.4945774270184,1506.0343494179845,1507.1657512796417,-6.539771990966074,-0.13725490196078433
2bundesliga,2023,svwehenwiesbaden,1504.214355742,1507.691346656111,1501.0899828107104,-3.4769909141109565,0.05640712280330554
2bundesliga,2023,vflosnabruck,1505.4276456237676,1507.302290716313,1500.6850666702323,-1.8746450925455065,-0.12262418000718595
2bundesliga,2024,1fccolonia,1514.4250220732274,1510.2796843179656,1489.1628979419127,4.145337755261835,0.23175970021358147
2bundesliga,2024,1fckaiserslautern,1509.127549047396,1508.3091061305947,1507.3118015184418,0.8184429168013594,-0.09809934400574877
2bundesliga,2024,1fcnuremberg,1508.8940748964053,1507.737603540533,1508.3928639142832,1.156471355872327,0.08951565140524576
2bundesliga,2024,eintrachtbraunschweigtsv,1513.0268129764363,1505.6319381324256,1506.811870307012,7.394874844010701,0.16799512660984478
2bundesliga,2024,fortunadusseldorf95,1511.7077697339162,1492.4155551796678,1502.2828202409726,19.292214554248403,0.6572656048385167
2bundesliga,2024,hamburgersv,1500.8033781343665,1502.9551393438362,1506.6441820806263,-2.1517612094696688,0.007357450800431158
2bundesliga,2024,hannover96,1501.4885169500458,1502.4271727564726,1510.808099795292,-0.9386558064268229,-0.15573270860912616
2bundesliga,2024,herthaberlim,1505.0728595726612,1501.3463496820423,1511.0286814819976,3.7265098906188996,-0.003678725400215579
2bundesliga,2024,jahnregensburg,1509.8500548242891,1504.9081642829178,1511.8587838703381,4.941890541371322,0.039239737602299506
2bundesliga,2024,karlsruhersc,1505.4902202194723,1506.8990904498178,1499.2501194357121,-1.4088702303454284,-0.1459227742085513
2bundesliga,2024,magdeburgo,1506.0134347007966,1517.1806316060076,1500.857660751837,-11.167196905211085,-0.3274065606191865
2bundesliga,2024,preuenmunster,1501.603376199502,1502.8627578976577,1514.9245702830317,-1.259381698155721,-0.06862745098039216
2bundesliga,2024,schalke04,1504.664869231923,1512.1265297707441,1502.425927286142,-7.4616605388212065,-0.27958313041638394
2bundesliga,2024,scpaderborn07,1504.849771911089,1501.790057997289,1507.8643886176933,3.0597139137998965,0.2611895034153061
2bundesliga,2024,spvgggreutherfurth,1495.5316542391506,1514.20245668598,1508.0380230597875,-18.670802446829384,-0.4475782570262288
2bundesliga,2024,ssvulm1846,1504.6295625002351,1509.2009368990014,1504.9840068899234,-4.571374398766238,-0.26470588235294124
2bundesliga,2024,sv07elversberg,1506.3731891896125,1503.8236591122823,1512.7492977470947,2.549530077330246,0.23175970021358147
2bundesliga,2024,svdarmstadt98,1504.5281366393574,1503.983419254647,1502.6842578177843,0.5447173847103386,0.10545679480617992
bundesliga,2004,1fckaiserslautern,1500.0,1500.0,1500.0,0.0,
bundesliga,2004,1fcnuremberg,1500.0,1500.0,1500.0,0.0,
bundesliga,2004,1fsvmainz05,1500.0,1500.0,1500.0,0.0,
bundesliga,2004,arminiabielefeld,1500.0,1500.0,1500.0,0.0,
bundesliga,2004,bayer04leverkusen,1500.0,1500.0,1500.0,0.0,
bundesliga,2004,borussiadortmund,1500.0,1500.0,1500.0,0.0,
bundesliga,2004,borussiamonchengladbach,1500.0,1500.0,1500.0,0.0,
bundesliga,2004,fcbayernmunique,1500.0,1500.0,1500.0,0.0,
bundesliga,2004,fchansarostock,1500.0,1500.0,1500.0,0.0,
bundesliga,2004,hamburgersv,1500.0,1500.0,1500.0,0.0,
bundesliga,2004,hannover96,1500.0,1500.0,1500.0,0.0,
bundesliga,2004,herthaberlim,1500.0,1500.0,1500.0,0.0,
bundesliga,2004,scfreiburg,1500.0,1500.0,1500.0,0.0,
bundesliga,2004,schalke04,1500.0,1500.0,1500.0,0.0,
bundesliga,2004,vfbstuttgart,1500.0,1500.0,1500.0,0.0,
bundesliga,2004,vflbochum,1500.0,1500.0,1500.0,0.0,
bundesliga,2004,vflwolfsburg,1500.0,1500.0,1500.0,0.0,
bundesliga,2004,werderbremen,1500.0,1500.0,1500.0,0.0,
bundesliga,2005,1fccolonia,1513.3072330612383,1514.333354467946,1503.7182630331563,-1.0261214067077162,-0.030656045001796486
bundesliga,2005,1fckaiserslautern,1510.0169472047264,1513.347215107128,1512.0922283459927,-3.3302679024016015,0.05896823695985474
bundesliga,2005,1fcnuremberg,1509.9097226680294,1511.0381100733948,1516.7473233580363,-1.1283874053654017,-0.0761673060731457
bundesliga,2005,1fsvmainz05,1506.783256283094,1513.4847707058243,1513.512570868316,-6.70151442273027,-0.12039348379303676
bundesliga,2005,arminiabielefeld,1507.3237222521757,1515.3217207762307,1514.5628356591567,-7.997998524054992,-0.02457009873327281
bundesliga,2005,bayer04leverkusen,1511.3998295799856,1500.9196828458043,1513.5571786873973,10.48014673418129,0.2923841749259464
bundesliga,2005,borussiadortmund,1499.8293909928186,1506.0885802012547,1518.4126602209274,-6.259189208436055,-0.03685514809990922
bundesliga,2005,borussiamonchengladbach,1515.2887016203233,1506.2358075449874,1515.467715409805,9.052894075335871,0.21130284910614613
bundesliga,2005,fcbayernmunique,1503.7039105473639,1505.6529730811253,1504.1607161730046,-1.9490625337614347,-0.06633926657983659
bundesliga,2005,hamburgersv,1507.8751494249266,1522.5085278817958,1499.845243121992,-14.633378456869195,-0.5552842313719655
bundesliga,2005,hannover96,1513.5424667978225,1506.302714759843,1514.7574715130684,7.239752037979542,0.11547946404638221
bundesliga,2005,herthaberlim,1512.1469029347825,1501.2732641142945,1510.6820859996603,10.87363882048794,0.1670766713862551
bundesliga,2005,msvduisburg,1513.535588150318,1510.18718521609,1508.0130016733738,3.3484029342280337,0.1030043112060362
bundesliga,2005,schalke04,1511.2984078835652,1505.2399260229204,1508.4359572820044,6.058481860644861,0.009828039493309123
bundesliga,2005,sgeintrachtfrankfurt,1518.6060264962014,1511.7700778512308,1501.215771361882,6.8359486449705855,0.2611895034153061
bundesliga,2005,vfbstuttgart,1506.1987770152516,1513.6620231248255,1506.697987460311,-7.463246109573902,-0.19410377999285516
bundesliga,2005,vflwolfsburg,1517.8519173276147,1510.3402477272268,1505.41758834956,7.511669600387904,0.23095892809276442
bundesliga,2005,werderbremen,1501.0224050866077,1511.9341738249225,1512.343756809201,-10.911768738314777,-0.28501314530596455
bundesliga,2006,1fcnuremberg,1512.1788559405343,1513.4918501421678,1517.6883531587198,-1.3129942016335008,-0.13366035620783268
bundesliga,2006,1fsvmainz05,1504.1435892179236,1521.7893173624007,1518.839363008218,-17.64572814447706,-0.3004292410176056
bundesliga,2006,alemanniaaachen,1512.7798025525592,1504.6745438916369,1526.713131912887,8.105258660922345,0.11519607843137256
bundesliga,2006,arminiabielefeld,1516.6295007318672,1512.182794255551,1522.921465932884,4.446706476316194,0.013488659800790455
bundesliga,2006,bayer04leverkusen,1506.9910611577036,1516.8068836420425,1510.966348055899,-9.815822484338923,-0.0846106842049583
bundesliga,2006,borussiadortmund,1506.0663958197792,1505.3329851931403,1528.1224203740176,0.7334106266389426,0.0760269916044553
bundesliga,2006,borussiamonchengladbach,1512.1088201475832,1523.599384075628,1509.9797761924217,-11.490563928044821,-0.1066830366062518
bundesliga,2006,fcbayernmunique,1503.960588601821,1514.2632357625218,1503.6720704343193,-10.302647160700872,-0.148375257808695
bundesliga,2006,fcenergiecottbus,1506.407779398832,1519.7754528486678,1516.6114362043988,-13.36767344983582,-0.25980392156862747
bundesliga,2006,hamburgersv,1510.87327914074,1507.5362376045998,1514.3859891051218,3.3370415361400774,0.011036176200646737
bundesliga,2006,hannover96,1530.3501499241268,1512.1159681584222,1504.7500364917466,18.234181765704534,0.3114654172182523
bundesliga,2006,herthaberlim,1510.4724121707854,1513.8687596256386,1514.4240977229872,-3.396347454853185,-0.03556101220208392
bundesliga,2006,schalke04,1521.5104687600824,1511.4669755904436,1498.913126591459,10.04349316963885,0.1508277414088387
bundesliga,2006,sgeintrachtfrankfurt,1518.7469603219097,1517.5630157722187,1512.3541766489477,1.1839445496909775,-0.014714901600862315
bundesliga,2006,vfbstuttgart,1517.664729413941,1516.739004559504,1507.4060420931671,0.925724854436794,0.06008584820352112
bundesliga,2006,vflbochum,1514.5871222556582,1517.3553808619765,1515.3432201135302,-2.7682586063183408,-0.040465979402371365
bundesliga,2006,vflwolfsburg,1519.616236570877,1516.7650811341448,1513.8054500600497,2.8511554367321423,-0.04659718840273066
bundesliga,2006,werderbremen,1520.1706507830522,1499.9315324290703,1508.3618988090018,20.239118353981894,0.4328633554253664
bundesliga,2007,1fcnuremberg,1513.014442504673,1518.1181656301844,1514.43435164538,-5.103723125511351,0.02450980392156863
bundesliga,2007,arminiabielefeld,1506.0496302193117,1534.8955948974442,1508.9467080397242,-28.845964678132532,-0.625
bundesliga,2007,bayer04leverkusen,1525.3279275286752,1510.1872938598733,1507.6383110535833,15.140633668801911,0.25000000000000006
bundesliga,2007,borussiadortmund,1522.4011481538773,1514.4018816902262,1510.9811640085,7.999266463651111,0.004901960784313726
bundesliga,2007,fcbayernmunique,1520.4622817601512,1501.6379439404834,1513.5407673623426,18.82433781966779,0.3382352941176471
bundesliga,2007,fcenergiecottbus,1509.7854439019839,1521.827024553442,1518.1903455765596,-12.041580651458162,0.11274509803921569
bundesliga,2007,fchansarostock,1514.071400262865,1519.990995784773,1518.8619723890595,-5.91959552190815,-0.1519607843137255
bundesliga,2007,hamburgersv,1509.5801468746067,1512.3582778564025,1519.5849466681889,-2.7781309817958117,0.07107843137254903
bundesliga,2007,hannover96,1513.6292204966696,1512.1036805014191,1524.8124552916233,1.5255399952504831,0.16421568627450983
bundesliga,2007,herthaberlim,1511.3202552486548,1525.2673734130933,1512.3504342176027,-13.947118164438507,-0.39460784313725494
bundesliga,2007,karlsruhersc,1517.9777293764482,1515.1380524265041,1515.5021798695605,2.839676949944078,0.08088235294117649
bundesliga,2007,msvduisburg,1518.4677623826988,1523.1633515062447,1513.3136126640115,-4.695589123545915,-0.17647058823529413
bundesliga,2007,schalke04,1515.3513410454375,1501.677331988399,1517.4205496498164,13.674009057038575,0.08333333333333334
bundesliga,2007,sgeintrachtfrankfurt,1510.1601849816404,1518.1132445949768,1523.7639608995878,-7.953059613336336,-0.06372549019607844
bundesliga,2007,vfbstuttgart,1514.4732512422854,1504.93348116154,1513.879472305491,9.539770080745484,0.1593137254901961
bundesliga,2007,vflbochum,1527.4532616216745,1510.7228078341138,1509.9372481546359,16.73045378756069,0.35784313725490197
bundesliga,2007,vflwolfsburg,1510.9179725804936,1523.9735458937382,1519.2600296212734,-13.055573313244622,-0.31617647058823534
bundesliga,2007,werderbremen,1514.5244152299272,1508.7163100084338,1510.0854418541676,5.808105221493406,0.08088235294117649
bundesliga,2008,1fccolonia,1515.535923637506,1516.7569929103772,1521.9607410675367,-1.2210692728713184,-0.10784313725490197
bundesliga,2008,arminiabielefeld,1528.1660380451838,1518.2414687886196,1509.224710567852,9.924569256564155,0.056372549019607844
bundesliga,2008,bayer04leverkusen,1515.6841327586556,1515.40539892588,1516.355087695216,0.2787338327755151,0.21813725490196081
bundesliga,2008,borussiadortmund,1530.6511236638898,1506.1929003250882,1515.7670278352505,24.458223338801645,0.5220588235294118
bundesliga,2008,borussiamonchengladbach,1514.8956565713524,1515.6186001814413,1529.808506104774,-0.7229436100888051,0.22794117647058826
bundesliga,2008,fcbayernmunique,1507.152296932075,1504.8758025857603,1515.486001934777,2.276494346314621,0.029411764705882353
bundesliga,2008,fcenergiecottbus,1514.4084818690885,1517.6277487863827,1521.2841716391727,-3.219266917294135,-0.07107843137254903
bundesliga,2008,hamburgersv,1518.358671666033,1510.1538114052437,1515.5004960302156,8.204860260789246,0.04656862745098039
bundesliga,2008,hannover96,1529.3958341218452,1516.0004393019265,1501.7119529401518,13.395394819918693,0.28921568627450983
bundesliga,2008,herthaberlim,1518.536967746208,1517.9425350486572,1513.2613751912838,0.594432697550701,-0.08578431372549021
bundesliga,2008,karlsruhersc,1518.8363540778694,1521.8141070321883,1512.117433388131,-2.9777529543189303,-0.058823529411764705
bundesliga,2008,schalke04,1505.3768432442942,1508.5669406337486,1519.3970272300853,-3.1900973894544222,0.03921568627450981
bundesliga,2008,sgeintrachtfrankfurt,1510.866077154041,1516.868712783216,1523.142774634089,-6.002635629175074,-0.1985294117647059
bundesliga,2008,tsg1899hoffenheim,1507.4451370903735,1526.0234678765219,1515.5424440922332,-18.5783307861484,-0.24754901960784317
bundesliga,2008,vfbstuttgart,1503.649731681266,1523.8311858514508,1513.9536483905495,-20.18145417018468,-0.2377450980392157
bundesliga,2008,vflbochum,1516.0530561621008,1519.4608881668773,1515.7192038029323,-3.4078320047765374,0.014705882352941176
bundesliga,2008,vflwolfsburg,1511.4701295085397,1521.0247665250542,1510.8515790506863,-9.554637016514562,-0.26715686274509803
bundesliga,2008,werderbremen,1516.0900478331469,1506.166736635035,1511.4883221685325,9.923311198111833,-0.08823529411764706
bundesliga,2009,1fccolonia,1528.7739619241481,1511.321328474357,1518.85844008859,17.452633449791165,0.45833333333333337
bundesliga,2009,1fcnuremberg,1518.5013750940468,1525.2616328871643,1512.3509650492967,-6.760257793117489,-0.11519607843137256
bundesliga,2009,1fsvmainz05,1514.3896317670778,1517.2760720504248,1524.4289546973102,-2.8864402833469285,-0.16421568627450983
bundesliga,2009,bayer04leverkusen,1513.3879263468664,1521.404081488291,1516.5256670579054,-8.016155141424633,-0.13725490196078433
bundesliga,2009,borussiadortmund,1515.0970227576786,1505.96871589077,1522.0929694321349,9.128306866908588,0.004901960784313726
bundesliga,2009,borussiamonchengladbach,1514.852406468276,1529.6311943548515,1516.8470068889949,-14.778787886575401,-0.2034313725490196
bundesliga,2009,fcbayernmunique,1517.1480522612153,1499.8776181173305,1516.7969395214204,17.270434143884813,0.26470588235294124
bundesliga,2009,hamburgersv,1525.2195113754476,1506.2984421694562,1512.9924600762322,18.921069205991444,0.2303921568627451
bundesliga,2009,hannover96,1517.378372950598,1519.8282482645861,1515.6770362720788,-2.449875313988059,0.2132352941176471
bundesliga,2009,herthaberlim,1507.7997674162427,1527.9242420382568,1506.3597809816165,-20.124474622014077,-0.44117647058823534
bundesliga,2009,scfreiburg,1522.2809480177552,1516.628224596405,1519.5172069446453,5.652723421350174,0.06862745098039216
bundesliga,2009,schalke04,1513.7098596593714,1529.809188995869,1501.3223432093662,-16.099329336497476,-0.16666666666666669
bundesliga,2009,sgeintrachtfrankfurt,1521.3122767934672,1528.9906359035458,1509.1463422565123,-7.678359110078645,-0.14705882352941177
bundesliga,2009,tsg1899hoffenheim,1505.2777082662142,1513.047822877327,1529.2309097073178,-7.770114611112831,-0.007352941176470588
bundesliga,2009,vfbstuttgart,1521.69695906304,1505.5777326857205,1510.9572660832628,16.119226377319364,0.14705882352941177
bundesliga,2009,vflbochum,1514.2887887872764,1522.2827815599228,1522.1954476782105,-7.993992772646379,-0.16176470588235298
bundesliga,2009,vflwolfsburg,1517.3068011521764,1498.7064391614765,1520.781974158438,18.600361990699867,0.303921568627451
bundesliga,2009,werderbremen,1508.9965014471336,1517.5834700322769,1521.3361614446992,-8.586968585143268,-0.14705882352941177
bundesliga,2010,1fccolonia,1513.610575725019,1513.515517560939,1534.4806581921264,0.095058164080001,-0.07107843137254903
bundesliga,2010,1fckaiserslautern,1510.564495255735,1514.9247709004333,1533.7212835875143,-4.360275644698277,-0.1593137254901961
bundesliga,2010,1fcnuremberg,1522.1180287326272,1523.246215155299,1519.7121138284347,-1.128186422671888,0.0
bundesliga,2010,1fsvmainz05,1533.9523913431156,1513.2716192780056,1508.781625792953,20.680772065109977,0.36764705882352944
bundesliga,2010,bayer04leverkusen,1516.6520282078448,1529.51004463888,1501.686833176009,-12.85801643103514,-0.06862745098039216
bundesliga,2010,borussiadortmund,1525.8484586802224,1503.2372137238744,1518.8119770119063,22.611244956347946,0.5196078431372549
bundesliga,2010,borussiamonchengladbach,1532.1452449546653,1524.3560036994222,1505.3834048890121,7.7892412552430415,0.10784313725490197
bundesliga,2010,fcbayernmunique,1506.1370698785288,1510.4418441072348,1518.9832275575818,-4.304774228706037,-0.09558823529411767
bundesliga,2010,fcstpauli,1504.4491978081967,1531.4734353213998,1519.5256042448652,-27.02423751320316,-0.47794117647058826
bundesliga,2010,hamburgersv,1519.5200061492644,1518.794468764049,1511.6847068261172,0.7255373852153753,0.13970588235294118
bundesliga,2010,hannover96,1532.3591153165025,1511.714516332994,1520.4895769322754,20.64459898350856,0.3308823529411765
bundesliga,2010,scfreiburg,1526.7833522697322,1522.0061919660102,1513.682841529995,4.777160303721985,0.06862745098039216
bundesliga,2010,schalke04,1503.9616984019196,1519.3766616409823,1519.9307876780506,-15.414963239062672,-0.26715686274509803
bundesliga,2010,sgeintrachtfrankfurt,1509.7894274273242,1529.8763111368687,1517.9108496874899,-20.08688370954451,-0.41666666666666674
bundesliga,2010,tsg1899hoffenheim,1522.8554882729625,1506.0791690865217,1529.3048503322148,16.776319186440787,0.19607843137254904
bundesliga,2010,vfbstuttgart,1515.2254952596538,1524.6966942530487,1502.0981236501952,-9.471198993394864,-0.11764705882352941
bundesliga,2010,vflwolfsburg,1515.6507338209574,1508.125048930576,1525.5088264083402,7.525684890381399,0.10049019607843139
bundesliga,2010,werderbremen,1509.0792157159667,1516.0562967237004,1519.004731895158,-6.977081007733659,-0.15686274509803924
bundesliga,2011,1fccolonia,1517.2044201078309,1526.394269665933,1513.5224990688089,-9.189849558102196,-0.24509803921568632
bundesliga,2011,1fckaiserslautern,1513.0799418057418,1518.021888174415,1524.5759497977458,-4.941946368673143,0.007352941176470588
bundesliga,2011,1fcnuremberg,1523.7315124562954,1519.296057239307,1515.850686829236,4.43545521698843,-0.08333333333333334
bundesliga,2011,1fsvmainz05,1516.0394314042717,1517.1407400446108,1517.9332404914096,-1.1013086403390844,0.15686274509803924
bundesliga,2011,bayer04leverkusen,1521.7399261923956,1504.8439627972966,1516.4754046900985,16.89596339509899,0.48774509803921573
bundesliga,2011,borussiadortmund,1513.911959938071,1514.7848837000413,1510.5363751103637,-0.8729237619702417,0.06127450980392158
bundesliga,2011,borussiamonchengladbach,1520.7582666364303,1517.2007978754636,1524.5551877721637,3.5574687609666853,0.009803921568627453
bundesliga,2011,fcaugsburg,1519.0550740781568,1522.5872226351103,1515.6173428287332,-3.532148556953416,-0.09803921568627452
bundesliga,2011,fcbayernmunique,1503.2632241088822,1520.8753972162774,1513.2134268550128,-17.612173107395165,-0.3970588235294118
bundesliga,2011,hamburgersv,1516.6611727484217,1510.0439123021408,1530.2790998710307,6.617260446280852,0.02696078431372549
bundesliga,2011,hannover96,1519.5559417023383,1523.5654853745227,1508.532369637343,-4.0095436721844635,-0.1519607843137255
bundesliga,2011,herthaberlim,1528.9186663912465,1516.4212527028578,1517.9932978439115,12.497413688388633,0.23529411764705882
bundesliga,2011,scfreiburg,1524.279758825517,1515.880171279795,1522.0911712789946,8.39958754572217,0.11764705882352941
bundesliga,2011,schalke04,1519.2926955669557,1524.362890600153,1513.0401964647333,-5.070195033197251,0.058823529411764705
bundesliga,2011,tsg1899hoffenheim,1526.689246068596,1512.6460151241279,1520.9054237146352,14.043230944468178,0.4607843137254902
bundesliga,2011,vfbstuttgart,1512.912330125542,1519.8043006378587,1520.147100925603,-6.891970512316675,-0.2622549019607843
bundesliga,2011,vflwolfsburg,1510.7137967178894,1522.350248646012,1524.7796249682606,-11.636451928122597,-0.3186274509803922
bundesliga,2011,werderbremen,1518.4142639239765,1520.0021327826355,1516.1732306504744,-1.5878688586590215,-0.09803921568627452
bundesliga,2012,1fcnuremberg,1523.298754697652,1519.7942786553876,1528.0303903640277,3.5044760422642867,0.08706316780510202
bundesliga,2012,1fsvmainz05,1516.9063456945892,1517.963743339764,1534.7773870931464,-1.0573976451748877,0.06008584820352112
bundesliga,2012,bayer04leverkusen,1528.9027292706196,1514.7631951975256,1516.0066909262316,14.139534073093955,0.2575107780150905
bundesliga,2012,borussiadortmund,1512.1009865012459,1521.5541773073628,1506.872487198367,-9.453190806116936,-0.1912937208112101
bundesliga,2012,borussiamonchengladbach,1512.240546481125,1528.3492599517638,1521.0884947816514,-16.108713470638804,-0.4156959702243604
bundesliga,2012,fcaugsburg,1520.7821341812662,1523.4143464192573,1524.5938098039383,-2.632212237991098,-0.11036176200646736
bundesliga,2012,fcbayernmunique,1505.63908463477,1514.6702241177154,1527.5944852917441,-9.031139482945491,-0.07234826620423972
bundesliga,2012,fortunadusseldorf95,1526.7111388890537,1526.0748615795326,1516.1940789523862,0.6362773095211196,0.3308823529411765
bundesliga,2012,hamburgersv,1528.9391700125618,1523.0395360063642,1520.6544236103227,5.89963400619763,-0.18884123721106635
bundesliga,2012,hannover96,1517.8450402525486,1530.102561603049,1516.725507518502,-12.257521350500383,-0.3175966262186116
bundesliga,2012,scfreiburg,1513.7951591128522,1531.1059101558294,1524.4208623350316,-17.310751042977245,-0.3703250236217016
bundesliga,2012,schalke04,1523.4044448523891,1515.7912269614917,1520.377866006324,7.613217890897431,0.23911715101401262
bundesliga,2012,sgeintrachtfrankfurt,1535.6740609705973,1521.4826689416577,1519.0275534471664,14.191392028939617,0.015941143400934173
bundesliga,2012,spvgggreutherfurth,1516.3768944009994,1518.21427093636,1535.1035132329926,-1.8373765353605904,0.08578431372549021
bundesliga,2012,tsg1899hoffenheim,1522.0692318367692,1528.9446232332527,1520.689064669196,-6.875391396483565,0.06499081540380856
bundesliga,2012,vfbstuttgart,1523.2396059642874,1522.248705691891,1516.107134332082,0.9909002723964022,-0.27467816321609656
bundesliga,2012,vflwolfsburg,1526.2967979789596,1517.4380650285684,1526.9445516056098,8.858732950391186,0.36664629822148603
bundesliga,2012,werderbremen,1538.2057418728298,1517.4762124783413,1517.2195664363958,20.72952939448851,0.4328633554253664
bundesliga,2013,1fcnuremberg,1518.2478836834837,1524.663069137324,1523.5165651549758,-6.415185453840422,-0.36274509803921573
bundesliga,2013,1fsvmainz05,1524.9229844530234,1523.8541424992757,1519.803405344641,1.0688419537477785,0.2132352941176471
bundesliga,2013,bayer04leverkusen,1522.1919336904664,1514.3961567906833,1515.3704478574257,7.79577689978305,0.4436274509803922
bundesliga,2013,borussiadortmund,1505.4683083469847,1526.6281770642356,1513.1606641291387,-21.1598687172509,-0.18627450980392157
bundesliga,2013,borussiamonchengladbach,1524.0054726352084,1513.2735957824816,1526.8717607678177,10.731876852726828,-0.058823529411764705
bundesliga,2013,eintrachtbraunschweigtsv,1524.5259103412861,1524.21829356769,1518.6044104142672,0.3076167735962372,0.09558823529411767
bundesliga,2013,fcaugsburg,1526.3725820406173,1524.454937155365,1520.8768474978972,1.9176448852522299,0.2573529411764706
bundesliga,2013,fcbayernmunique,1511.7309727585323,1510.6087372660143,1511.6858013133728,1.1222354925180298,0.37254901960784315
bundesliga,2013,hamburgersv,1510.004348559999,1524.1768372668948,1532.3563785556523,-14.17248870689582,-0.20833333333333337
bundesliga,2013,hannover96,1529.9390190662068,1508.7537503648825,1529.0227491338019,21.185268701324276,0.18872549019607845
bundesliga,2013,herthaberlim,1529.5422307949239,1532.5066591042469,1512.3731883002083,-2.9644283093230115,0.03921568627450981
bundesliga,2013,scfreiburg,1523.326915410912,1512.457338746368,1528.0333270137903,10.869576664544184,-0.1593137254901961
bundesliga,2013,schalke04,1528.04508863719,1518.6790855808706,1511.690605935381,9.366003056319414,-0.019607843137254905
bundesliga,2013,sgeintrachtfrankfurt,1527.366410233764,1512.7425881066358,1527.1518498423795,14.623822127128278,0.01715686274509804
bundesliga,2013,tsg1899hoffenheim,1537.1182235041144,1529.9530420180597,1507.2528438261577,7.165181486054735,0.16666666666666669
bundesliga,2013,vfbstuttgart,1506.0467477227198,1533.4402630834365,1525.816670586577,-27.39351536071672,-0.5612745098039216
bundesliga,2013,vflwolfsburg,1516.7811636556055,1522.639896990142,1525.6505001692196,-5.85873333453651,-0.16666666666666669
bundesliga,2013,werderbremen,1516.8903300266456,1525.079955037076,1533.288509718979,-8.18962501043029,-0.07107843137254903
bundesliga,2014,1fccolonia,1517.1536222105185,1540.013157796477,1513.8893628464416,-22.859535585958383,-0.4093137254901961
bundesliga,2014,1fsvmainz05,1519.7332664063485,1524.5637381812228,1517.967209433434,-4.8304717748742405,0.09313725490196079
bundesliga,2014,bayer04leverkusen,1512.613363266317,1513.8415516374582,1529.07475559496,-1.2281883711411865,0.019607843137254905
bundesliga,2014,borussiadortmund,1525.7068704008632,1516.0625340811146,1503.3377928608018,9.644336319748618,0.13725490196078433
bundesliga,2014,borussiamonchengladbach,1525.054498125494,1533.628215955647,1500.072889031796,-8.573717830152873,-0.25000000000000006
bundesliga,2014,fcaugsburg,1523.430887183689,1518.5753106677382,1521.3737840211122,4.8555765159508155,0.08823529411764706
bundesliga,2014,fcbayernmunique,1510.115957030612,1511.5864329882481,1509.5752298839884,-1.470475957636154,-0.11519607843137256
bundesliga,2014,hamburgersv,1535.5709471193607,1520.1265573376556,1523.1779564230121,15.444389781705013,-0.002450980392156863
bundesliga,2014,hannover96,1525.3376476017938,1531.3046400266767,1510.5603071239252,-5.9669924248828465,0.007352941176470588
bundesliga,2014,herthaberlim,1509.766509015461,1524.77903815021,1537.7771412803152,-15.012529134749002,-0.06862745098039216
bundesliga,2014,scfreiburg,1524.8530061793829,1524.0306013907154,1519.934192304484,0.8224047886674271,0.11029411764705883
bundesliga,2014,schalke04,1531.609961148417,1509.553434740971,1512.0030186106837,22.056526407445972,0.3921568627450981
bundesliga,2014,scpaderborn07,1517.2624839562682,1521.3569840965863,1528.3586075865262,-4.094500140318132,-0.08578431372549021
bundesliga,2014,sgeintrachtfrankfurt,1521.4638631765583,1519.1380844855742,1531.24180740694,2.3257786909841798,-0.04411764705882353
bundesliga,2014,tsg1899hoffenheim,1504.9315331083856,1531.3859007030817,1530.3163531849648,-26.454367594696123,-0.12745098039215688
bundesliga,2014,vfbstuttgart,1533.2150821468747,1507.339569837491,1534.497992842344,25.875512309383794,0.1519607843137255
bundesliga,2014,vflwolfsburg,1510.363113648013,1509.3196990619153,1537.637043750482,1.0434145860976969,0.06127450980392158
bundesliga,2014,werderbremen,1530.8752963405277,1522.452456926103,1518.2624638786745,8.422839414424743,0.04166666666666667
bundesliga,2015,1fccolonia,1521.0785402799918,1521.8302460228927,1522.690744135643,-0.7517057429008673,-0.24156963461415631
bundesliga,2015,1fsvmainz05,1535.8719278924568,1522.3402178895067,1505.3472000230179,13.531710002950149,0.4868179946285282
bundesliga,2015,bayer04leverkusen,1519.3532640292806,1508.233683897475,1522.5436659009624,11.119580131805606,-0.006131209000359298
bundesliga,2015,borussiadortmund,1524.672013224715,1516.6812203562824,1513.4055584262328,7.9907928684326635,0.16309015940955732
bundesliga,2015,borussiamonchengladbach,1505.2039360508584,1523.2458665646966,1518.1556742435905,-18.041930513838224,-0.19497244621142565
bundesliga,2015,fcaugsburg,1527.973359936446,1521.4216121339075,1511.8675208585921,6.551747802538557,0.0760269916044553
bundesliga,2015,fcbayernmunique,1515.2117615474453,1513.1956390552502,1506.51441359167,2.016122492195109,0.08215820060481459
bundesliga,2015,fcingolstadt04,1505.2039360508584,1516.8769317988272,1541.9716910510424,-11.672995747968798,-0.09068627450980393
bundesliga,2015,hamburgersv,1522.583525145332,1516.5959410661847,1533.243290939947,5.987584079147382,-0.11771921280689852
bundesliga,2015,hannover96,1513.2580637342157,1520.0050230654015,1534.9583154546344,-6.746959331185735,0.03556101220208392
bundesliga,2015,herthaberlim,1517.261050100159,1522.6316088978047,1530.8794382897313,-5.370558797645572,-0.13243411440776084
bundesliga,2015,schalke04,1504.8726788253937,1521.993196451187,1530.8794382897313,-17.120517625793354,-0.12385042180725782
bundesliga,2015,sgeintrachtfrankfurt,1522.6216975184004,1528.4720344536017,1513.2023788568433,-5.850336935201312,-0.13366035620783268
bundesliga,2015,svdarmstadt98,1533.800503472741,1509.8238386160083,1521.0694071013256,23.97666485673267,0.2034313725490196
bundesliga,2015,tsg1899hoffenheim,1528.6395936604715,1510.9046180957582,1526.4603066780735,17.734975564713295,0.3090129336181086
bundesliga,2015,vfbstuttgart,1506.3367032598,1538.4740501301221,1522.594848667716,-32.13734687032206,-0.59350103123478
bundesliga,2015,vflwolfsburg,1525.2417339206643,1523.9420522703167,1496.181383071196,1.2996816503475657,0.07357450800431158
bundesliga,2015,werderbremen,1531.543251204186,1524.0597590881925,1508.7622642734664,7.483492115993386,0.20478238061200058
bundesliga,2016,1fccolonia,1518.0563053794372,1529.532124587674,1517.7026349062098,-11.475819208236771,-0.10294117647058824
bundesliga,2016,1fsvmainz05,1514.6101776766213,1516.691081879317,1532.3139472559144,-2.080904202695592,0.17647058823529413
bundesliga,2016,bayer04leverkusen,1510.5295328332627,1522.858140557565,1518.569706484444,-12.328607724302401,-0.12254901960784316
bundesliga,2016,borussiadortmund,1523.398460482758,1521.0910095740567,1500.2983073310863,2.307450908701412,0.18627450980392157
bundesliga,2016,borussiamonchengladbach,1517.4520478479828,1524.3197369253585,1513.1833359936024,-6.867689077375644,-0.17647058823529413
bundesliga,2016,fcaugsburg,1524.1884627481486,1524.5309961514495,1518.2775176317498,-0.34253340330087667,0.10049019607843139
bundesliga,2016,fcbayernmunique,1509.6701010161303,1518.1415921767364,1504.812372898622,-8.471491160606092,-0.18627450980392157
bundesliga,2016,fcingolstadt04,1526.8810214372986,1516.3668839455252,1526.5816884276408,10.514137491773454,-0.11764705882352941
bundesliga,2016,hamburgersv,1533.2555290525002,1514.5514162445234,1523.8956801237189,18.7041128079768,-0.06127450980392158
bundesliga,2016,herthaberlim,1526.4683040862424,1518.339861367033,1522.16607626416,8.12844271920926,-0.1936274509803922
bundesliga,2016,rbleipzig,1520.0071214913087,1519.7192328940337,1526.761086710672,0.28788859727501404,0.029411764705882353
bundesliga,2016,scfreiburg,1511.9680011476567,1520.3182431393668,1538.0839135700653,-8.350241991710163,-0.1936274509803922
bundesliga,2016,schalke04,1531.3440909971832,1516.3748868567911,1513.0712905938874,14.969204140392094,0.2622549019607843
bundesliga,2016,sgeintrachtfrankfurt,1523.7451599423255,1526.937719569308,1519.5545117008455,-3.192559626982529,-0.022058823529411766
bundesliga,2016,svdarmstadt98,1514.568003942969,1526.436520024772,1527.8062993408705,-11.868516081803136,-0.14460784313725492
bundesliga,2016,tsg1899hoffenheim,1523.398460482758,1527.7956124225127,1517.550795873408,-4.397151939754622,0.11764705882352941
bundesliga,2016,vflwolfsburg,1515.6487375310476,1522.500842635133,1523.6728974070465,-6.852105104085467,0.12990196078431374
bundesliga,2016,werderbremen,1530.351024379466,1509.0346415239408,1531.2384799611536,21.316382855525262,0.3186274509803922
bundesliga,2017,1fccolonia,1511.2002128481943,1516.7282335317598,1519.8782485923234,-5.528020683565501,-0.14705882352941177
bundesliga,2017,1fsvmainz05,1511.6702440972092,1513.0390405595597,1532.0688072269013,-1.368796462350474,-0.32598039215686275
bundesliga,2017,bayer04leverkusen,1520.399698035981,1505.227072424929,1524.9893149111651,15.172625611051899,0.3308823529411765
bundesliga,2017,borussiadortmund,1514.101105389544,1516.7681997436155,1501.1854990779655,-2.6670943540714234,-0.11274509803921569
bundesliga,2017,borussiamonchengladbach,1510.200411421144,1521.9503951793647,1514.7137813970526,-11.749983758220651,-0.02696078431372549
bundesliga,2017,fcaugsburg,1514.2589091421435,1520.2991599728311,1519.0413887687405,-6.0402508306876825,0.04901960784313726
bundesliga,2017,fcbayernmunique,1518.391436870012,1503.4897782354492,1497.7917621073973,14.901658634562864,0.26715686274509803
bundesliga,2017,hamburgersv,1522.8234025882693,1515.7140786068492,1516.4651875641773,7.109323981420175,0.09313725490196079
bundesliga,2017,hannover96,1511.539624124585,1532.9194839035933,1515.8541059256893,-21.379859779008257,-0.32352941176470595
bundesliga,2017,herthaberlim,1526.0796444232067,1512.0986403883187,1514.752101790571,13.981004034887974,0.18137254901960786
bundesliga,2017,rbleipzig,1517.6041889875726,1518.3813552318788,1503.713721727806,-0.7771662443062723,0.10049019607843139
bundesliga,2017,scfreiburg,1529.1046822004434,1515.7974229318836,1505.9270190620043,13.307259268559847,0.10784313725490197
bundesliga,2017,schalke04,1517.1849725338186,1510.0978983185405,1522.7058427975542,7.087074215278108,0.02450980392156863
bundesliga,2017,sgeintrachtfrankfurt,1506.7539134946755,1525.1525188645703,1523.835790752444,-18.398605369894767,-0.13970588235294118
bundesliga,2017,tsg1899hoffenheim,1517.8893254699542,1504.9214092581076,1517.9795238095533,12.967916211846614,0.2058823529411765
bundesliga,2017,vfbstuttgart,1501.3140856270677,1528.758682847554,1527.346722167956,-27.44459722048623,-0.3921568627450981
bundesliga,2017,vflwolfsburg,1520.808101717342,1526.3532317521233,1506.5683309115252,-5.545130034781323,-0.22549019607843138
bundesliga,2017,werderbremen,1520.3670197717436,1503.994376991979,1526.8738301520805,16.372642779764647,0.33333333333333337
bundesliga,2018,1fcnuremberg,1507.9424418007518,1526.6635601488572,1520.3588017699929,-18.721118348105392,-0.13480392156862747
bundesliga,2018,1fsvmainz05,1520.029396922733,1528.4980566360366,1508.495077851329,-8.468659713303623,-0.12500000000000003
bundesliga,2018,bayer04leverkusen,1518.950218872068,1513.021184294524,1513.6217914839501,5.929034577544144,-0.15441176470588236
bundesliga,2018,borussiadortmund,1519.58318181609,1516.2056167832482,1505.0744268521603,3.377565032841858,-0.012254901960784315
bundesliga,2018,borussiamonchengladbach,1514.5513457708826,1516.925339614677,1519.00898915468,-2.3739938437943238,-0.056372549019607844
bundesliga,2018,fcaugsburg,1520.764505691728,1513.52200038861,1521.4426904147329,7.242505303117923,-0.04901960784313726
bundesliga,2018,fcbayernmunique,1512.9058206019372,1495.7200468752617,1513.4498065933963,17.185773726675507,0.3308823529411765
bundesliga,2018,fortunadusseldorf95,1514.22787995911,1513.756744846566,1527.0376456385625,0.4711351125438341,0.26470588235294124
bundesliga,2018,hannover96,1520.4808467519638,1515.3078035603,1523.9627286006214,5.173043191663737,0.3504901960784314
bundesliga,2018,herthaberlim,1521.7200488645933,1522.7515940949206,1508.206581905164,-1.0315452303273105,-0.01715686274509804
bundesliga,2018,rbleipzig,1514.0137204295354,1518.4913929940965,1512.0961970114515,-4.4776725645610895,0.002450980392156863
bundesliga,2018,scfreiburg,1525.413509279363,1517.5988483173294,1513.6406102042204,7.814660962033713,0.232843137254902
bundesliga,2018,schalke04,1507.4521304479554,1509.2867646675677,1523.9327003283431,-1.834634219612326,-0.3186274509803922
bundesliga,2018,sgeintrachtfrankfurt,1515.95435728305,1516.376422539133,1520.0678161580713,-0.4220652560829876,-0.01715686274509804
bundesliga,2018,tsg1899hoffenheim,1520.6846578134166,1506.4219704643292,1515.6108293025973,14.2626873490874,0.16176470588235298
bundesliga,2018,vfbstuttgart,1519.8329957478816,1510.3265934629546,1518.3059308597813,9.506402284926935,-0.03676470588235294
bundesliga,2018,vflwolfsburg,1522.731028650166,1524.2647649337543,1511.8156560672835,-1.5337362835882686,0.10294117647058824
bundesliga,2018,werderbremen,1498.6415589536082,1530.7409410346681,1519.7513654604961,-32.09938208105996,-0.5245098039215687
bundesliga,2022,1fccolonia,1513.0037578158951,1527.6034159730668,1530.6350007306219,-14.599658157171689,-0.1985294117647059
bundesliga,2022,1fcunionberlim,1525.0925204452533,1511.9910448413184,1526.7120559151322,13.101475603934887,-0.03676470588235294
bundesliga,2022,1fsvmainz05,1509.140626398006,1528.69481433451,1526.6176812412623,-19.55418793650415,-0.17647058823529413
bundesliga,2022,bayer04leverkusen,1526.5485326495864,1520.0020316852235,1506.0917003202674,6.546500964362849,0.12254901960784316
bundesliga,2022,borussiadortmund,1521.704497276491,1512.2594417294847,1509.1794715011702,9.445055547006405,0.27696078431372556
bundesliga,2022,borussiamonchengladbach,1524.0739896862622,1514.0269516702353,1521.591969219651,10.047038016026818,0.05392156862745098
bundesliga,2022,fcaugsburg,1526.9835579645935,1530.4695029608831,1513.5999938519044,-3.485944996289618,-0.07843137254901962
bundesliga,2022,fcbayernmunique,1513.5191132025682,1510.3993353107674,1509.787845560388,3.1197778918008225,0.07352941176470588
bundesliga,2022,herthaberlim,1521.3221192042058,1521.487551313586,1522.3329400831472,-0.16543210938016273,0.13970588235294118
bundesliga,2022,rbleipzig,1501.0278028489754,1526.3514558082618,1519.5035792079025,-25.32365295928639,-0.2377450980392157
bundesliga,2022,scfreiburg,1528.9115145546996,1526.5869769919693,1512.9125689738214,2.3245375627302565,-0.14215686274509806
bundesliga,2022,schalke04,1508.6492261170827,1535.072238003432,1520.707416244207,-26.423011886349286,-0.41666666666666674
bundesliga,2022,sgeintrachtfrankfurt,1526.0957412056348,1508.0321556445613,1525.4216749106943,18.063585561073523,0.26470588235294124
bundesliga,2022,tsg1899hoffenheim,1525.123200345874,1514.9212005625498,1516.2371577923443,10.201999783324254,0.014705882352941176
bundesliga,2022,vfbstuttgart,1532.4819465526916,1530.7877217920743,1507.162112025734,1.6942247606173169,0.03186274509803922
bundesliga,2022,vflbochum,1518.8120704471528,1513.054710140156,1532.7826897464402,5.757360306996816,0.07352941176470588
bundesliga,2022,vflwolfsburg,1521.9501217482175,1508.370401553745,1529.4150486243618,13.57972019447243,0.17647058823529413
bundesliga,2022,werderbremen,1512.43110056684,1516.7604887142045,1526.180533080981,-4.329388147364398,0.058823529411764705
bundesliga,2023,1fccolonia,1513.5483847742726,1518.071007948601,1528.5383924974337,-4.522623174328373,0.02696078431372549
bundesliga,2023,1fcheidenheim1846,1523.731814531816,1515.5797037906607,1518.4518309603727,8.152110741155411,0.10049019607843139
bundesliga,2023,1fcunionberlim,1518.0504235566577,1516.372412460313,1514.2160175915901,1.6780110963447896,-0.13970588235294118
bundesliga,2023,1fsvmainz05,1516.3808562872605,1530.7264719165005,1509.02226246261,-14.345615629240001,-0.14950980392156862
bundesliga,2023,bayer04leverkusen,1526.0095668241847,1506.1732582100901,1519.0189573376522,19.836308614094605,0.34803921568627455
bundesliga,2023,borussiadortmund,1512.9630538895342,1515.8676377171148,1507.1611501868074,-2.904583827580609,0.04901960784313726
bundesliga,2023,borussiamonchengladbach,1519.2772825741863,1510.6201409425432,1527.7920573397053,8.657141631643071,0.06127450980392158
bundesliga,2023,fcaugsburg,1519.0671623906296,1513.7045705867993,1534.8643725583968,5.362591803830355,0.11029411764705883
bundesliga,2023,fcbayernmunique,1514.6052503529936,1521.1414807497792,1496.753999541883,-6.5362303967856406,-0.16666666666666669
bundesliga,2023,rbleipzig,1509.2658918346906,1518.5950682473067,1511.3533132563157,-9.329176412616107,-0.03676470588235294
bundesliga,2023,scfreiburg,1523.7433375794462,1519.3560956987692,1508.4203549995475,4.387241880677038,-0.22549019607843138
bundesliga,2023,sgeintrachtfrankfurt,1510.1322214700792,1528.020912889712,1513.8771521613146,-17.888691419632778,-0.3137254901960785
bundesliga,2023,svdarmstadt98,1519.1405619204081,1522.826974553477,1520.3996015826926,-3.6864126330688123,0.012254901960784315
bundesliga,2023,tsg1899hoffenheim,1514.3458963333278,1520.951054986854,1525.2086627225663,-6.605158653526132,0.02696078431372549
bundesliga,2023,vfbstuttgart,1521.8251736908433,1523.7419474376936,1518.4121076659153,-1.9167737468503674,-0.05147058823529412
bundesliga,2023,vflbochum,1525.758679521631,1513.5519435728422,1523.4694456436946,12.206735948788719,0.04411764705882353
bundesliga,2023,vflwolfsburg,1507.859305719172,1513.688727098978,1532.020126496017,-5.8294213798060355,-0.06127450980392158
bundesliga,2023,werderbremen,1529.783409699869,1516.4988641429684,1516.5084679464887,13.284545556900639,0.2132352941176471
bundesliga,2024,1fcheidenheim1846,1522.5910675304424,1528.7712529830706,1517.0639321249312,-6.180185452628166,-0.02450980392156863
bundesliga,2024,1fcunionberlim,1523.4341404628033,1530.2036335941405,1519.935163284,-6.769493131337185,0.16176470588235298
bundesliga,2024,1fsvmainz05,1515.7848520166974,1531.5590898712,1522.5558642787057,-15.774237854502644,-0.2524509803921569
bundesliga,2024,bayer04leverkusen,1519.5257871360532,1506.798771049971,1515.8486387838702,12.72701608608213,0.1519607843137255
bundesliga,2024,borussiadortmund,1507.333429900111,1519.7856759303802,1525.3449333397277,-12.45224603026918,-0.06862745098039216
bundesliga,2024,borussiamonchengladbach,1522.4994059726794,1518.9517920352312,1533.8359618919792,3.5476139374482045,-0.06372549019607844
bundesliga,2024,fcaugsburg,1521.1995085682463,1528.6238839728092,1525.634138969588,-7.424375404562852,-0.13235294117647062
bundesliga,2024,fcbayernmunique,1511.1867713662289,1513.3320232420672,1526.0168424112226,-2.145251875838312,-0.02696078431372549
bundesliga,2024,fcstpauli,1516.5619944411185,1530.4747544013017,1522.6613513452269,-13.912759960183166,-0.12745098039215688
bundesliga,2024,holsteinkiel,1525.2013085007989,1527.3121274275209,1516.7938801835328,-2.110818926722004,0.10294117647058824
bundesliga,2024,rbleipzig,1510.1067636154148,1520.577548247691,1521.8745614052539,-10.470784632276263,-0.37009803921568635
bundesliga,2024,scfreiburg,1524.5984438726443,1521.17195303132,1525.4280993036716,3.4264908413242665,-0.058823529411764705
bundesliga,2024,sgeintrachtfrankfurt,1529.283706712392,1527.1953803176975,1508.4657905173901,2.088326394694377,0.16911764705882354
bundesliga,2024,tsg1899hoffenheim,1522.988694747495,1520.1004070977215,1526.937930773302,2.888287649773474,0.09558823529411767
bundesliga,2024,vfbstuttgart,1525.5976184187332,1523.4433375261044,1505.8112868147816,2.154280892628776,-0.029411764705882353
bundesliga,2024,vflbochum,1546.1654526704638,1523.578723438999,1507.8921724793377,22.586729231464687,0.12500000000000003
bundesliga,2024,vflwolfsburg,1524.3296549176257,1503.5431950018335,1547.7570495602042,20.786459915792193,0.35539215686274517
bundesliga,2024,werderbremen,1526.457701479002,1519.422753159891,1524.9887048622243,7.034948319110981,-0.007352941176470588
campeonatobrasileiroseriea,2007,americafc,1500.0,1500.0,1500.0,0.0,
campeonatobrasileiroseriea,2007,atleticomineiro,1500.0,1500.0,1500.0,0.0,
campeonatobrasileiroseriea,2007,botafogofr,1500.0,1500.0,1500.0,0.0,
campeonatobrasileiroseriea,2007,clubeatleticoparanaense,1500.0,1500.0,1500.0,0.0,
campeonatobrasileiroseriea,2007,crflamengo,1500.0,1500.0,1500.0,0.0,
campeonatobrasileiroseriea,2007,cruzeiroec,1500.0,1500.0,1500.0,0.0,
campeonatobrasileiroseriea,2007,crvascodagama,1500.0,1500.0,1500.0,0.0,
campeonatobrasileiroseriea,2007,ecjuventude,1500.0,1500.0,1500.0,0.0,
campeonatobrasileiroseriea,2007,figueirensefc,1500.0,1500.0,1500.0,0.0,
campeonatobrasileiroseriea,2007,fluminensefc,1500.0,1500.0,1500.0,0.0,
campeonatobrasileiroseriea,2007,goiasec,1500.0,1500.0,1500.0,0.0,
campeonatobrasileiroseriea,2007,gremiofbpa,1500.0,1500.0,1500.0,0.0,
campeonatobrasileiroseriea,2007,nautico,1500.0,1500.0,1500.0,0.0,
campeonatobrasileiroseriea,2007,paranaclube,1500.0,1500.0,1500.0,0.0,
campeonatobrasileiroseriea,2007,santosfc,1500.0,1500.0,1500.0,0.0,
campeonatobrasileiroseriea,2007,saopaulofc,1500.0,1500.0,1500.0,0.0,
campeonatobrasileiroseriea,2007,sccorinthians,1500.0,1500.0,1500.0,0.0,
campeonatobrasileiroseriea,2007,scinternacional,1500.0,1500.0,1500.0,0.0,
campeonatobrasileiroseriea,2007,sepalmeiras,1500.0,1500.0,1500.0,0.0,
campeonatobrasileiroseriea,2007,sportrecife,1500.0,1500.0,1500.0,0.0,
campeonatobrasileiroseriea,2009,atleticomineiro,1511.0563677203502,1511.6819670662567,1504.077001714658,-0.6255993459064939,-0.06725927091345493
campeonatobrasileiroseriea,2009,avaifc,1513.2177226963795,1503.8183567364151,1512.6179264940283,9.39936595996437,0.44317610644740435
campeonatobrasileiroseriea,2009,botafogofr,1505.4716754559668,1510.1402068436105,1513.2085264279658,-4.668531387643725,-0.30974664236459504
campeonatobrasileiroseriea,2009,clubeatleticoparanaense,1510.3001780554548,1503.8324840346334,1512.6937552333181,6.467694020821455,0.07964913660803873
campeonatobrasileiroseriea,2009,coritibafc,1507.3361972328514,1515.2085260816118,1506.6568575767035,-7.8723288487603895,-0.42203052681571906
campeonatobrasileiroseriea,2009,crflamengo,1513.070369432726,1509.3035182063525,1501.1378166591885,3.7668512263735465,0.16637819647012536
campeonatobrasileiroseriea,2009,cruzeiroec,1506.6067313696738,1503.8521192786745,1516.8650608365,2.754612090999217,-0.0035399616270239435
campeonatobrasileiroseriea,2009,ecsantoandre,1518.7774746305968,1501.9222966574039,1509.381907864531,16.855177973192895,0.4229115926337059
campeonatobrasileiroseriea,2009,ecvitoria,1511.4402500092237,1510.2163826442666,1507.8606446050896,1.2238673649571865,0.12511134615413802
campeonatobrasileiroseriea,2009,fluminensefc,1507.729500854276,1503.002541870166,1512.3801189438204,4.72695898411007,0.1805380429782211
campeonatobrasileiroseriea,2009,goiasec,1505.6868887474711,1516.5680173523122,1512.7479841334787,-10.881128604841024,-0.3964757022266816
campeonatobrasileiroseriea,2009,gremiobaruerifutebolltda,1503.2783074200124,1515.4769047328143,1510.1342233681216,-12.198597312801894,-0.26608187703204
campeonatobrasileiroseriea,2009,gremiofbpa,1503.5797415532686,1507.1583135789124,1516.7586121629413,-3.57857202564378,-0.12212867613232604
campeonatobrasileiroseriea,2009,nautico,1512.229650802945,1510.4127097374721,1507.8283809835414,1.8169410654727471,0.23540744819709222
campeonatobrasileiroseriea,2009,santosfc,1507.0381553440927,1512.8415645124467,1504.5313503153254,-5.803409168353937,-0.13982848426744576
campeonatobrasileiroseriea,2009,saopaulofc,1511.505017236119,1502.7164202127824,1504.3168671360834,8.788597023336706,0.375235932464538
campeonatobrasileiroseriea,2009,sccorinthians,1512.3008181370526,1516.0027730828347,1504.9385360053914,-3.701954945782063,-0.031859654643215496
campeonatobrasileiroseriea,2009,scinternacional,1505.0308983243685,1516.7566253020161,1506.023514905814,-11.725726977647582,-0.3185965464321549
campeonatobrasileiroseriea,2009,sepalmeiras,1514.423334919905,1506.4712320960352,1507.1761075669453,7.952102823869836,0.08495907904857464
campeonatobrasileiroseriea,2009,sportrecife,1504.4638727573667,1508.7592171491415,1516.2830068359958,-4.295344391774734,-0.1557583115890535
campeonatobrasileiroseriea,2010,atleticogoianiense,1512.8505241415298,1520.0399455954139,1513.2172711625042,-7.1894214538840515,-0.11496271400710184
campeonatobrasileiroseriea,2010,atleticomineiro,1510.4327393433841,1521.58456765663,1513.9845481438276,-11.151828313245915,-0.5008795081555452
campeonatobrasileiroseriea,2010,avaifc,1518.623573221983,1517.2720983980985,1506.5473088936608,1.3514748238844732,-0.06151151854541783
campeonatobrasileiroseriea,2010,botafogofr,1517.7732919170637,1513.2225425969787,1514.9067483959002,4.55074932008506,0.13532534079991923
campeonatobrasileiroseriea,2010,cearasc,1516.7325647431237,1516.4767349893712,1513.1970596747678,0.25582975375255046,-0.007898201725678752
campeonatobrasileiroseriea,2010,clubeatleticoparanaense,1507.4543515578364,1519.5190026582195,1518.4126056627322,-12.064651100383116,-0.3321622001452563
campeonatobrasileiroseriea,2010,crflamengo,1513.8618865719316,1508.995035335724,1511.5269586355316,4.866851236207594,-0.005272415875321529
campeonatobrasileiroseriea,2010,cruzeiroec,1509.2993660560517,1513.0101088901029,1515.6745087464446,-3.7107428340511888,0.15465753234276483
campeonatobrasileiroseriea,2010,crvascodagama,1515.9318205218658,1514.8259300449388,1515.6566042155655,1.1058904769270157,0.10017590163110905
campeonatobrasileiroseriea,2010,ecvitoria,1518.6988236278455,1512.7753613287273,1518.0039847362837,5.923462299118228,0.2407736583063498
campeonatobrasileiroseriea,2010,fluminensefc,1510.7643858570639,1517.0141007035486,1515.0608815272037,-6.249714846484721,-0.2442886022232308
campeonatobrasileiroseriea,2010,goiasec,1520.4391245426111,1514.4555950028212,1512.2448493099075,5.98352953978997,0.27240815355827896
campeonatobrasileiroseriea,2010,gremiobaruerifutebolltda,1517.4604078980392,1513.9916961312706,1516.4377087099567,3.4687117667685925,0.047451742877893756
campeonatobrasileiroseriea,2010,gremiofbpa,1520.6204880700216,1511.761350410099,1511.2903659069552,8.859137659922453,0.008787359792202548
campeonatobrasileiroseriea,2010,guaranifc,1512.1969773315657,1513.5144588138673,1520.3460319224794,-1.3174814823016732,-0.09653357664718475
campeonatobrasileiroseriea,2010,santosfc,1512.4954400234576,1521.596927896593,1511.5209736075283,-9.101487873135284,-0.21265410697130166
campeonatobrasileiroseriea,2010,saopaulofc,1513.4539023677514,1506.779379024118,1515.9372384858075,6.674523343633382,0.38137141498159055
campeonatobrasileiroseriea,2010,sccorinthians,1508.4665846874784,1516.8537850242164,1521.2680082502293,-8.387200336738033,0.04393679896101274
campeonatobrasileiroseriea,2010,scinternacional,1519.0184222278585,1509.5707526969095,1511.9043483386195,9.447669530949042,0.14938511646744332
campeonatobrasileiroseriea,2010,sepalmeiras,1516.7003790671836,1510.5837811958932,1515.5689488318458,6.116597871290423,-0.047451742877893756
campeonatobrasileiroseriea,2011,americamineiro,1516.400228521478,1522.7821531641478,1525.8579330267069,-6.381924642669674,-0.19298245614035087
campeonatobrasileiroseriea,2011,atleticogoianiense,1521.395110023458,1528.3076160360556,1518.0214175206963,-6.912506012597532,-0.23694605177036254
campeonatobrasileiroseriea,2011,atleticomineiro,1515.6351873967903,1527.7849631258894,1522.8612821003476,-12.14977572909902,-0.38876704049729854
campeonatobrasileiroseriea,2011,avaifc,1522.1955795648207,1525.62674588135,1519.6811391609542,-3.431166316529243,-0.049144366293112224
campeonatobrasileiroseriea,2011,botafogofr,1515.8333582878724,1520.4795478126593,1522.521277951068,-4.646189524786905,-0.1588416124830949
campeonatobrasileiroseriea,2011,cearasc,1512.3207831155514,1523.775880579983,1529.07266271733,-11.455097464431674,-0.32031595887474934
campeonatobrasileiroseriea,2011,clubeatleticoparanaense,1518.12473340456,1522.3655539173353,1518.1407385867653,-4.240820512775372,0.01930671532943695
campeonatobrasileiroseriea,2011,coritibafc,1531.058972046533,1518.0024811854069,1518.6840905972588,13.056490861126122,0.1544537226354956
campeonatobrasileiroseriea,2011,crflamengo,1520.013422628758,1522.5630601514995,1521.2789795033718,-2.5496375227414774,0.014918825481837641
campeonatobrasileiroseriea,2011,cruzeiroec,1519.7544752105039,1519.2720957498982,1514.7884751132476,0.48237946060567083,0.1886792634467702
campeonatobrasileiroseriea,2011,crvascodagama,1520.142414868391,1527.8776492180218,1516.5241355782598,-7.7352343496309,-0.18253621766013117
campeonatobrasileiroseriea,2011,ecbahia,1527.6267070477427,1517.7065545119053,1520.5706284239354,9.92015253583736,0.23859649122807017
campeonatobrasileiroseriea,2011,figueirensefc,1521.4870982993214,1517.5402344808256,1525.455163949882,3.9468638184957854,0.09302326476910529
campeonatobrasileiroseriea,2011,fluminensefc,1514.2229294743875,1515.9691229155792,1523.6303192773353,-1.7461934411917355,-0.07108381553110876
campeonatobrasileiroseriea,2011,gremiofbpa,1520.265038085964,1515.309755414096,1519.1523893446579,4.95528267186819,0.2650285467949981
campeonatobrasileiroseriea,2011,santosfc,1516.1554214854323,1518.578216038705,1527.7418510540103,-2.4227945532727517,-0.07196139350062863
campeonatobrasileiroseriea,2011,saopaulofc,1526.7149067535502,1514.6439072120334,1518.6539104732476,12.070999541516812,0.2922334638501138
campeonatobrasileiroseriea,2011,sccorinthians,1525.4033232997383,1513.0314979303662,1519.4953386970649,12.371825369372118,0.21676175847140572
campeonatobrasileiroseriea,2011,scinternacional,1510.7739293631685,1528.0511023902764,1520.3639426856932,-17.277173027107892,-0.3817464167411396
campeonatobrasileiroseriea,2011,sepalmeiras,1522.1297306110202,1517.9246397815173,1524.6433312151946,4.2050908295029785,0.044756476445512915
campeonatobrasileiroseriea,2012,aapontepreta,1522.3194328286002,1515.9413132184138,1520.472947743467,6.378119610186332,0.1280701754385965
campeonatobrasileiroseriea,2012,atleticogoianiense,1525.4450941430434,1521.3471166132306,1512.3903701818306,4.097977529812852,0.02808249502463556
campeonatobrasileiroseriea,2012,atleticomineiro,1513.8824309089778,1525.542448497051,1520.1815334140297,-11.660017588073288,-0.17288285999541267
campeonatobrasileiroseriea,2012,botafogofr,1525.5877531061058,1521.0171337244215,1510.30085305027,4.57061938168431,0.16147434639165448
campeonatobrasileiroseriea,2012,coritibafc,1508.5663811806908,1516.6714523119795,1528.0538510507608,-8.105071131288696,-0.12637122761086003
campeonatobrasileiroseriea,2012,crflamengo,1516.345405601529,1519.0918185567873,1515.6899154718058,-2.7464129552583927,-0.0430013205064732
campeonatobrasileiroseriea,2012,cruzeiroec,1522.4447722740351,1523.8414858318026,1512.4469985292008,-1.396713557767498,-0.12110575979374086
campeonatobrasileiroseriea,2012,crvascodagama,1507.527324454037,1523.9681714885642,1515.5456821582827,-16.440847034527224,-0.4519526543027286
campeonatobrasileiroseriea,2012,ecbahia,1526.4443999880848,1520.1532495661695,1512.7985762575663,6.29115042191529,0.34576571999082534
campeonatobrasileiroseriea,2012,figueirensefc,1521.0547627051508,1517.314828379634,1514.0329924348491,3.7399343255167423,-0.01404124751231778
campeonatobrasileiroseriea,2012,fluminensefc,1518.372473210088,1510.1863492292182,1520.9285759220702,8.186123980869752,0.240456363648442
campeonatobrasileiroseriea,2012,gremiofbpa,1517.9738866899477,1514.6292394030338,1524.6021061392544,3.344647286913869,-0.02808249502463556
campeonatobrasileiroseriea,2012,nautico,1524.157248489393,1521.162386558597,1517.413788520062,2.994861930795878,0.18692410750773045
campeonatobrasileiroseriea,2012,portuguesa,1523.8476349643777,1513.5689729663295,1521.4346398702182,10.278661998048165,0.15263157894736842
campeonatobrasileiroseriea,2012,santosfc,1521.3011234589164,1517.549745077802,1517.2192089816747,3.751378381114364,-0.0772268613177478
campeonatobrasileiroseriea,2012,saopaulofc,1517.8661420269211,1520.925865102764,1514.9183612392565,-3.0597230758428395,-0.05792014598831084
campeonatobrasileiroseriea,2012,sccorinthians,1508.8155862334472,1514.619275339273,1522.855920762817,-5.803689105825697,-0.1930671532943695
campeonatobrasileiroseriea,2012,scinternacional,1515.4431458534655,1513.78678364309,1521.2882015074808,1.6563622103753914,0.17551559390397226
campeonatobrasileiroseriea,2012,sepalmeiras,1514.759927046398,1519.668838933561,1522.1982984322287,-4.908911887162958,-0.183413795629651
campeonatobrasileiroseriea,2012,sportrecife,1518.4543680606193,1521.9425974374742,1523.5166929013326,-3.4882293768548607,0.03598069675031432
campeonatobrasileiroseriea,2013,aapontepreta,1526.306107357409,1520.5292489894819,1519.294703616778,5.7768583679271615,0.1105263157894737
campeonatobrasileiroseriea,2013,atleticomineiro,1524.1360551205069,1512.2287879540754,1520.339502717781,11.907267166431438,0.46140350877192987
campeonatobrasileiroseriea,2013,botafogofr,1529.7679414723618,1516.2318219247727,1517.5863056935045,13.536119547589124,0.2719298245614035
campeonatobrasileiroseriea,2013,clubeatleticoparanaense,1522.7632205580458,1518.2253100287367,1525.1049667713185,4.5379105293091015,0.056140350877192984
campeonatobrasileiroseriea,2013,coritibafc,1519.7988723370574,1520.4907106564872,1524.8834772943887,-0.6918383194297348,-0.1105263157894737
campeonatobrasileiroseriea,2013,crflamengo,1512.8134654915673,1528.4827413834978,1520.387813089448,-15.66927589193051,-0.1736842105263158
campeonatobrasileiroseriea,2013,criciumaec,1529.4984697667644,1514.7503945190992,1522.2890547106058,14.748075247665156,0.31578947368421056
campeonatobrasileiroseriea,2013,cruzeiroec,1521.9621443686926,1528.0162919534118,1515.5587361054781,-6.054147584719203,-0.21228070175438596
campeonatobrasileiroseriea,2013,crvascodagama,1519.2580236183383,1520.0225930417582,1521.3988210972216,-0.7645694234199709,0.07543859649122807
campeonatobrasileiroseriea,2013,ecbahia,1513.6103231506922,1522.0554398069946,1528.5246640240048,-8.445116656302389,-0.05964912280701754
campeonatobrasileiroseriea,2013,ecvitoria,1521.7372790082507,1527.0499285207843,1519.1805647984531,-5.312649512533653,-0.1701754385964912
campeonatobrasileiroseriea,2013,fluminensefc,1508.0551246631528,1525.8359734318865,1516.4638718794527,-17.780848768733676,-0.4403508771929824
campeonatobrasileiroseriea,2013,goiasec,1519.300426991791,1518.9194191242927,1532.3719682147525,0.3810078674982833,-0.16666666666666666
campeonatobrasileiroseriea,2013,gremiofbpa,1526.0767534998965,1516.6954523063764,1512.270995933128,9.38130119352013,0.16842105263157894
campeonatobrasileiroseriea,2013,nautico,1512.3854445838506,1526.2359386591024,1527.7434450045498,-13.850494075251845,-0.32105263157894737
campeonatobrasileiroseriea,2013,portuguesa,1516.2786226158717,1517.8161040208515,1532.0421626138923,-1.5374814049798715,-0.10175438596491228
campeonatobrasileiroseriea,2013,santosfc,1527.3945232159876,1511.8020253433128,1523.0107006537155,15.592497872674812,0.42105263157894735
campeonatobrasileiroseriea,2013,saopaulofc,1518.6822133348048,1514.8761896035348,1522.8471725692627,3.8060237312699883,0.15438596491228068
campeonatobrasileiroseriea,2013,sccorinthians,1518.0239858010443,1528.310087132186,1510.899547353946,-10.286101331141708,-0.18771929824561404
campeonatobrasileiroseriea,2013,scinternacional,1522.421273915912,1529.1727801930267,1512.4505808104539,-6.751506277114686,-0.19824561403508772
campeonatobrasileiroseriea,2014,atleticomineiro,1527.8033429624672,1501.8061845925624,1518.5350152479748,25.99715836990481,0.5578947368421052
campeonatobrasileiroseriea,2014,botafogofr,1510.7620759132371,1515.2129091844945,1523.0493915249738,-4.450833271257352,-0.16315789473684209
campeonatobrasileiroseriea,2014,chapecoense,1512.1738100843243,1518.427303272273,1523.8314801477416,-6.253493187948834,-0.3350877192982456
campeonatobrasileiroseriea,2014,clubeatleticoparanaense,1516.7834262547674,1507.9150044277985,1523.2897238153143,8.86842182696887,0.2596491228070175
campeonatobrasileiroseriea,2014,coritibafc,1520.7400436641021,1518.3710224879605,1516.6144094003382,2.3690211761415867,-0.01754385964912281
campeonatobrasileiroseriea,2014,crflamengo,1516.8017625138739,1521.7720997323572,1514.112293562543,-4.970337218483337,-0.14736842105263157
campeonatobrasileiroseriea,2014,criciumaec,1514.4313173868204,1528.1160118773028,1512.675013077803,-13.684694490482343,-0.243859649122807
campeonatobrasileiroseriea,2014,cruzeiroec,1506.9305303964904,1514.2346070129022,1521.6407025623555,-7.3040766164117485,-0.04736842105263158
campeonatobrasileiroseriea,2014,ecbahia,1518.7505163423602,1518.9660484758506,1517.1112173414149,-0.21553213349034195,0.056140350877192984
campeonatobrasileiroseriea,2014,ecvitoria,1517.2457656029173,1518.1456810809793,1513.4199677827999,-0.8999154780619847,0.09824561403508772
campeonatobrasileiroseriea,2014,figueirensefc,1522.3714541577376,1526.8325034554405,1512.293243977118,-4.461049297702857,-0.15789473684210528
campeonatobrasileiroseriea,2014,fluminensefc,1516.3931897564405,1520.2691139497392,1515.490096183317,-3.875924193298715,-0.20175438596491227
campeonatobrasileiroseriea,2014,goiasec,1513.801929971858,1516.752442985432,1519.3313258231801,-2.950513013573982,-0.17719298245614035
campeonatobrasileiroseriea,2014,gremiofbpa,1511.392323739671,1506.8924713159008,1525.0609285071719,4.499852423770108,0.26666666666666666
campeonatobrasileiroseriea,2014,santosfc,1506.5681073338965,1516.8168144929004,1524.1257459923204,-10.24870715900397,-0.40175438596491225
campeonatobrasileiroseriea,2014,saopaulofc,1529.0681858448272,1513.4950324162164,1510.2282544896616,15.573153428610794,0.46140350877192987
campeonatobrasileiroseriea,2014,sccorinthians,1514.5556708696956,1518.7373789908381,1518.353670667696,-4.181708121142492,0.028070175438596492
campeonatobrasileiroseriea,2014,scinternacional,1517.8571614544626,1519.9514966796792,1517.424605823267,-2.0943352252165823,0.1105263157894737
campeonatobrasileiroseriea,2014,sepalmeiras,1524.6480020777879,1525.2248156705905,1510.9672048920609,-0.5768135928026368,-0.04385964912280702
campeonatobrasileiroseriea,2014,sportrecife,1529.4107019804223,1519.7860106348232,1509.465093696574,9.624691345599103,0.18596491228070175
campeonatobrasileiroseriea,2015,aapontepreta,1526.8623818830517,1514.5200327148243,1524.9082688736178,12.342349168227429,0.32105263157894737
campeonatobrasileiroseriea,2015,atleticomineiro,1517.7889314233228,1518.017732626049,1518.3039530621293,-0.22880120272634485,-0.06491228070175438
campeonatobrasileiroseriea,2015,avaifc,1517.557162844492,1521.1655800795374,1527.0808009016,-3.6084172350454082,0.08596491228070174
campeonatobrasileiroseriea,2015,chapecoense,1523.1649347213179,1524.7262579730527,1517.0718844143873,-1.5613232517348479,0.056140350877192984
campeonatobrasileiroseriea,2015,clubeatleticoparanaense,1530.8893607261787,1521.6758060849713,1506.5737794921124,9.213554641207338,0.14210526315789473
campeonatobrasileiroseriea,2015,coritibafc,1524.570937464645,1521.0547140906128,1515.7565020546801,3.516223374032279,0.13684210526315788
campeonatobrasileiroseriea,2015,crflamengo,1524.1036548614918,1514.5863560745167,1520.9973632822775,9.517298786975061,0.2421052631578947
campeonatobrasileiroseriea,2015,cruzeiroec,1519.019363695442,1512.4733564913772,1513.6300581503313,6.546007204064836,0.042105263157894736
campeonatobrasileiroseriea,2015,crvascodagama,1521.0520430243039,1523.4678292390977,1518.055921343774,-2.4157862147937976,-0.014035087719298246
campeonatobrasileiroseriea,2015,figueirensefc,1521.3462977817828,1520.1349618265226,1522.56651284867,1.2113359552602105,-0.03859649122807017
campeonatobrasileiroseriea,2015,fluminensefc,1522.8005008585342,1515.4244054051576,1517.5462535614486,7.376095453376593,0.12280701754385966
campeonatobrasileiroseriea,2015,goiasec,1508.652328886454,1530.2883944856326,1523.6442127803011,-21.636065599178664,-0.42280701754385963
campeonatobrasileiroseriea,2015,gremiofbpa,1514.3623377992317,1518.5250444671021,1521.2498164524534,-4.162706667870452,-0.2508771929824561
campeonatobrasileiroseriea,2015,joinvilleec,1517.4509440772615,1518.9317369541252,1525.5999993775627,-1.4807928768636884,-0.010526315789473684
campeonatobrasileiroseriea,2015,santosfc,1531.8829391841125,1519.7565300904512,1508.7795882020944,12.126409093661323,0.11228070175438597
campeonatobrasileiroseriea,2015,saopaulofc,1508.4304123383126,1515.7414014842875,1526.337956739353,-7.310989145974872,-0.1456140350877193
campeonatobrasileiroseriea,2015,sccorinthians,1516.695039454683,1513.9657544175561,1520.580098786018,2.7292850371268287,0.0912280701754386
campeonatobrasileiroseriea,2015,scinternacional,1515.144464780816,1523.3680331987184,1514.4189664682033,-8.22356841790247,-0.18947368421052632
campeonatobrasileiroseriea,2015,sepalmeiras,1521.3867997499929,1521.4373930531756,1526.1067080357436,-0.05059330318272259,0.06140350877192983
campeonatobrasileiroseriea,2015,sportrecife,1511.0011150641142,1524.9006298627723,1524.9533057927827,-13.899514798658174,-0.2771929824561403
campeonatobrasileiroseriea,2016,aapontepreta,1519.529939271925,1517.1957475811791,1520.368930550213,2.334191690745911,0.06140350877192983
campeonatobrasileiroseriea,2016,americamineiro,1513.8674122568,1524.6904741679793,1518.4910539252649,-10.823061911179366,-0.46842105263157896
campeonatobrasileiroseriea,2016,atleticomineiro,1524.049502138788,1514.250767086852,1508.9147749907365,9.798735051936092,0.22280701754385965
campeonatobrasileiroseriea,2016,botafogofr,1530.3556892403603,1516.7334369504488,1516.3303295127748,13.622252289911557,0.11578947368421051
campeonatobrasileiroseriea,2016,chapecoense,1513.6072493589008,1526.9406348836876,1516.9399264623635,-13.333385524786763,-0.14736842105263157
campeonatobrasileiroseriea,2016,clubeatleticoparanaense,1516.1101093790876,1523.2666580014522,1515.93583031595,-7.156548622364653,-0.06140350877192983
campeonatobrasileiroseriea,2016,coritibafc,1532.7518678505885,1502.6233025872725,1522.5727511328878,30.128565263315977,0.5298245614035089
campeonatobrasileiroseriea,2016,crflamengo,1516.3933255163136,1523.3808151165852,1518.0639053829932,-6.987489600271601,-0.04912280701754386
campeonatobrasileiroseriea,2016,cruzeiroec,1507.2866941929988,1523.8429567900707,1515.4625411964828,-16.556262597071964,-0.3017543859649123
campeonatobrasileiroseriea,2016,ecvitoria,1527.5434501857756,1512.6402881166932,1520.5358569754885,14.903162069082327,0.256140350877193
campeonatobrasileiroseriea,2016,figueirensefc,1511.4482142824354,1517.7364283765055,1529.5502215364538,-6.288214094070099,0.10701754385964912
campeonatobrasileiroseriea,2016,fluminensefc,1525.4964241795126,1529.0404374294828,1505.1303400377897,-3.5440132499702486,-0.015789473684210527
campeonatobrasileiroseriea,2016,gremiofbpa,1516.7526584156667,1510.4448966265666,1518.4883944315548,6.307761789100141,0.16666666666666666
campeonatobrasileiroseriea,2016,santacruzfc,1513.66892736047,1523.2888622965731,1519.0751975380338,-9.619934936103164,-0.41754385964912283
campeonatobrasileiroseriea,2016,santosfc,1527.2891781453552,1511.560936401215,1512.86480433013,15.728241744140178,0.22807017543859648
campeonatobrasileiroseriea,2016,saopaulofc,1506.0180481352538,1519.8930310951785,1520.7643416454698,-13.874982959924637,-0.34210526315789475
campeonatobrasileiroseriea,2016,sccorinthians,1508.6570293091045,1509.6934782992348,1519.3243579200296,-1.0364489901303386,-0.08596491228070174
campeonatobrasileiroseriea,2016,scinternacional,1507.5350503747186,1515.1704636898035,1524.5282092924695,-7.635413315084861,-0.028070175438596492
campeonatobrasileiroseriea,2016,sepalmeiras,1520.5469446062034,1520.5395071401244,1516.903874541529,0.007437466078954458,0.21403508771929824
campeonatobrasileiroseriea,2016,sportrecife,1518.4722388875077,1510.2071667511186,1521.373975068895,8.265072136389108,0.03508771929824562
campeonatobrasileiroseriea,2017,aapontepreta,1534.296096361071,1520.9578382235138,1506.7122383025874,13.338258137557204,0.4070175438596491
campeonatobrasileiroseriea,2017,atleticogoianiense,1523.0470839985608,1522.1204174569943,1519.5986822083266,0.9266665415664193,0.03508771929824562
campeonatobrasileiroseriea,2017,atleticomineiro,1520.8921747846964,1516.0685081039712,1516.0251857873034,4.823666680725182,0.07368421052631578
campeonatobrasileiroseriea,2017,avaifc,1514.3023833863788,1519.4215368619475,1530.6463275954989,-5.119153475568737,-0.3298245614035088
campeonatobrasileiroseriea,2017,botafogofr,1518.0765053060286,1516.6817821115833,1522.5778044051335,1.3947231944453051,-0.2175438596491228
campeonatobrasileiroseriea,2017,chapecoense,1527.3945162479843,1515.848114140695,1516.2220705541404,11.546402107289168,0.41754385964912283
campeonatobrasileiroseriea,2017,clubeatleticoparanaense,1516.2096151323667,1518.6998909735426,1523.4055671804454,-2.490275841175844,-0.13684210526315788
campeonatobrasileiroseriea,2017,coritibafc,1520.676861687741,1515.958852057697,1525.6231065517945,4.71800963004398,-0.05263157894736842
campeonatobrasileiroseriea,2017,crflamengo,1506.6704793368153,1519.063365631265,1523.6026545468942,-12.392886294449681,-0.14385964912280702
campeonatobrasileiroseriea,2017,cruzeiroec,1524.5380480416534,1521.179450057683,1511.5579020478947,3.3585979839704123,0.12280701754385966
campeonatobrasileiroseriea,2017,crvascodagama,1516.3255226965866,1521.2101513944763,1524.3436150316722,-4.884628697889639,-0.21052631578947367
campeonatobrasileiroseriea,2017,ecbahia,1520.46895571042,1526.2347743338732,1518.4313777698303,-5.765818623453242,-0.057894736842105256
campeonatobrasileiroseriea,2017,ecvitoria,1514.2644978524238,1525.2020869055411,1524.7315654500524,-10.937589053117335,-0.2263157894736842
campeonatobrasileiroseriea,2017,fluminensefc,1526.8234039083045,1513.277194061027,1524.2043817453484,13.546209847277396,0.28070175438596495
campeonatobrasileiroseriea,2017,gremiofbpa,1514.495816291411,1525.5437678948185,1518.9603598090787,-11.047951603407455,-0.16315789473684209
campeonatobrasileiroseriea,2017,santosfc,1516.1880861230454,1516.469060104492,1516.73526543636,-0.28097398144655017,0.15438596491228068
campeonatobrasileiroseriea,2017,saopaulofc,1529.325098143678,1517.9099654462568,1511.2858463248926,11.415132697421086,0.21052631578947367
campeonatobrasileiroseriea,2017,sccorinthians,1511.226612194464,1520.983406517159,1523.1272953818984,-9.756794322694986,-0.16140350877192983
campeonatobrasileiroseriea,2017,sepalmeiras,1514.1657243967973,1516.264504483503,1515.6480414252862,-2.0987800867058013,-0.02631578947368421
campeonatobrasileiroseriea,2017,sportrecife,1521.6897257515075,1521.9825405918941,1517.6379197974964,-0.2928148403866544,0.015789473684210527
campeonatobrasileiroseriea,2018,americamineiro,1520.3938110054225,1526.1448127691021,1514.348537491424,-5.7510017636795965,-0.15614035087719297
campeonatobrasileiroseriea,2018,atleticomineiro,1510.8992534533465,1511.23280010763,1523.5297335816472,-0.33354665428350927,0.03684210526315789
campeonatobrasileiroseriea,2018,botafogofr,1507.9929982065923,1520.837437713149,1521.1304945594627,-12.844439506556682,-0.29473684210526313
campeonatobrasileiroseriea,2018,cearasc,1527.1923221825666,1517.4438609732424,1510.078027974362,9.748461209324205,0.3350877192982456
campeonatobrasileiroseriea,2018,chapecoense,1510.4076777650698,1513.2620262331302,1524.0527527837648,-2.8543484680603797,-0.03333333333333333
campeonatobrasileiroseriea,2018,clubeatleticoparanaense,1515.6715635010687,1512.6414480356102,1522.3102188507155,3.0301154654584934,0.031578947368421054
campeonatobrasileiroseriea,2018,crflamengo,1511.3520276201223,1524.4585721323895,1510.9606041808543,-13.106544512267192,-0.3719298245614035
campeonatobrasileiroseriea,2018,cruzeiroec,1519.4033101851753,1518.795493674928,1509.6466360912234,0.6078165102474031,-0.019298245614035085
campeonatobrasileiroseriea,2018,crvascodagama,1504.955532578151,1519.7643554219192,1522.1861195394413,-14.808822843768212,-0.22456140350877193
campeonatobrasileiroseriea,2018,ecbahia,1525.7796604122684,1514.8261941673595,1512.3803781869613,10.953466244908896,0.21228070175438596
campeonatobrasileiroseriea,2018,ecvitoria,1519.0130132481972,1523.6267727594031,1512.9546526603604,-4.613759511205899,-0.09824561403508772
campeonatobrasileiroseriea,2018,fluminensefc,1527.1931002306692,1516.7454388539988,1511.1806266422136,10.44766137667034,0.3245614035087719
campeonatobrasileiroseriea,2018,gremiofbpa,1508.1250853390684,1514.6999181084923,1524.8007946692228,-6.574832769423892,-0.08070175438596491
campeonatobrasileiroseriea,2018,paranaclube,1525.1812578316901,1511.2304949016846,1517.6058806861192,13.950762930005567,0.2175438596491228
campeonatobrasileiroseriea,2018,santosfc,1514.8779920166753,1514.988399487852,1512.9801183878408,-0.11040747117658611,-0.13508771929824562
campeonatobrasileiroseriea,2018,saopaulofc,1508.6333651805135,1517.2369508054812,1523.101390125979,-8.603585624967764,-0.19122807017543858
campeonatobrasileiroseriea,2018,sccorinthians,1508.2677789386723,1515.5916583843655,1518.7766565765241,-7.323879445693137,-0.25789473684210523
campeonatobrasileiroseriea,2018,scinternacional,1528.5026745174907,1511.428875899372,1514.853467385769,17.073798618118644,0.3596491228070175
campeonatobrasileiroseriea,2018,sepalmeiras,1517.9733902812297,1512.1850162239464,1513.4055308902518,5.788374057283363,0.1649122807017544
campeonatobrasileiroseriea,2018,sportrecife,1519.2528691886603,1522.2746163159766,1513.4942718059267,-3.021747127316303,-0.1736842105263158
campeonatobrasileiroseriea,2019,athleticoparanaense,1518.0247573681565,1524.6182907943912,1517.6657284747655,-6.593533426234671,-0.22553753816660435
campeonatobrasileiroseriea,2019,atleticomineiro,1523.8479923513794,1507.5338541912283,1523.7371459401693,16.31413816015106,0.04042185504413172
campeonatobrasileiroseriea,2019,avaifc,1526.113194055484,1522.8304648053413,1513.2498431627614,3.2827292501426655,0.2565909059323144
campeonatobrasileiroseriea,2019,botafogofr,1524.802364260711,1518.4698451683178,1514.975859172331,6.3325190923933405,-0.015817247625964585
campeonatobrasileiroseriea,2019,cearasc,1521.6477884995738,1522.6709833044874,1516.3838264776168,-1.0231948049136008,-0.05272415875321528
campeonatobrasileiroseriea,2019,chapecoense,1525.350756505879,1518.9318502162762,1517.2943191314798,6.4189062896027735,0.17398972388561043
campeonatobrasileiroseriea,2019,crflamengo,1509.38678677841,1512.32543254702,1525.9581419259423,-2.9386457686100584,0.11775062121551413
campeonatobrasileiroseriea,2019,cruzeiroec,1511.448231790905,1521.5872954794063,1523.9739163242145,-10.13906368850121,-0.2196839948050637
campeonatobrasileiroseriea,2019,crvascodagama,1522.6140620433046,1526.7554664094137,1512.0768879215068,-4.1414043661091,-0.0913885418389065
campeonatobrasileiroseriea,2019,csa,1529.4308480080065,1516.5063911619657,1515.2489290550216,12.924456846040812,0.1272488055803799
campeonatobrasileiroseriea,2019,ecbahia,1513.867080852386,1527.7478545477209,1517.995932729154,-13.880773695334938,-0.1282954529661572
campeonatobrasileiroseriea,2019,fluminensefc,1517.3581657736174,1523.567937737885,1522.8232888876116,-6.209771964267475,0.06678393442073936
campeonatobrasileiroseriea,2019,fortalezaec,1529.1749258297616,1516.2170500682232,1515.774506005606,12.95787576153839,0.366827591259302
campeonatobrasileiroseriea,2019,goiasec,1514.5214796639173,1526.8184052061488,1521.5804213878896,-12.29692554223152,-0.32864725622837526
campeonatobrasileiroseriea,2019,gremiofbpa,1507.0077368422478,1523.4627698116199,1519.58301099059,-16.45503296937204,-0.2970127609764461
campeonatobrasileiroseriea,2019,santosfc,1520.7699995845885,1511.811408687708,1524.9406469052508,8.958590896880423,-0.022847135459726626
campeonatobrasileiroseriea,2019,saopaulofc,1517.7912776050905,1520.8241677597564,1515.2774022342323,-3.0328901546658926,-0.08084371008826344
campeonatobrasileiroseriea,2019,sccorinthians,1527.8726900355477,1522.702386383326,1511.6683744755069,5.170303652221719,0.15114258842588382
campeonatobrasileiroseriea,2019,scinternacional,1523.6608883141505,1507.3456565818055,1521.5628746421098,16.315231732344955,0.15114258842588382
campeonatobrasileiroseriea,2019,sepalmeiras,1512.4159015148746,1510.267158596416,1518.1969137197425,2.148742918458538,0.1810196117193725
campeonatobrasileiroseriea,2022,americamineiro,1502.3080453513942,1522.3110087789946,1524.7872970396302,-20.002963427600434,-0.2544976111607598
campeonatobrasileiroseriea,2022,athleticoparanaense,1512.327755520165,1507.2277953112769,1515.829816812596,5.099960208888206,0.003510311878079445
campeonatobrasileiroseriea,2022,atleticogoianiense,1513.3181780195284,1514.1756953542606,1520.3551338411405,-0.8575173347321652,-0.026327339085595838
campeonatobrasileiroseriea,2022,atleticomineiro,1506.7006781795023,1519.660004946594,1518.0162199044476,-12.959326767091625,-0.05089952223215195
campeonatobrasileiroseriea,2022,avaifc,1507.0890728795036,1529.110553801936,1522.612569890801,-22.021480922432374,-0.2308030059837235
campeonatobrasileiroseriea,2022,botafogofr,1512.4183164747385,1514.4357234374152,1522.8561654821365,-2.0174069626766595,-0.2834576841549152
campeonatobrasileiroseriea,2022,cearasc,1532.5764191646804,1501.1457330864218,1517.8081619140053,31.430686078258532,0.44756476445512927
campeonatobrasileiroseriea,2022,coritibafc,1501.7657604588658,1526.8080219192339,1517.3500817326592,-25.04226146036808,-0.34488814202130547
campeonatobrasileiroseriea,2022,crflamengo,1515.76228193055,1500.2376180272418,1506.1291288684063,15.524663903308237,0.26327339085595836
campeonatobrasileiroseriea,2022,cuiabaec,1529.1865634334179,1511.8609612635457,1504.9881109534692,17.325602169872127,0.1719298245614035
campeonatobrasileiroseriea,2022,ecjuventude,1512.1834737212355,1531.9122328682502,1500.810146725983,-19.72875914701467,-0.17551559390397226
campeonatobrasileiroseriea,2022,fluminensefc,1531.404810064807,1501.9359955693856,1513.3187589117153,29.468814495421384,0.37999126080209994
campeonatobrasileiroseriea,2022,fortalezaec,1512.3960184708124,1517.602990273788,1511.2913152735382,-5.206971802975659,0.025449761116075977
campeonatobrasileiroseriea,2022,goiasec,1516.0151293105846,1517.3711026185265,1511.001659236812,-1.3559733079418947,-0.049144366293112224
campeonatobrasileiroseriea,2022,rbbragantino,1524.017172963477,1512.9572341131086,1508.6635831530823,11.059938850368326,0.13508771929824562
campeonatobrasileiroseriea,2022,santosfc,1514.0613440045297,1515.382373562271,1503.4520972441528,-1.3210295577412126,-0.026327339085595838
campeonatobrasileiroseriea,2022,saopaulofc,1509.5056157533656,1493.9145286673206,1532.7975942121848,15.591087086045036,0.31154017917955074
campeonatobrasileiroseriea,2022,sccorinthians,1507.615533099791,1518.3680695969365,1516.3908359373995,-10.752536497145456,-0.057042568018790984
campeonatobrasileiroseriea,2022,scinternacional,1512.3108430064715,1524.2451820837928,1503.1581843113074,-11.934339077321283,-0.18955684141629003
campeonatobrasileiroseriea,2022,sepalmeiras,1511.675338203683,1503.975524730803,1513.0214885656364,7.699813472879896,0.032470384872234866
campeonatobrasileiroseriea,2023,americamineiro,1526.5070472496752,1536.3845551266302,1517.4585809147197,-9.877507876954951,-0.0894736842105263
campeonatobrasileiroseriea,2023,athleticoparanaense,1528.26394842992,1519.9712229815907,1527.1319947075574,8.292725448329293,0.243859649122807
campeonatobrasileiroseriea,2023,atleticomineiro,1523.8900959211678,1527.4925592864518,1525.0952034736702,-3.6024633652839384,-0.13684210526315788
campeonatobrasileiroseriea,2023,botafogofr,1535.9203346176055,1525.9858665945403,1518.9153014726437,9.934468023065165,0.2070175438596491
campeonatobrasileiroseriea,2023,coritibafc,1540.0560285214444,1527.3095668606304,1519.6737992968474,12.74646166081402,0.22456140350877193
campeonatobrasileiroseriea,2023,crflamengo,1512.9633198337344,1526.9486436377133,1529.5845904987962,-13.985323803978872,-0.14035087719298248
campeonatobrasileiroseriea,2023,cruzeiroec,1525.136427696488,1529.9278792109264,1529.5539889099878,-4.7914515144384495,-0.028070175438596492
campeonatobrasileiroseriea,2023,crvascodagama,1533.9593298502725,1524.0170784659276,1522.6596570987144,9.9422513843449,0.1754385964912281
campeonatobrasileiroseriea,2023,cuiabaec,1521.0540049263009,1521.3261365416442,1541.5783452482378,-0.27213161534336905,-0.1789473684210526
campeonatobrasileiroseriea,2023,ecbahia,1527.41330009341,1537.632318216593,1516.4982799290988,-10.219018123182877,-0.2912280701754386
campeonatobrasileiroseriea,2023,fluminensefc,1507.5725061621272,1530.8569397689944,1531.0516371047947,-23.284433606867196,-0.2508771929824561
campeonatobrasileiroseriea,2023,fortalezaec,1523.8559589322995,1515.72863941891,1534.7085373623922,8.127319513389466,0.27543859649122804
campeonatobrasileiroseriea,2023,goiasec,1537.2515988568712,1510.5148388972282,1535.627281510951,26.736759959642995,0.41754385964912283
campeonatobrasileiroseriea,2023,gremiofbpa,1526.5574077705044,1527.2254925874831,1519.1726638880823,-0.6680848169787623,-0.19649122807017544
campeonatobrasileiroseriea,2023,rbbragantino,1527.9901452973536,1530.6167194148852,1526.5245260165698,-2.626574117531618,-0.15964912280701754
campeonatobrasileiroseriea,2023,santosfc,1529.2501009150146,1534.1595731889615,1517.3461805580698,-4.909472273946903,-0.14210526315789473
campeonatobrasileiroseriea,2023,saopaulofc,1529.962571397147,1524.0077946144916,1521.580415821672,5.954776782655472,0.03508771929824562
campeonatobrasileiroseriea,2023,sccorinthians,1528.654010852097,1521.6533296725358,1523.655692124241,7.00068117956107,0.0456140350877193
campeonatobrasileiroseriea,2023,scinternacional,1519.8668301087537,1516.394866142017,1529.6859031925753,3.4719639667366664,0.2157894736842105
campeonatobrasileiroseriea,2023,sepalmeiras,1507.585678581521,1525.556625385553,1526.2080668840874,-17.970946804031882,-0.2631578947368421
campeonatobrasileiroseriea,2024,athleticoparanaense,1526.1499524909195,1525.7928922499718,1513.9977148312526,0.3570602409477033,0.03333333333333333
campeonatobrasileiroseriea,2024,atleticogoianiense,1519.0296933260372,1528.4614156070488,1528.3786154697787,-9.431722281011616,0.04736842105263158
campeonatobrasileiroseriea,2024,atleticomineiro,1517.6847319026272,1526.0907851879476,1516.3592633980809,-8.406053285320468,-0.16315789473684209
campeonatobrasileiroseriea,2024,botafogofr,1514.7410493974678,1534.0345240233053,1517.6298828898346,-19.29347462583746,-0.37543859649122807
campeonatobrasileiroseriea,2024,crflamengo,1521.1079821360897,1518.557513546339,1520.5733190328406,2.5504685897508352,0.14210526315789473
campeonatobrasileiroseriea,2024,criciumaec,1517.9778744906755,1524.7573348746073,1529.442852360458,-6.7794603839317915,-0.19473684210526312
campeonatobrasileiroseriea,2024,cruzeiroec,1520.2036824299082,1525.087802721519,1526.1463015461463,-4.88412029161077,-0.25789473684210523
campeonatobrasileiroseriea,2024,crvascodagama,1521.99873848832,1518.5815827177935,1530.3337047399773,3.417155770526506,0.15263157894736842
campeonatobrasileiroseriea,2024,cuiabaec,1530.2213828845036,1510.9210781566626,1529.8051146399464,19.300304727840967,0.42280701754385963
campeonatobrasileiroseriea,2024,ecbahia,1529.7883751540373,1520.5980111986075,1523.4665103985003,9.190363955429802,0.20350877192982456
campeonatobrasileiroseriea,2024,ecjuventude,1525.3593922277444,1531.5365769401235,1525.3047293802665,-6.17718471237913,-0.16842105263157894
campeonatobrasileiroseriea,2024,ecvitoria,1517.983827045907,1526.5190274835472,1529.5011383379863,-8.535200437640242,-0.30526315789473685
campeonatobrasileiroseriea,2024,fluminensefc,1510.7261405772422,1528.5432745976846,1525.7938794706895,-17.81713402044238,-0.21929824561403505
campeonatobrasileiroseriea,2024,fortalezaec,1526.8415218227326,1524.1888469606545,1516.4920466531848,2.652674862078129,0.07543859649122807
campeonatobrasileiroseriea,2024,gremiofbpa,1529.0173256242706,1519.1581898931868,1512.847613867793,9.859135731083825,0.02280701754385965
campeonatobrasileiroseriea,2024,rbbragantino,1527.9076790988045,1519.4910330729642,1519.6993903316818,8.416646025840237,0.14210526315789473
campeonatobrasileiroseriea,2024,saopaulofc,1522.3841789061119,1518.232580357081,1525.8399476139525,4.15159854903095,0.04912280701754386
campeonatobrasileiroseriea,2024,sccorinthians,1524.0302777284235,1519.7851175993612,1522.6928651949224,4.245160129062242,0.1701754385964912
campeonatobrasileiroseriea,2024,scinternacional,1525.9188696444528,1533.6760707623982,1503.5369212691921,-7.757201117945442,-0.007017543859649123
campeonatobrasileiroseriea,2024,sepalmeiras,1519.3058897859974,1513.0266750679016,1522.9215868929184,6.279214718095773,0.1842105263157895
campeonatobrasileiroserieb,2010,aapontepreta,1500.0,1500.0,1500.0,0.0,
campeonatobrasileiroserieb,2010,adrcicasa,1500.0,1500.0,1500.0,0.0,
campeonatobrasileiroserieb,2010,adsaocaetano,1500.0,1500.0,1500.0,0.0,
campeonatobrasileiroserieb,2010,americafc,1500.0,1500.0,1500.0,0.0,
campeonatobrasileiroserieb,2010,americamineiro,1500.0,1500.0,1500.0,0.0,
campeonatobrasileiroserieb,2010,asadearapiraca,1500.0,1500.0,1500.0,0.0,
campeonatobrasileiroserieb,2010,brasiliensefc,1500.0,1500.0,1500.0,0.0,
campeonatobrasileiroserieb,2010,cabragantino,1500.0,1500.0,1500.0,0.0,
campeonatobrasileiroserieb,2010,coritibafc,1500.0,1500.0,1500.0,0.0,
campeonatobrasileiroserieb,2010,duquedecaxiasfc,1500.0,1500.0,1500.0,0.0,
campeonatobrasileiroserieb,2010,ecbahia,1500.0,1500.0,1500.0,0.0,
campeonatobrasileiroserieb,2010,ecsantoandre,1500.0,1500.0,1500.0,0.0,
campeonatobrasileiroserieb,2010,figueirensefc,1500.0,1500.0,1500.0,0.0,
campeonatobrasileiroserieb,2010,guaratingueta,1500.0,1500.0,1500.0,0.0,
campeonatobrasileiroserieb,2010,ipatingafc,1500.0,1500.0,1500.0,0.0,
campeonatobrasileiroserieb,2010,nautico,1500.0,1500.0,1500.0,0.0,
campeonatobrasileiroserieb,2010,paranaclube,1500.0,1500.0,1500.0,0.0,
campeonatobrasileiroserieb,2010,portuguesa,1500.0,1500.0,1500.0,0.0,
campeonatobrasileiroserieb,2010,sportrecife,1500.0,1500.0,1500.0,0.0,
campeonatobrasileiroserieb,2010,vilanovafc,1500.0,1500.0,1500.0,0.0,
campeonatobrasileiroserieb,2011,aapontepreta,1498.9227738211973,1502.4849305050436,1496.9230019141544,-3.562156683846297,-0.38207155373126467
campeonatobrasileiroserieb,2011,abcfc,1500.2165826267283,1494.46673077698,1499.2607314041734,5.749851849748211,0.337223117762768
campeonatobrasileiroserieb,2011,adrcicasa,1493.440485342444,1498.9379213838943,1501.850103445548,-5.497436041450328,-0.21700180478911632
campeonatobrasileiroserieb,2011,adsaocaetano,1499.2566851214726,1498.739474395449,1496.6159523735669,0.5172107260236771,0.053786772127216866
campeonatobrasileiroserieb,2011,americana,1496.6506262220526,1498.9017548447382,1498.1173594022703,-2.2511286226856555,-0.16223166205884512
campeonatobrasileiroserieb,2011,asadearapiraca,1499.6719464454818,1498.799013818015,1496.7009832906451,0.8729326274667528,-0.027820744203732865
campeonatobrasileiroserieb,2011,boaec,1500.972406425066,1498.246452104993,1494.7833265700024,2.725954320073015,0.24790456224722404
campeonatobrasileiroserieb,2011,cabragantino,1497.0638277819296,1497.232465537756,1496.9230019141544,-0.16863775582646667,-0.0352396093247283
campeonatobrasileiroserieb,2011,criciumaec,1497.6169089518228,1501.8628155118645,1494.264345446125,-4.245906560041703,-0.22238497495706863
campeonatobrasileiroserieb,2011,duquedecaxiasfc,1495.717098768084,1499.1090419129107,1500.6616400108308,-3.391943144826655,-0.04822262328647029
campeonatobrasileiroserieb,2011,ecvitoria,1500.3946843141057,1498.193320320115,1495.3697403034598,2.2013639939907534,-0.08931855551554393
campeonatobrasileiroserieb,2011,goiasec,1497.1000878451825,1499.5778074314935,1497.0264191633946,-2.4777195863109682,-0.02460817345836415
campeonatobrasileiroserieb,2011,gremiobaruerifutebolltda,1499.8563821806404,1495.3775330998064,1498.6824218008128,4.478849080833925,0.25428445906976294
campeonatobrasileiroserieb,2011,guaranifc,1498.1224294200238,1493.7406585731494,1501.9198681065006,4.38177084687436,0.26886708037842316
campeonatobrasileiroserieb,2011,nautico,1501.69514429369,1495.5214297947225,1501.6307704016228,6.173714498967456,0.47295265146345866
campeonatobrasileiroserieb,2011,paranaclube,1496.6182566086081,1496.7625447800203,1499.4553213608929,-0.14428817141219952,-0.09459053029269174
campeonatobrasileiroserieb,2011,portuguesa,1498.1107177789797,1495.5214297947225,1495.7891761646856,2.5892879842572256,0.2559508466743423
campeonatobrasileiroserieb,2011,salgueiroac,1497.491915673172,1500.25878820251,1495.9837511665419,-2.766872529338116,-0.19413114617153943
campeonatobrasileiroserieb,2011,sportrecife,1496.36476230673,1497.9036980464016,1497.2939545902752,-1.538935739671615,-0.19845464198662774
campeonatobrasileiroserieb,2011,vilanovafc,1495.2442780104568,1498.8901891032833,1501.2761311082106,-3.645911092826509,-0.2058735071076232
campeonatobrasileiroserieb,2012,abcfc,1502.1527179996028,1501.2978453504988,1498.5889129652687,0.8548726491039815,0.033629635456727466
campeonatobrasileiroserieb,2012,adsaocaetano,1498.9702165254705,1499.9452705556728,1501.83786039019,-0.9750540302022728,-0.051329443591847185
campeonatobrasileiroserieb,2012,americafc,1500.5420872951925,1499.3365201659185,1506.6139788191285,1.205567129273959,-0.13274856101339785
campeonatobrasileiroserieb,2012,americamineiro,1500.8902884129857,1499.8706271640303,1499.568125670074,1.0196612489553445,0.13451854182690987
campeonatobrasileiroserieb,2012,asadearapiraca,1500.3693783110111,1502.6138924472414,1503.1869376923266,-2.2445141362302365,-0.04070955871077535
campeonatobrasileiroserieb,2012,avaifc,1499.506165016537,1501.0645206999384,1502.2749019533217,-1.5583556834014871,-0.008810658179868876
campeonatobrasileiroserieb,2012,boaec,1497.1636439301437,1500.8540722120727,1502.0454581270342,-3.6904282819289165,-0.1628382348431014
campeonatobrasileiroserieb,2012,cabragantino,1498.6860056063279,1502.1280874483414,1497.8335627231938,-3.442081842013522,-0.2000078319268528
campeonatobrasileiroserieb,2012,cearasc,1495.5286855524666,1501.2214923410115,1505.7894498175438,-5.692806788544885,-0.2898706541176859
campeonatobrasileiroserieb,2012,clubeatleticoparanaense,1506.3095363947748,1501.8938627124687,1495.1655248224176,4.415673682306078,0.3929553548221517
campeonatobrasileiroserieb,2012,crb,1502.5426318395582,1499.1545022270877,1501.3820279741524,3.388129612470493,0.2290771126765907
campeonatobrasileiroserieb,2012,criciumaec,1502.8079078906546,1499.3791726499805,1501.8788889033017,3.4287352406740865,0.13451854182690987
campeonatobrasileiroserieb,2012,ecvitoria,1495.5307961630326,1501.4010277559594,1500.8229933281666,-5.870231592926757,-0.23717742901060418
campeonatobrasileiroserieb,2012,goiasec,1502.1586713625131,1504.3580729521093,1497.266430755046,-2.199401589596164,-0.30266671911054716
campeonatobrasileiroserieb,2012,gremiobaruerifutebolltda,1505.6488725653417,1500.3649963695004,1497.1226517117814,5.283876195841231,0.3451462586348345
campeonatobrasileiroserieb,2012,guaranifc,1504.0710333938596,1497.9396229315853,1501.1852125869991,6.131410462274289,0.1805380429782211
campeonatobrasileiroserieb,2012,guaratingueta,1501.2568304319377,1503.1535941440704,1501.0292632048404,-1.8967637121327243,-0.3256764696862028
campeonatobrasileiroserieb,2012,ipatingafc,1500.4265064467736,1500.3496572748534,1505.094623900632,0.07684917192023022,0.07256921335399084
campeonatobrasileiroserieb,2012,joinvilleec,1499.4948621542044,1502.5656199512694,1500.7842361133744,-3.070757797064971,-0.03788583017343616
campeonatobrasileiroserieb,2012,paranaclube,1504.6864000530225,1499.8507799917995,1499.2721958866166,4.835620061222926,0.4159454911753134
campeonatobrasileiroserieb,2013,abcfc,1502.5937228136484,1503.6835550227502,1496.7212066486827,-1.0898322091018144,0.08849904067559859
campeonatobrasileiroserieb,2013,adrcicasa,1502.4323151356623,1501.2659989502204,1498.3449389240027,1.1663161854419286,-0.044249520337799296
campeonatobrasileiroserieb,2013,adsaocaetano,1496.582160632286,1497.3580431427824,1495.6280056918752,-0.7758825104963307,0.10973881043774225
campeonatobrasileiroserieb,2013,americafc,1497.0896650984876,1500.1212572930235,1503.782326282236,-3.0315921945359605,0.01946978894863169
campeonatobrasileiroserieb,2013,americamineiro,1497.905704390814,1500.166430690688,1502.8013774436772,-2.2607262998740225,-0.014159846508095774
campeonatobrasileiroserieb,2013,asadearapiraca,1496.008613246119,1504.0841871485704,1506.2421645242198,-8.075573902451424,-0.16460821565661335
campeonatobrasileiroserieb,2013,atleticogoianiense,1503.653461970862,1495.885036425367,1501.4148624832992,7.76842554549512,0.16652143959952173
campeonatobrasileiroserieb,2013,avaifc,1506.4977622643328,1500.6375197474017,1491.608820895577,5.860242516931066,0.34160629700781053
campeonatobrasileiroserieb,2013,boaec,1495.689988970645,1508.7611037326494,1499.3457249906007,-13.071114762004527,-0.4584250306996006
campeonatobrasileiroserieb,2013,cabragantino,1498.3166500485686,1497.116424490977,1506.2170214286457,1.2002255575916934,-0.1787680621647091
campeonatobrasileiroserieb,2013,cearasc,1500.374370959247,1497.980495143939,1506.5365370568238,2.3938758153080926,-0.10442886799720633
campeonatobrasileiroserieb,2013,chapecoense,1504.1402164864046,1500.691731588118,1496.1588554600473,3.4484848982865515,0.1471379916038102
campeonatobrasileiroserieb,2013,figueirensefc,1504.969328513558,1500.6986037187723,1491.7435655374184,4.270724794785565,0.2566472179592359
campeonatobrasileiroserieb,2013,guaratingueta,1507.8098617670812,1498.985206131249,1498.6635726496488,8.824655635832187,0.20354779355387675
campeonatobrasileiroserieb,2013,joinvilleec,1495.2713629631526,1503.6753249014582,1498.660990668534,-8.403961938305656,-0.17168813891066126
campeonatobrasileiroserieb,2013,oestefc,1498.9746426374768,1495.7715318722558,1505.8472771903046,3.2031107652210267,0.038766895991423043
campeonatobrasileiroserieb,2013,paranaclube,1501.4145118648967,1496.9358874336854,1502.0181616144544,4.478624431211301,0.1486783883350056
campeonatobrasileiroserieb,2013,paysandusc,1498.2947993243226,1505.4822484652448,1496.7641082709958,-7.187449140922126,-0.36123698537462384
campeonatobrasileiroserieb,2013,sepalmeiras,1496.9471414053808,1500.6740856990725,1502.8162629623453,-3.7269442936917585,0.032599435265514835
campeonatobrasileiroserieb,2013,sportrecife,1499.6000729457855,1500.9298354330278,1496.3387982863046,-1.3297624872423057,-0.05309942440535915
campeonatobrasileiroserieb,2014,aapontepreta,1499.9294296147916,1508.7069598041703,1496.830045490158,-8.777530189378695,-0.3453778006508598
campeonatobrasileiroserieb,2014,abcfc,1501.656509519029,1506.5152714797098,1501.331247999834,-4.858761960680795,-0.14978118905777088
campeonatobrasileiroserieb,2014,adrcicasa,1495.8906130263322,1505.0130091548283,1504.082101805489,-9.12239612849612,-0.1612350446916004
campeonatobrasileiroserieb,2014,americafc,1499.6528609999796,1500.6574817110964,1507.17508424759,-1.004620711116786,-0.19823980904704966
campeonatobrasileiroserieb,2014,americamineiro,1500.6232230646003,1505.1680090162952,1498.8828508224724,-4.544785951694848,-0.16564037378153484
campeonatobrasileiroserieb,2014,atleticogoianiense,1507.524743231366,1504.7863711214575,1499.0597213876958,2.738372109908596,0.1471379916038102
campeonatobrasileiroserieb,2014,avaifc,1496.6087499365015,1506.209829138531,1503.7121208206413,-9.601079202029496,-0.23876883667444648
campeonatobrasileiroserieb,2014,boaec,1503.5519911706826,1501.1844731713254,1505.7585580372916,2.367517999357233,-0.06519887053102967
campeonatobrasileiroserieb,2014,cabragantino,1506.6663286932771,1497.9009786256781,1507.0218640274811,8.765350067599002,0.35771272210267624
campeonatobrasileiroserieb,2014,cearasc,1501.2968570232442,1499.493485780201,1503.1308885764677,1.8033712430433297,0.17885636105133812
campeonatobrasileiroserieb,2014,crvascodagama,1503.1994810984909,1503.8275809372317,1500.8047661990072,-0.628099838740809,-0.14411270059212178
campeonatobrasileiroserieb,2014,joinvilleec,1505.29275032425,1494.7997200554967,1504.4425778481527,10.493030268753273,0.4819430024388274
campeonatobrasileiroserieb,2014,luverdenseec,1493.160448925466,1509.2018903192381,1504.6972557459471,-16.041441393772175,-0.6432347367892265
campeonatobrasileiroserieb,2014,nautico,1501.5909397836251,1499.4990595979243,1504.0162418883851,2.091880185700802,0.0766527261648592
campeonatobrasileiroserieb,2014,oestefc,1501.9165271567254,1502.02930754423,1506.2118819593254,-0.11278038750469932,-0.015859184723763974
campeonatobrasileiroserieb,2014,paranaclube,1510.6656066534933,1500.6878403190601,1496.222777853564,9.977766334433227,0.320707957747227
campeonatobrasileiroserieb,2014,portuguesa,1501.464420658974,1499.2598386334032,1497.9145632841767,2.204582025570744,-0.012334921451816423
campeonatobrasileiroserieb,2014,sampaiocorreafc,1506.3386054290334,1503.9461144873362,1497.7885794207095,2.392490941697133,0.10369084554799007
campeonatobrasileiroserieb,2014,santacruzfc,1503.8181240104943,1496.5883021795576,1507.4729899609858,7.229821830936771,0.27240815355827896
campeonatobrasileiroserieb,2014,vilanovafc,1506.4578550344502,1501.81879141291,1506.611002661814,4.639063621540117,0.26696294285002686
campeonatobrasileiroserieb,2015,abcfc,1503.4751118807028,1509.468158980163,1501.9669540456587,-5.993047099460227,-0.26010584984919544
campeonatobrasileiroserieb,2015,americamineiro,1498.7581956709544,1502.7054996129762,1500.887295678845,-3.94730394202179,-0.07557129421294191
campeonatobrasileiroserieb,2015,atleticogoianiense,1505.4316897950946,1502.2871053651495,1500.3940394881006,3.1445844299450982,0.23374377047258776
campeonatobrasileiroserieb,2015,boaec,1499.8821481351595,1504.83650201958,1503.619262837443,-4.95435388442047,-0.02987702329348866
campeonatobrasileiroserieb,2015,botafogofr,1501.493008380325,1504.3661873063015,1505.1136186977747,-2.8731789259766174,-0.08336990710438681
campeonatobrasileiroserieb,2015,cabragantino,1506.360161374594,1505.1710051761295,1503.0716342462429,1.189156198464616,-0.056239102670096304
campeonatobrasileiroserieb,2015,cearasc,1500.8784950863428,1505.965028390809,1502.9350493094096,-5.086533304466229,-0.13884028471680024
campeonatobrasileiroserieb,2015,crb,1502.4160013062,1509.5505080703826,1502.1928657477858,-7.134506764182561,-0.2636207937660764
campeonatobrasileiroserieb,2015,criciumaec,1504.3061911336983,1503.0817980842878,1499.3917537480145,1.224393049410537,0.07205635029606089
campeonatobrasileiroserieb,2015,ecbahia,1501.144148408961,1502.7368758437356,1505.3017990868575,-1.592727434774588,-0.003514943916881019
campeonatobrasileiroserieb,2015,ecvitoria,1501.5737311984574,1501.0527622769262,1504.145282425982,0.520968921531221,-0.07205635029606089
campeonatobrasileiroserieb,2015,luverdenseec,1508.387041638672,1502.882996844174,1503.6146442481445,5.504044794497986,0.13356786884147873
campeonatobrasileiroserieb,2015,macaeesportefc,1499.7897760786434,1502.895813463759,1508.156206972639,-3.106037385115542,-0.15971919045261473
campeonatobrasileiroserieb,2015,mogimirimec,1511.8061555269178,1500.9729964787218,1498.986981390038,10.833159048195967,0.5133831121691188
campeonatobrasileiroserieb,2015,nautico,1505.9804363605701,1498.9490237748382,1507.7513896353494,7.031412585731914,0.18804949955313452
campeonatobrasileiroserieb,2015,oestefc,1499.8321815836498,1506.0186580615068,1505.9913020589338,-6.186476477857013,-0.24956101809855236
campeonatobrasileiroserieb,2015,paranaclube,1506.0445958922307,1502.7594936122284,1500.9380886609242,3.28510228000232,0.13532534079991923
campeonatobrasileiroserieb,2015,paysandusc,1504.3417893406179,1505.2688664576413,1505.2911028210476,-0.9270771170233729,-0.05096668679477477
campeonatobrasileiroserieb,2015,sampaiocorreafc,1510.6988883002302,1498.6148503402749,1501.141777317362,12.084037959955367,0.3637966953971855
campeonatobrasileiroserieb,2015,santacruzfc,1497.9770422164238,1504.8475746009224,1505.8308254398294,-6.870532384498574,-0.19683685934533704
campeonatobrasileiroserieb,2016,atleticogoianiense,1504.1337006856195,1517.15952121309,1504.2481995580388,-13.025820527470614,-0.46924501290361603
campeonatobrasileiroserieb,2016,avaifc,1512.8639011732664,1506.6654277586736,1502.3527981604998,6.198473414592854,0.27240815355827896
campeonatobrasileiroserieb,2016,cabragantino,1506.675317234819,1513.898234267977,1501.229449844122,-7.222917033157955,-0.2407736583063498
campeonatobrasileiroserieb,2016,cearasc,1513.2259053138805,1505.0910138566064,1507.3644631119446,8.13489145727408,0.13884028471680024
campeonatobrasileiroserieb,2016,crb,1501.1616061246784,1515.5080766943324,1506.1090645996958,-14.346470569654002,-0.32688978426993476
campeonatobrasileiroserieb,2016,criciumaec,1510.47777745713,1501.861546308418,1511.8670780123239,8.616231148712131,0.4270656859010439
campeonatobrasileiroserieb,2016,crvascodagama,1507.9046785989174,1510.2251921094717,1502.492898285839,-2.3205135105542922,0.03163449525192917
campeonatobrasileiroserieb,2016,ecbahia,1515.4830044767632,1500.2496724594143,1506.9913738630016,15.233332017348857,0.5043944520724262
campeonatobrasileiroserieb,2016,gebrasil,1511.0359319388442,1507.6333550368458,1506.2678460868935,3.4025769019983727,-0.11847302588518127
campeonatobrasileiroserieb,2016,goiasec,1500.0540927180748,1507.219512957336,1511.3550862395173,-7.165420239261266,-0.3304047281868158
campeonatobrasileiroserieb,2016,joinvilleec,1508.7754832288758,1504.0716303189133,1505.2355054826244,4.703852909962507,0.17574719584405096
campeonatobrasileiroserieb,2016,londrinaec,1507.0320511343582,1502.920166202814,1514.6769248942971,4.111884931544182,0.062308035835910144
campeonatobrasileiroserieb,2016,luverdenseec,1503.6046854646008,1504.9267013830624,1515.5182340313545,-1.3220159184616023,-0.056239102670096304
campeonatobrasileiroserieb,2016,nautico,1506.4517232671626,1507.0733700934957,1505.3539259748018,-0.6216468263330626,0.05975404658697732
campeonatobrasileiroserieb,2016,oestefc,1503.035312000811,1510.2258849537743,1513.827418570774,-7.190572952963294,-0.4270656859010439
campeonatobrasileiroserieb,2016,paranaclube,1506.7870394191639,1515.494153086011,1503.3298419130163,-8.707113666847135,-0.14411270059212178
campeonatobrasileiroserieb,2016,paysandusc,1511.2921476059846,1511.0903327004366,1500.1951499439276,0.20181490554796255,-0.04217932700257223
campeonatobrasileiroserieb,2016,sampaiocorreafc,1502.6893105217039,1503.3557876380344,1515.0701177064616,-0.6664771163304977,0.11072073338175212
campeonatobrasileiroserieb,2016,tupifc,1513.7492716569811,1501.3462438112776,1510.0503360341818,12.403027845703491,0.3685827471983417
campeonatobrasileiroserieb,2016,vilanovafc,1510.140458915737,1510.5575760873876,1513.0376866240572,-0.41711717165048867,0.003514943916881019
campeonatobrasileiroserieb,2017,abcfc,1501.431904475038,1507.6177964475987,1508.9427444029993,-6.185891972560739,-0.19394473126388934
campeonatobrasileiroserieb,2017,americamineiro,1506.442745104254,1497.0888415258848,1501.395030687581,9.353903578369227,0.18429137359917086
campeonatobrasileiroserieb,2017,boaec,1498.9495614792388,1511.4835271605548,1507.113405280217,-12.533965681315976,-0.37472579298498077
campeonatobrasileiroserieb,2017,cearasc,1507.477016698009,1498.7093997012657,1504.5529880187908,8.7676169967433,0.3519087657774643
campeonatobrasileiroserieb,2017,crb,1504.0120393308569,1498.2455554808646,1505.8659389497477,5.766483849992255,0.151820988726936
campeonatobrasileiroserieb,2017,criciumaec,1506.8368442312556,1496.0541731661287,1505.2960968009113,10.782671065126806,0.3150504910576302
campeonatobrasileiroserieb,2017,ecjuventude,1495.5904241612573,1509.421389529243,1504.914006377527,-13.830965367985755,-0.38596491228070173
campeonatobrasileiroserieb,2017,figueirensefc,1501.3066644929622,1509.2744529200293,1497.9977276257766,-7.967788427067035,-0.0974111546167046
campeonatobrasileiroserieb,2017,gebrasil,1515.725394732006,1498.0624330922888,1496.3363730162823,17.662961639717196,0.3343572063870671
campeonatobrasileiroserieb,2017,goiasec,1502.2602740269238,1498.7994769307065,1507.563145477427,3.4607970962172203,0.0816147511653471
campeonatobrasileiroserieb,2017,guaranifc,1495.9953471398946,1508.644403039422,1507.3675556041208,-12.649055899527411,-0.19921019908100854
campeonatobrasileiroserieb,2017,londrinaec,1505.5199480520566,1499.5177465319684,1500.3221037239343,6.002201520088192,0.025449761116075977
campeonatobrasileiroserieb,2017,luverdenseec,1509.589189380031,1500.4401354041142,1496.7954508404616,9.149053975916786,0.2509872992826803
campeonatobrasileiroserieb,2017,nautico,1491.968104021604,1500.1038669105596,1512.4318745012295,-8.135762888955696,-0.19569988720292902
campeonatobrasileiroserieb,2017,oestefc,1513.0354173318012,1502.9008980373083,1499.4893920185734,10.134519294492975,0.3536639217165041
campeonatobrasileiroserieb,2017,paranaclube,1507.884036052593,1509.0783680345112,1500.8873386305636,-1.1943319819181397,-0.1219833377632607
campeonatobrasileiroserieb,2017,paysandusc,1495.3642380853119,1509.8800988321257,1503.055743770083,-14.515860746813814,-0.46248358993696687
campeonatobrasileiroserieb,2017,santacruzfc,1504.0332877074368,1500.242024442518,1499.0511094849242,3.7912632649188254,0.20798597877620711
campeonatobrasileiroserieb,2017,scinternacional,1504.8465609123466,1502.0070533189703,1503.7842163560251,2.839507593376311,0.17719298245614035
campeonatobrasileiroserieb,2017,vilanovafc,1498.4536209466733,1509.1509778554876,1503.5603767943753,-10.6973569088143,-0.42825804912569226
campeonatobrasileiroserieb,2018,aapontepreta,1500.6149592168701,1497.9823303542287,1508.542868394378,2.632628862641468,-0.15641500430120533
campeonatobrasileiroserieb,2018,atleticogoianiense,1498.4624527727244,1499.594725507148,1503.17757558835,-1.1322727344236228,-0.06854140637917987
campeonatobrasileiroserieb,2018,avaifc,1489.3037028748793,1502.9388444755523,1510.3650204756425,-13.635141600673023,-0.30580012076864865
campeonatobrasileiroserieb,2018,boaec,1506.0915998823866,1502.6641127574705,1504.3814676131792,3.4274871249160697,0.0738138222545014
campeonatobrasileiroserieb,2018,coritibafc,1508.6106439070454,1503.5599011973634,1498.54711975394,5.0507427096820265,0.08963106988046599
campeonatobrasileiroserieb,2018,crb,1507.9175134878099,1499.0871374980245,1508.4493029190462,8.830375989785352,0.23374377047258776
campeonatobrasileiroserieb,2018,criciumaec,1508.617911316832,1502.804756457243,1502.1925419107845,5.813154859589076,0.29877023293488664
campeonatobrasileiroserieb,2018,csa,1501.595552126081,1502.5839140987518,1507.1134578071421,-0.988361972670873,-0.09302326476910529
campeonatobrasileiroserieb,2018,ecjuventude,1510.0448952817053,1502.8697627332576,1501.4987535518353,7.175132548447664,0.19859433130377757
campeonatobrasileiroserieb,2018,ecsaobento,1503.7264636506115,1501.9107923830181,1505.8195842694631,1.815671267593416,-0.09653357664718475
campeonatobrasileiroserieb,2018,figueirensefc,1506.3014172227204,1504.5444285662672,1499.7372902826987,1.7569886564531316,0.04920921483633426
campeonatobrasileiroserieb,2018,fortalezaec,1496.1525669333005,1507.7801835725888,1506.9414823574102,-11.627616639288362,-0.4387889847599306
campeonatobrasileiroserieb,2018,gebrasil,1505.7464807371791,1505.613005112721,1500.2970592161887,0.13347562445801486,0.26713573768295745
campeonatobrasileiroserieb,2018,goiasec,1507.632335668426,1507.6705045823223,1499.1714632608152,-0.038168913896242884,0.06854140637917987
campeonatobrasileiroserieb,2018,guaranifc,1503.1026461905387,1507.4516650064456,1506.0506045533107,-4.349018815906902,-0.23374377047258776
campeonatobrasileiroserieb,2018,londrinaec,1503.9787334751284,1496.5776884727618,1503.2955747346705,7.401045002366573,0.21616905088818267
campeonatobrasileiroserieb,2018,oestefc,1500.961841376894,1504.5772306370238,1501.3294708883384,-3.6153892601298594,0.04569427091945325
campeonatobrasileiroserieb,2018,paysandusc,1499.6326676751762,1505.960725997121,1507.5540679024432,-6.328058321944809,-0.1282954529661572
campeonatobrasileiroserieb,2018,sampaiocorreafc,1510.804333818655,1513.1189641408296,1496.010455921606,-2.31463032217448,0.03339196721036968
campeonatobrasileiroserieb,2018,vilanovafc,1503.3075125298337,1503.315556594658,1502.1310687435546,-0.008044064824161978,-0.02987702329348866
campeonatobrasileiroserieb,2019,aapontepreta,1509.1112448723832,1507.996897219791,1507.392350609141,1.114347652592187,0.09490348575578751
campeonatobrasileiroserieb,2019,americamineiro,1501.8047332148199,1509.1423725994184,1510.1446050803604,-7.33763938459856,-0.23374377047258776
campeonatobrasileiroserieb,2019,atleticogoianiense,1507.5968045226602,1515.8662172141214,1501.500473150177,-8.269412691461184,-0.40421855044131716
campeonatobrasileiroserieb,2019,botafogofc,1514.2942318463909,1508.132845490688,1509.744299697606,6.161386355702916,0.09390084273862515
campeonatobrasileiroserieb,2019,cabragantino,1519.7691700718435,1511.4939493155398,1506.961771677608,8.275220756303725,0.3637966953971855
campeonatobrasileiroserieb,2019,coritibafc,1518.4723951020717,1498.9579890156388,1514.2721620768245,19.514406086432928,0.4815473166126996
campeonatobrasileiroserieb,2019,crb,1512.8106496826329,1509.4249564158652,1510.236806663544,3.385693266767703,0.3514943916881019
campeonatobrasileiroserieb,2019,criciumaec,1515.940903900642,1503.5779055372257,1513.208372557951,12.36299836341641,0.41124843827507923
campeonatobrasileiroserieb,2019,cuiabaec,1515.4743140361159,1507.8832013344154,1508.9046372172097,7.591112701700467,0.09302326476910529
campeonatobrasileiroserieb,2019,ecsaobento,1503.2438898285263,1513.5554511637833,1516.3426537859173,-10.31156133525701,-0.39894613456599565
campeonatobrasileiroserieb,2019,ecvitoria,1508.5991654720513,1512.3169172364496,1507.605962977488,-3.717751764398372,-0.14235522863368127
campeonatobrasileiroserieb,2019,figueirensefc,1510.8117861044896,1516.3682001707296,1508.1961499026074,-5.556414066239995,-0.09490348575578751
campeonatobrasileiroserieb,2019,gebrasil,1505.5196651697795,1511.9944926826875,1512.7374462223777,-6.47482751290795,-0.31810242447773224
campeonatobrasileiroserieb,2019,guaranifc,1505.029825168951,1513.3858940034474,1512.7816875847084,-8.356068834496455,-0.34797944777122086
campeonatobrasileiroserieb,2019,londrinaec,1504.090504146582,1512.6592031606042,1509.6588356487916,-8.568699014022286,-0.007029887833762038
campeonatobrasileiroserieb,2019,oestefc,1510.6693408737165,1514.042233284565,1507.4155503787524,-3.3728924108486353,-0.17398972388561043
campeonatobrasileiroserieb,2019,operariofec,1514.4706076044588,1506.4265169333362,1511.2878198628948,8.044090671122603,0.32733658263090826
campeonatobrasileiroserieb,2019,paranaclube,1502.4926277204304,1508.3716518324325,1516.6802655359606,-5.879024112002071,-0.010544831750643057
campeonatobrasileiroserieb,2019,sportrecife,1506.335630169391,1512.126149733632,1512.0351533648438,-5.7905195642410945,-0.40421855044131716
campeonatobrasileiroserieb,2019,vilanovafc,1515.4293452943193,1504.2904303688083,1508.8131908965688,11.138914925511017,0.31810242447773224
campeonatobrasileiroserieb,2022,aapontepreta,1504.9152208781081,1496.8935561157082,1493.8509060815556,8.02166476239995,0.3109509315965471
campeonatobrasileiroserieb,2022,brusquefc,1491.0245516735138,1499.8691351927569,1503.6744587759063,-8.844583519243088,-0.2761170069078676
campeonatobrasileiroserieb,2022,chapecoense,1507.2461995289198,1495.5595695262891,1491.3116259933315,11.686630002630636,0.48201849281871617
campeonatobrasileiroserieb,2022,crb,1495.3634940225868,1500.6691712394627,1496.2818418531238,-5.3056772168758926,-0.18354123756128568
campeonatobrasileiroserieb,2022,criciumaec,1501.85138236023,1498.2480341182718,1499.1337692602453,3.6033482419582015,0.05434958976329333
campeonatobrasileiroserieb,2022,cruzeiroec,1492.6850526745018,1499.140064913096,1502.870758900809,-6.455012238594236,-0.12743861857286198
campeonatobrasileiroserieb,2022,crvascodagama,1500.5186978139925,1493.7151026373654,1498.6238080925027,6.803595176627141,0.28689455579967954
campeonatobrasileiroserieb,2022,csa,1506.1814206641545,1489.8345699893116,1496.4047118979522,16.346850674842926,0.4312328105808847
campeonatobrasileiroserieb,2022,ecbahia,1496.2273485966873,1503.8751780340647,1491.799756629723,-7.647829437377368,-0.14790216230666708
campeonatobrasileiroserieb,2022,gremiofbpa,1504.1981095369035,1497.2646993020894,1494.11868740806,6.933410234814119,-0.01769980813511972
campeonatobrasileiroserieb,2022,gremionovorizontino,1497.2384854577574,1502.3899061086936,1495.4177489822064,-5.151420650936188,-0.09734894474315844
campeonatobrasileiroserieb,2022,guaranifc,1497.4645450350843,1498.0042195252922,1502.5345548382397,-0.5396744902079718,-0.21116152088361503
campeonatobrasileiroserieb,2022,ituanofc,1506.1302212833996,1489.3840103011914,1500.2158886429618,16.74621098220814,0.46727493476716053
campeonatobrasileiroserieb,2022,londrinaec,1498.3208962525594,1505.2779515105985,1499.316767425383,-6.9570552580391904,-0.2672930644096393
campeonatobrasileiroserieb,2022,nautico,1495.3254598588655,1503.8350375781592,1500.2946826472578,-8.509577719293702,-0.0775149886787954
campeonatobrasileiroserieb,2022,operariofec,1489.5529766383881,1505.3964007871803,1500.0995629103102,-15.84342414879211,-0.4846914234628126
campeonatobrasileiroserieb,2022,sampaiocorreafc,1501.1612450268594,1493.063275952947,1507.6521876265501,8.097969073912509,0.21650738217180782
campeonatobrasileiroserieb,2022,sportrecife,1498.5600161324928,1497.322340256889,1488.6640982844863,1.237675875603827,0.02583832955959846
campeonatobrasileiroserieb,2022,tombensefc,1499.6663433524855,1495.7639889721193,1499.8025665236466,3.902354380366205,-0.06194932847291901
campeonatobrasileiroserieb,2022,vilanovafc,1491.8293994771896,1503.6744587759063,1501.3149999764148,-11.845059298716706,-0.34124414556297283
campeonatobrasileiroserieb,2023,aapontepreta,1505.3391591937418,1504.759303048069,1502.0189886805524,0.5798561456729203,0.11754385964912278
campeonatobrasileiroserieb,2023,abcfc,1502.232029424139,1504.6783589830243,1509.0986811864811,-2.4463295588852816,-0.028070175438596492
campeonatobrasileiroserieb,2023,atleticogoianiense,1502.694063393106,1504.401761413806,1497.8805717470973,-1.707698020700036,-0.15964912280701754
campeonatobrasileiroserieb,2023,avaifc,1500.9569161353384,1503.5807111212089,1502.7744143359648,-2.623794985870518,-0.03508771929824562
campeonatobrasileiroserieb,2023,botafogofc,1505.7514862696546,1509.51665090111,1497.4314770044168,-3.765164631455491,-0.0912280701754386
campeonatobrasileiroserieb,2023,cearasc,1499.934994432555,1504.4955534535077,1503.2852728437947,-4.560559020952724,0.0
campeonatobrasileiroserieb,2023,chapecoense,1502.8884378496853,1504.6444189070621,1506.9695087134535,-1.7559810573768573,-0.08771929824561404
campeonatobrasileiroserieb,2023,crb,1503.5246722802106,1502.9087221830646,1505.3158474539139,0.6159500971459693,-0.04736842105263158
campeonatobrasileiroserieb,2023,criciumaec,1508.5548197675591,1501.6800015207916,1498.8912828021623,6.874818246767518,0.2543859649122807
campeonatobrasileiroserieb,2023,ecjuventude,1504.756954905238,1507.8487565189039,1504.7306462659594,-3.0918016136658935,-0.13157894736842105
campeonatobrasileiroserieb,2023,ecvitoria,1506.4430540178737,1503.6884615261542,1501.4950890816451,2.7545924917194498,-0.0017543859649122807
campeonatobrasileiroserieb,2023,gremionovorizontino,1506.3070195415723,1508.7342646678949,1501.3434601519734,-2.427245126322532,-0.021052631578947368
campeonatobrasileiroserieb,2023,guaranifc,1503.1297815736443,1496.9219782657915,1509.549654322453,6.207803307852828,0.20526315789473687
campeonatobrasileiroserieb,2023,ituanofc,1504.4979724034854,1500.2724893319632,1502.553125052617,4.225483071522149,0.008771929824561405
campeonatobrasileiroserieb,2023,londrinaec,1508.5778725425305,1505.0735643572598,1499.6035732137318,3.504308185270702,0.09473684210526316
campeonatobrasileiroserieb,2023,mirassolfc,1498.291636709623,1507.7991348762744,1505.217904421659,-9.50749816665143,-0.28947368421052627
campeonatobrasileiroserieb,2023,sampaiocorreafc,1494.8916794141194,1502.9640532673575,1510.044302799408,-8.072373853238105,-0.28771929824561404
campeonatobrasileiroserieb,2023,sportrecife,1497.2674391973324,1503.0067677118777,1505.4391582862447,-5.739328514545377,-0.29298245614035084
campeonatobrasileiroserieb,2023,tombensefc,1509.7671329870936,1493.6772677378165,1512.2043772347813,16.08986524927718,0.5350877192982456
campeonatobrasileiroserieb,2023,vilanovafc,1505.0075132424433,1503.708355901366,1501.7864158621717,1.2991573410772617,-0.09649122807017543
campeonatobrasileiroserieb,2024,aapontepreta,1499.9509861623392,1506.2906637619226,1501.3139315336489,-6.3396775995834105,-0.12812638354989975
campeonatobrasileiroserieb,2024,amazonasfc,1499.427691718668,1497.6714771439179,1507.2878883428405,1.7562145747501745,0.03859649122807017
campeonatobrasileiroserieb,2024,americamineiro,1504.978082319645,1496.5423898740953,1497.861621821662,8.435692445549648,0.19218957532484962
campeonatobrasileiroserieb,2024,avaifc,1499.9363914047829,1499.802171657166,1505.176103314522,0.1342197476169531,-0.03422554081127459
campeonatobrasileiroserieb,2024,botafogofc,1505.5974507847202,1499.4968930917084,1503.8628150613413,6.100557693011751,0.20184293298956807
campeonatobrasileiroserieb,2024,brusquefc,1507.9776854481354,1500.4787152232045,1504.3066748349067,7.498970224930872,0.37472579298498077
campeonatobrasileiroserieb,2024,cearasc,1502.8451285074245,1499.3724751831664,1502.4607301603696,3.47265332425809,0.1746380159344524
campeonatobrasileiroserieb,2024,chapecoense,1497.4589930444165,1503.7371730604864,1507.3164162822918,-6.278180016069882,-0.278192216337796
campeonatobrasileiroserieb,2024,coritibafc,1497.9510496299165,1500.0101361930165,1500.9121188963109,-2.0590865630999815,-0.10267662243382376
campeonatobrasileiroserieb,2024,crb,1501.349458111661,1500.0203954701635,1500.0855000768083,1.3290626414975577,-0.016673981420877365
campeonatobrasileiroserieb,2024,goiasec,1500.9470915590289,1511.172024112396,1491.2001180354139,-10.224932553367125,-0.32996931653946787
campeonatobrasileiroserieb,2024,gremionovorizontino,1503.3317175874843,1493.2474660455655,1505.512576774692,10.084251541918775,0.2193944923799653
campeonatobrasileiroserieb,2024,guaranifc,1502.0451464997407,1496.9781544763534,1503.5674088298001,5.066992023387229,0.07898201725678752
campeonatobrasileiroserieb,2024,ituanofc,1499.2341960462272,1501.1861448650125,1506.0034960761566,-1.9519488187852403,-0.17376043796493254
campeonatobrasileiroserieb,2024,mirassolfc,1501.2971844442857,1504.1477584819363,1492.9013553145148,-2.850574037650631,-0.05353225614071153
campeonatobrasileiroserieb,2024,operariofec,1494.1062551200787,1511.0096813513298,1506.191656729192,-16.90342623125116,-0.5019745985653606
campeonatobrasileiroserieb,2024,paysandusc,1506.8890340964326,1501.616411930563,1498.0425867336014,5.272622165869734,0.0974111546167046
campeonatobrasileiroserieb,2024,santosfc,1496.2337891452719,1507.6777463605247,1500.2298368862914,-11.443957215252794,-0.4
campeonatobrasileiroserieb,2024,sportrecife,1501.573341990442,1494.809281270342,1502.4170608851307,6.764060720100133,0.15620887857453528
campeonatobrasileiroserieb,2024,vilanovafc,1501.5044061086817,1494.6973999419429,1504.8360077874559,6.807006166738802,0.2509872992826803
challengerproleague,2006,afctubize,1500.0,1500.0,1500.0,0.0,
challengerproleague,2006,fcvdendereh,1500.0,1500.0,1500.0,0.0,
challengerproleague,2006,kaseupen,1500.0,1500.0,1500.0,0.0,
challengerproleague,2006,kfcdesselsport,1500.0,1500.0,1500.0,0.0,
challengerproleague,2006,kfcvwhamme,1500.0,1500.0,1500.0,0.0,
challengerproleague,2006,kmskdeinze2024,1500.0,1500.0,1500.0,0.0,
challengerproleague,2006,koverpeltlommelunited,1500.0,1500.0,1500.0,0.0,
challengerproleague,2006,krcwaregem,1500.0,1500.0,1500.0,0.0,
challengerproleague,2006,kskronse2022,1500.0,1500.0,1500.0,0.0,
challengerproleague,2006,kvkortrijk,1500.0,1500.0,1500.0,0.0,
challengerproleague,2006,kvktienen,1500.0,1500.0,1500.0,0.0,
challengerproleague,2006,kvmechelen,1500.0,1500.0,1500.0,0.0,
challengerproleague,2006,kvoostende2024,1500.0,1500.0,1500.0,0.0,
challengerproleague,2006,kvredstarwaasland,1500.0,1500.0,1500.0,0.0,
challengerproleague,2006,oudheverleeleuven,1500.0,1500.0,1500.0,0.0,
challengerproleague,2006,royalantuerpiafc,1500.0,1500.0,1500.0,0.0,
challengerproleague,2006,royalexcelsiorvirton,1500.0,1500.0,1500.0,0.0,
challengerproleague,2006,unionsaintgilloise,1500.0,1500.0,1500.0,0.0,
challengerproleague,2007,afctubize,1500.806821292649,1498.2868922623302,1505.8322291967397,2.5199290303187354,0.3468794830005929
challengerproleague,2007,kaseupen,1494.108707410599,1505.4358794920945,1503.196417350171,-11.327172081495519,-0.3300610838248066
challengerproleague,2007,kfcverbroederinggeel2008,1500.1995107028195,1500.164057998504,1503.2768474621055,0.03545270431550307,0.03232709645927585
challengerproleague,2007,kfcvwhamme,1504.999513071052,1501.0073660309974,1499.3201531263667,3.992147040054533,-0.054659797321305555
challengerproleague,2007,kmskdeinze2024,1505.1505948459433,1498.7110087272883,1500.228917664492,6.4395861186549155,0.12193339402445086
challengerproleague,2007,koverpeltlommelunited,1503.0166952193538,1499.1364484150647,1506.5973300008566,3.8802468042890723,0.14926329268510363
challengerproleague,2007,kskbeveren2010,1499.521525200057,1503.0760722280586,1501.042818735313,-3.5545470280014797,0.08446757461939819
challengerproleague,2007,kvkortrijk,1497.4474266857596,1490.9490181637627,1501.7942297842937,6.498408521996907,-0.10721729474563782
challengerproleague,2007,kvktienen,1498.9924957107132,1500.8416905025551,1505.091295547054,-1.84919479184191,0.024176448815192843
challengerproleague,2007,kvoostende2024,1506.658952078714,1502.9139778825386,1497.8098044966275,3.7449741961754626,0.03573909824854594
challengerproleague,2007,kvredstarwaasland,1501.4085821351239,1507.480571044719,1497.170111845617,-6.07198890959512,0.06832474665163193
challengerproleague,2007,liersesk2018,1503.1741324349298,1504.5055963138975,1495.9606874146014,-1.3314638789677247,-0.19709100744526245
challengerproleague,2007,oudheverleeleuven,1497.2241829732868,1496.5465504692356,1503.9197332592632,0.6776325040511892,-0.20392309000640918
challengerproleague,2007,rfctournai,1499.9986129657598,1503.4777451991652,1500.164057998504,-3.4791322334053802,-0.25340272385819457
challengerproleague,2007,roccharleroimarchienne,1501.1459351911406,1500.0286157761848,1502.4658651961036,1.117319414955773,0.044840811217705216
challengerproleague,2007,royalantuerpiafc,1498.2870147653427,1498.3718948287967,1502.1116536415848,-0.0848800634539657,-0.01786954912427297
challengerproleague,2007,royalexcelsiorvirton,1503.2286430441538,1500.7557002799128,1504.8156316088887,2.4729427642409973,-0.12613799381839744
challengerproleague,2007,unionsaintgilloise,1511.626463784638,1499.1308836173105,1493.2735117052553,12.495580167327489,0.25017368773982157
challengerproleague,2007,urnamur,1500.475927102744,1503.2226898515928,1499.941799209092,-2.7467627488488233,-0.19083415006604776
challengerproleague,2008,fcbrussel,1498.0256336657183,1493.535946190381,1499.3382545021532,4.489687475337178,0.07124420154380358
challengerproleague,2008,kaseupen,1495.8707592959142,1496.1752687328062,1501.8103109212077,-0.3045094368919763,0.017580182378792136
challengerproleague,2008,kfcvwhamme,1499.16961484496,1496.3791248289197,1497.1522260903857,2.790490016040394,0.03826274988325347
challengerproleague,2008,kmskdeinze2024,1490.2310514060425,1502.549418736349,1501.9332107256953,-12.3183673303065,-0.39193465420954227
challengerproleague,2008,koverpeltlommelunited,1489.9049343465365,1492.0877638223808,1503.6886309601596,-2.1828294758443008,-0.13960733065511402
challengerproleague,2008,kskbeveren2010,1502.812882553991,1493.7400597767707,1498.1035321053948,9.072822777220154,0.2161328304216209
challengerproleague,2008,kskronse2022,1496.2453779704954,1500.5778455587254,1504.4291404206306,-4.332467588229974,-0.13960733065511402
challengerproleague,2008,kvktienen,1489.7798721508568,1501.2865077666559,1499.5887869085236,-11.506635615799041,-0.4746649242273876
challengerproleague,2008,kvoostende2024,1498.3449410666574,1496.4785839040387,1498.8642074699183,1.8663571626186695,0.09203742539485295
challengerproleague,2008,kvredstarwaasland,1498.247081504579,1494.284026055281,1501.8795672673211,3.9630554492980536,0.3381599786979428
challengerproleague,2008,liersesk2018,1497.320991868519,1494.0443589437116,1496.840055097322,3.2766329248074726,-0.03205797963191507
challengerproleague,2008,oudheverleeleuven,1496.927067605464,1495.247361531534,1492.057741114868,1.6797060739299923,0.07549137139128387
challengerproleague,2008,rfcluttich,1496.452436671433,1496.998560625066,1497.4488370617535,-0.546123953633014,-0.0382034124220396
challengerproleague,2008,rfctournai,1492.0677487097325,1502.8797291580802,1496.3643744342673,-10.81198044834764,-0.27404401943411266
challengerproleague,2008,roccharleroimarchienne,1497.2258550640408,1499.5687717958756,1496.2564352943834,-2.342916731834748,-0.1747676954126983
challengerproleague,2008,royalantuerpiafc,1498.3593599263502,1498.4454812753672,1485.7148755365376,-0.08612134901704849,0.18304072241448283
challengerproleague,2008,royalexcelsiorvirton,1498.876880664018,1494.2696071955886,1494.597190966967,4.607273468429412,0.1747676954126983
challengerproleague,2008,urnamur,1497.4753361405474,1501.863487525524,1495.4800783338887,-4.388151384976709,-0.08169614164262227
challengerproleague,2008,vvsttruiden,1500.0725918679148,1491.296154958146,1499.5310875321913,8.77643690976879,0.20960250599119024
challengerproleague,2009,afctubize,1503.9161092371342,1516.2804064897202,1511.02064124142,-12.364297252586084,-0.21473317886097476
challengerproleague,2009,fcbrussel,1514.2513054213077,1503.0315682427345,1521.1197245943438,11.219737178573268,0.32573052252341095
challengerproleague,2009,fcvdendereh,1506.0049942992543,1510.6050507189666,1512.6355589513532,-4.600056419712246,-0.11410941871839239
challengerproleague,2009,kaseupen,1506.86914074322,1519.4515999269245,1511.337937108736,-12.582459183704486,-0.13174451070214394
challengerproleague,2009,koverpeltlommelunited,1518.820349796449,1512.7732614629729,1501.4290941134047,6.04708833347604,0.14626752762993936
challengerproleague,2009,kskbeveren2010,1518.9563101196848,1509.2220098480157,1514.2824804275108,9.734300271669099,0.10166111849456777
challengerproleague,2009,kskronse2022,1519.814987125296,1510.840740246429,1509.242341876419,8.974246878867007,0.12759507729420239
challengerproleague,2009,kvktienen,1520.5076117984052,1514.5719682069032,1501.1912881076123,5.935643591501957,0.1203335688303047
challengerproleague,2009,kvoostende2024,1502.3389435696256,1520.4620149058308,1513.7759459037964,-18.123071336205157,-0.41805541585011036
challengerproleague,2009,kvredstarwaasland,1502.1160182249307,1520.053859521611,1513.3198470766085,-17.93784129668029,-0.41390598244216875
challengerproleague,2009,kvturnhout,1514.553577892768,1511.2752824062316,1511.1884886131684,3.2782954865365355,0.325750438195266
challengerproleague,2009,liersesk2018,1507.6152498604424,1507.5002568408088,1507.241924718748,0.11499301963362996,0.14523016927795393
challengerproleague,2009,oudheverleeleuven,1511.253575613099,1508.5301305368237,1516.8843920144784,2.7234450762753113,-0.08713810156677237
challengerproleague,2009,raecmons2015,1513.711698881365,1504.5119635601407,1518.7936864706624,9.199735321224352,0.22854237092429774
challengerproleague,2009,rfcluttich,1519.9896124991794,1506.0176683462869,1510.3888966724633,13.971944152892547,0.3246931641714256
challengerproleague,2009,rfctournai,1514.7904793536334,1508.451339642168,1511.4370045109054,6.33913971146535,0.16390261961369088
challengerproleague,2009,royalantuerpiafc,1509.2257547045574,1517.3244846101168,1501.3490055400223,-8.098729905559367,-0.1255203605902316
challengerproleague,2009,royalboussudourborinage,1505.8324399545227,1521.195342208579,1509.9895667490664,-15.36290225405628,-0.3857298839582039
challengerproleague,2009,standaardwetteren2015,1511.05933613523,1507.58338581963,1518.3746269573082,3.47595031560013,-0.0072388986265614665
challengerproleague,2010,afctubize,1506.249550449622,1503.4173607701848,1498.5808452048348,2.8321896794370787,0.10271721980812465
challengerproleague,2010,csvise2015,1503.4231104930855,1504.7129306592042,1498.1108008550784,-1.2898201661187159,-0.12656060974765607
challengerproleague,2010,fcbrussel,1503.6253259330697,1500.7037156779804,1509.0338315576848,2.921610255089263,-0.11649635905067796
challengerproleague,2010,fcrupelboom,1499.750257059867,1501.956551378189,1504.79061350395,-2.2062943183220796,-0.0570763534156096
challengerproleague,2010,fcvdendereh,1498.9004618854276,1505.732861988581,1502.9585762246898,-6.832400103153304,-0.18038145917524326
challengerproleague,2010,kskheist,1500.1998387420174,1503.8163214514573,1502.3121917418705,-3.616482709439879,-0.004963161166574748
challengerproleague,2010,ksvroeselare2020,1499.874711980064,1502.7120282059657,1503.84200204436,-2.837316225901759,0.09181848158163282
challengerproleague,2010,kvktienen,1508.4559171306719,1498.5921184633942,1501.4329712260196,9.863798667277706,0.23549801614545648
challengerproleague,2010,kvoostende2024,1501.6591993680997,1500.9304680666328,1501.4022810951437,0.7287313014669508,-0.05762185501431382
challengerproleague,2010,kvrswaaslandskbeveren,1504.241274924404,1497.9491240423895,1504.671334551194,6.292150882014539,0.14641325441395503
challengerproleague,2010,kvturnhout,1499.750257059867,1503.0754957070897,1505.9367946213956,-3.3252386472227045,-0.17787616113114266
challengerproleague,2010,lommelunited,1503.9145071221776,1504.0966925186087,1498.2916640157266,-0.18218539643112308,0.01240790291643687
challengerproleague,2010,oudheverleeleuven,1502.3121917418705,1504.2472802925797,1499.874711980064,-1.9350885507092244,-0.08893808056557133
challengerproleague,2010,raecmons2015,1496.8185501245744,1501.6329634429703,1496.754466020342,-4.814413318395964,-0.15908642580038815
challengerproleague,2010,rfctournai,1504.1838150006638,1502.0530461087153,1500.1478888996376,2.1307688919484917,0.4071109321663477
challengerproleague,2010,royalantuerpiafc,1502.0296348338677,1503.2319966168661,1497.3500963475,-1.2023617829984232,-0.07390629230096772
challengerproleague,2010,royalboussudourborinage,1497.1260325433143,1502.5429827770886,1501.2531373360837,-5.416950233774287,-0.11148576296247674
challengerproleague,2010,standaardwetteren2015,1504.1994599774625,1498.6991081044318,1506.272852887603,5.500351873030695,0.11900165709477856
challengerproleague,2011,afctubize,1502.7217708213457,1495.8115348662843,1504.9509889873073,6.910235955061353,0.3649884409937756
challengerproleague,2011,csvise2015,1500.831880497949,1497.9665080024085,1504.1687463611122,2.8653724955404414,0.036992071722342125
challengerproleague,2011,fcbrussel,1503.9934468317877,1503.864598124602,1499.1727821266713,0.12884870718562524,-0.10234473176514654
challengerproleague,2011,fcvdendereh,1507.2082368059584,1496.061421909537,1503.8047545392778,11.146814896421347,0.32183102398437646
challengerproleague,2011,kaseupen,1497.7209242514543,1499.6050805436532,1502.1739721836932,-1.8841562921988952,0.05178890041127897
challengerproleague,2011,kskheist,1505.4483340765923,1505.581836033439,1496.2279877600579,-0.13350195684665778,0.004932276229645616
challengerproleague,2011,ksvroeselare2020,1504.681153796104,1500.6355565637025,1500.0344073441595,4.045597232401406,0.2749743998027431
challengerproleague,2011,kvktienen,1506.758077951076,1498.8576856491054,1502.5415889565704,7.900392301970669,0.3649884409937756
challengerproleague,2011,kvoostende2024,1505.0168296022448,1506.7880511758901,1495.1790956744915,-1.7712215736453345,-0.004932276229645616
challengerproleague,2011,kvrswaaslandskbeveren,1504.3293729434765,1501.6185106142327,1493.0233211631303,2.7108623292438097,0.2207193612766413
challengerproleague,2011,lommelunited,1496.118221967442,1499.2903221566332,1500.8066780610689,-3.1721001891912692,-0.250313018654515
challengerproleague,2011,rcharleroisc,1493.6177788848875,1504.5987604687243,1505.843829947731,-10.980981583836865,-0.4717458956788379
challengerproleague,2011,royalantuerpiafc,1504.3100162030316,1494.779799248351,1502.7955591987775,9.530216954680554,0.45746862029963087
challengerproleague,2011,royalboussudourborinage,1500.3237978177735,1503.6519220501186,1501.6799637390818,-3.3281242323450897,-0.19235877295617904
challengerproleague,2011,sksintniklaas,1496.3128023747156,1502.7066963404538,1505.2128764160161,-6.393893965738243,-0.27027108606600087
challengerproleague,2011,standaardwetteren2015,1494.584408222743,1507.226025165525,1504.8073612923172,-12.641616942782093,-0.5191220731702011
challengerproleague,2011,vceendrachtaalst20022024,1495.7033693558587,1502.4619772889816,1506.0892756728426,-6.758607933122903,-0.42260569821229227
challengerproleague,2011,whitestarwoluwefc,1504.9509889873073,1503.1251251901047,1496.118221967442,1.8258637972026008,0.12285049366636404
challengerproleague,2012,afctubize,1495.9613847690598,1497.9580677485183,1514.3571837255292,-1.9966829794584555,-0.10565142455307307
challengerproleague,2012,csvise2015,1503.7723234824034,1515.1845992654446,1489.8873516032597,-11.412275783041196,-0.4717458956788379
challengerproleague,2012,fcbrussel,1504.9197055507539,1504.4298948373034,1502.7671385023098,0.4898107134504244,-0.3488954020124739
challengerproleague,2012,kaseupen,1488.1278814370432,1501.2023890251912,1505.308307994592,-13.07450758814798,-0.18673275037287335
challengerproleague,2012,kfcdesselsport,1510.9554660504912,1497.584216144817,1501.9725981356185,13.371249905674176,0.3857505501123831
challengerproleague,2012,kskheist,1509.3079816453676,1496.6365424249689,1502.1553856254077,12.671439220398725,0.09090936531310939
challengerproleague,2012,ksvoudenaarde,1506.1978084940265,1497.9447052800604,1504.0131076416408,8.253103213966142,0.288166823016887
challengerproleague,2012,ksvroeselare2020,1502.0540156462196,1506.8661222608546,1501.9972910570802,-4.812106614635013,-0.09828039493309124
challengerproleague,2012,kvcwesterlo,1495.4435707006387,1503.0494503027332,1509.1985326830218,-7.6058796020945465,0.049049672002874384
challengerproleague,2012,kvoostende2024,1498.6958097996146,1497.5399754707241,1501.5033125372572,1.155834328890478,0.1916467701195279
challengerproleague,2012,lommelunited,1510.5780772156531,1490.085416629857,1504.5181060057591,20.492660585796102,0.3882075599857103
challengerproleague,2012,royalantuerpiafc,1497.506504584122,1513.3385538486034,1500.4490191111952,-15.832049264481384,-0.3341533427725102
challengerproleague,2012,royalboussudourborinage,1499.9370638223934,1502.8559401669515,1509.7802198437769,-2.918876344558157,-0.23587294783941895
challengerproleague,2012,royalmouscronperuwelz,1508.3198345445007,1506.4434189582946,1492.6197575785473,1.8764155862061216,-0.09932558580582063
challengerproleague,2012,sksintniklaas,1503.0801568228546,1495.7785355419953,1514.8736950265547,7.301621280859308,-0.17690471087956422
challengerproleague,2012,vceendrachtaalst20022024,1504.5575883050087,1506.8469152096943,1498.5162120491673,-2.289326904685595,0.03931215797323649
challengerproleague,2012,vvsttruiden,1500.7313441128397,1492.226267384349,1508.819856170514,8.505076728490621,0.4570038364388742
challengerproleague,2012,whitestarwoluwefc,1503.6817534435409,1503.0564632865696,1497.2375187421378,0.6252901569712321,0.1670766713862551
challengerproleague,2014,afctubize,1495.6280863203378,1500.7828201442883,1507.71878925068,-5.154733823950437,-0.32193079866692725
challengerproleague,2014,kaseupen,1504.913134187391,1495.831427088183,1500.5610861180692,9.08170709920796,0.17912881015319299
challengerproleague,2014,kfcdesselsport,1501.9335034239723,1501.9187962598305,1504.9745223091063,0.014707164141782414,-0.052611258926112625
challengerproleague,2014,krcmechelen,1498.2933562459496,1502.728940444548,1502.344680009749,-4.4355841985984625,-0.03226054758273586
challengerproleague,2014,kskheist,1502.281424398444,1503.3493548956512,1506.5066684744882,-1.0679304972072714,-0.09520132567582285
challengerproleague,2014,ksvroeselare2020,1501.8010348793114,1505.7358786604834,1498.0366026633053,-3.9348437811720487,-0.14029669046963367
challengerproleague,2014,kvwoluwezaventem,1502.0171421995421,1506.9089222893083,1494.060913861872,-4.891780089766144,-0.2556028000785995
challengerproleague,2014,lommelunited,1500.482326668097,1505.1202508826566,1493.7966316629704,-4.637924214559689,-0.1853920552634445
challengerproleague,2014,oudheverleeleuven,1497.4682478415102,1496.392331407166,1501.0890036526464,1.075916434344208,0.012526490220503006
challengerproleague,2014,patroeisdenmaasmechelen,1502.344680009749,1498.167085356062,1503.2699254333884,4.177594653687038,0.30523441174434696
challengerproleague,2014,raecmons2015,1500.6664449626624,1498.6261465462992,1499.24040551331,2.0402984163631572,0.34823642812998357
challengerproleague,2014,royalantuerpiafc,1504.830534854284,1500.5287585624992,1500.5610861180692,4.30177629178479,-0.03883211968355931
challengerproleague,2014,royalexcelsiorvirton,1502.3044318912725,1503.9970901088047,1498.2933562459496,-1.6926582175321983,0.13904404144758334
challengerproleague,2014,seraingunited,1502.0932322834515,1498.04565585679,1503.6538417043469,4.047576426661408,0.13648693208080556
challengerproleague,2014,vceendrachtaalst20022024,1495.593060027254,1505.6187656569039,1505.4852963617143,-10.025705629649792,-0.24677185734390922
challengerproleague,2014,verbroederingmeerhout,1500.5610861180692,1505.1202508826566,1497.4682478415102,-4.559164764587422,-0.20100802724627725
challengerproleague,2014,vvsttruiden,1502.106579677056,1492.5747904727107,1502.0646149884712,9.531789204345387,0.09520132567582285
challengerproleague,2014,whitestarbrussel2017,1503.6888679974304,1498.435576558787,1501.6328379518252,5.253291438643373,0.2630475418284616
challengerproleague,2015,afctubize,1501.0526800386701,1494.5056361972709,1502.4639418325396,6.547043841399272,0.1061951523019436
challengerproleague,2015,cerclebrugge,1490.7078891898277,1509.773275388334,1499.5487967808776,-19.065386198506303,-0.332597588203472
challengerproleague,2015,kaseupen,1484.3460802861669,1496.456161337263,1506.0507577641438,-12.110081051096131,-0.08849596025161967
challengerproleague,2015,kfcdesselsport,1507.9688552204375,1496.8929399710273,1505.7268562905185,11.075915249410173,0.15634286311119475
challengerproleague,2015,kmskdeinze2024,1500.0160918655424,1502.3077603441286,1499.9770886251754,-2.291668478586189,0.044247980125809834
challengerproleague,2015,kskheist,1512.7547428625091,1495.7219214173422,1500.8757068236182,17.032821445166974,0.26253801541313837
challengerproleague,2015,ksvroeselare2020,1509.7908591310522,1505.6236012210886,1488.4939648659054,4.16725790996361,0.085546094909899
challengerproleague,2015,kvvcoxyde2017,1494.8567055728304,1495.2711515372785,1510.279269374658,-0.4144459644480776,0.21486392866241996
challengerproleague,2015,liersesk2018,1490.195525444922,1495.7763054200689,1506.8737891885517,-5.580779975146925,-0.05604744149269246
challengerproleague,2015,lommelunited,1482.2049258455904,1503.2342649716354,1498.8999941461611,-21.029339126044988,-0.5368754921931592
challengerproleague,2015,patroeisdenmaasmechelen,1514.2898103499492,1500.1871816805412,1502.4310512644724,14.102628669407977,0.2507385540462557
challengerproleague,2015,rfcseraing,1503.557691468799,1500.747493762756,1496.8929399710273,2.810197706043027,-0.011773365954105204
challengerproleague,2015,royalantuerpiafc,1492.4216312799495,1519.036905834494,1491.0255554801502,-26.615274554544612,-0.6106221257361757
challengerproleague,2015,royalexcelsiorvirton,1492.348339135471,1503.2631729064246,1499.1679270256388,-10.914833770953692,-0.30973586088066885
challengerproleague,2015,unionsaintgilloise,1506.4859752025825,1503.110907181666,1493.2271622648834,3.3750680209163875,0.21534016994560784
challengerproleague,2015,verbroederingmeerhout,1504.796520497191,1494.7682988026363,1503.8317592637445,10.028221694554759,0.0265487880754859
challengerproleague,2015,whitestarbrussel2017,1511.4551389099167,1491.912061124829,1500.3218862245683,19.54307778508769,0.3451342449813167
challengerproleague,2016,afctubize,1534.0263234790045,1534.198182128726,1537.6026121698114,-0.17185864972157106,-0.7500000000000002
challengerproleague,2016,cerclebrugge,1537.9928269216393,1534.4967698595392,1533.6765253833337,3.4960570621001352,0.3214285714285715
challengerproleague,2016,ksvroeselare2020,1540.1262145691887,1540.0154987797189,1535.484865759724,0.11071578946985028,0.9285714285714288
challengerproleague,2016,liersesk2018,1531.6757783694925,1536.2454690998816,1532.9086348161277,-4.569690730389084,-0.5714285714285715
challengerproleague,2016,lommelunited,1533.3645820471627,1534.6804817755071,1534.730079127506,-1.3158997283444478,0.21428571428571433
challengerproleague,2016,oudheverleeleuven,1535.169402135497,1530.9460242439777,1535.461381549162,4.223377891519249,-0.21428571428571433
challengerproleague,2016,royalantuerpiafc,1531.645741988909,1532.9933112151334,1536.7834546855663,-1.3475692262243228,-0.4642857142857144
challengerproleague,2016,unionsaintgilloise,1539.4066544553414,1539.831786863751,1536.7599704750041,-0.42513240840958133,0.5357142857142858
challengerproleague,2017,afctubize,1525.0355814044715,1527.9960499392844,1532.040242707547,-2.9604685348128896,0.14285714285714288
challengerproleague,2017,cerclebrugge,1522.912531722969,1527.4400480733811,1531.7380080022858,-4.527516350412043,0.10714285714285716
challengerproleague,2017,kfcobeerschotwilrijk,1533.2269252573244,1531.2404402381421,1522.5846806934867,1.9864850191822825,0.42857142857142866
challengerproleague,2017,ksvroeselare2020,1526.7136057283149,1517.9778886601412,1519.5496056413415,8.735717068173699,-0.39285714285714296
challengerproleague,2017,kvcwesterlo,1521.710696710513,1519.5434450624462,1535.1377911955192,2.1672516480668946,-0.14285714285714288
challengerproleague,2017,liersesk2018,1518.6909835878298,1512.8227536479312,1517.540883709077,5.868229939898583,-0.42857142857142866
challengerproleague,2017,oudheverleeleuven,1529.9048871423047,1533.1511849514943,1523.2117242932516,-3.2462978091896275,0.8214285714285715
challengerproleague,2017,unionsaintgilloise,1525.4820024309527,1533.5054034118589,1521.874277742172,-8.023400980906217,-0.5357142857142858
challengerproleague,2018,afctubize,1515.1040021274928,1513.531590902992,1509.747352588984,1.5724112245006836,0.28571428571428575
challengerproleague,2018,kfcobeerschotwilrijk,1499.3886774520952,1503.894287292061,1508.5833233594817,-4.505609839965928,-0.5
challengerproleague,2018,ksvroeselare2020,1502.0131541665878,1507.8171840743946,1510.3176208475818,-5.804029907806807,-0.5714285714285715
challengerproleague,2018,kvcwesterlo,1510.60735024398,1508.074208140487,1509.1242031198085,2.5331421034929917,0.3571428571428572
challengerproleague,2018,kvmechelen,1511.2952537365838,1507.047011509198,1505.9093562201062,4.248242227385845,0.5
challengerproleague,2018,lommelsk,1508.6791135066123,1510.276139616009,1506.8254908760332,-1.5970261093966656,-0.5
challengerproleague,2018,oudheverleeleuven,1501.9417535671112,1498.6319511185352,1506.3544458333026,3.309802448575965,0.14285714285714288
challengerproleague,2018,unionsaintgilloise,1511.5464041005123,1511.3033362472981,1503.7139160556771,0.24306785321414281,0.28571428571428575
challengerproleague,2022,beerschotva,1491.1518345957993,1496.819634599339,1492.9870727268647,-5.667800003539696,0.11582156166423187
challengerproleague,2022,clubnxt,1498.3857511308036,1491.470589253335,1491.8663508730078,6.915161877468563,0.7370463014996572
challengerproleague,2022,fcvdendereh,1491.1518345957993,1492.2578552713244,1500.0,-1.1060206755250874,-0.47984093844023834
challengerproleague,2022,jonggenk,1490.2521020038114,1497.8002662214637,1492.7660834649957,-7.5481642176523565,-0.4843447124140605
challengerproleague,2022,kmskdeinze2024,1497.4860185388156,1495.2761563965535,1493.8868053188526,2.209862142262182,-0.04046851288050203
challengerproleague,2022,kskliersekempenzonen,1496.3652966849588,1493.8636886360066,1491.1518345957993,2.501608048952221,0.28428928772129636
challengerproleague,2022,lommelsk,1499.100267408012,1495.4071668387921,1495.6507804077503,3.6931005692199506,0.20812378052829614
challengerproleague,2022,royalexcelsiorvirton,1496.3652966849588,1495.2761563965535,1492.7660834649957,1.0891402884053605,0.08093702576100406
challengerproleague,2022,rscafutures,1492.7660834649957,1492.2578552713244,1496.5862859468277,0.5082281936713571,-0.336935452114129
challengerproleague,2022,rwdmolenbeek,1490.2521020038114,1496.1944328567815,1494.601321596061,-5.942330852970144,-0.4211693151426613
challengerproleague,2022,skbeveren,1493.8868053188526,1491.470589253335,1496.3652966849588,2.416216065517574,-0.08423386302853225
challengerproleague,2022,standardlieja16fc,1494.601321596061,1493.6703230318712,1493.136798946566,0.9309985641898493,0.4001108493855282
challengerproleague,2023,beerschotva,1501.7317072900435,1491.056801646082,1492.5098678991365,10.674905643961438,0.5415551760337864
challengerproleague,2023,clubnxt,1493.0327593093712,1490.7901483082073,1500.0797859731572,2.242611001163823,-0.27703317585886766
challengerproleague,2023,fcvdendereh,1497.7907988754246,1503.2491986254668,1498.1138002566354,-5.45839975004219,-0.10723864871956167
challengerproleague,2023,francsborains,1503.4067911617308,1488.5218486123777,1496.7694301909032,14.884942549353127,0.18928571428571428
challengerproleague,2023,jonggenk,1507.644978862168,1493.3561414005826,1495.1888992740921,14.288837461585445,0.6630923112492897
challengerproleague,2023,kmskdeinze2024,1495.21556934938,1497.3963328711436,1498.2114117960668,-2.180763521763538,-0.1876676352592329
challengerproleague,2023,kskliersekempenzonen,1490.7876020506505,1498.781942667269,1496.0700552041287,-7.994340616618501,-0.11081327034354703
challengerproleague,2023,kvoostende2024,1483.439833566326,1490.97484111527,1509.917775203398,-7.535007548944122,-0.5701521490256695
challengerproleague,2023,lommelsk,1496.5690135942698,1499.8286356779538,1495.3605651870353,-3.2596220836840075,0.22877578393506487
challengerproleague,2023,patroeisdenmaasmechelen,1500.9950520001062,1504.8747129611652,1488.3191489484461,-3.8796609610590167,0.22698847312307222
challengerproleague,2023,rfcluttich,1495.7919687307735,1499.8977034547072,1494.211689722782,-4.105734723933665,-0.20732805419115252
challengerproleague,2023,rfcseraing,1501.5966979717316,1502.1180332202805,1485.6321279271663,-0.521335248548894,0.19302956769521099
challengerproleague,2023,rscafutures,1488.4181560975692,1497.8360166575646,1499.791063603558,-9.41786055999546,-0.3646114056465097
challengerproleague,2023,skbeveren,1491.2690410936848,1495.2462877392932,1492.5838047969305,-3.977246645608375,-0.36818602727049504
challengerproleague,2023,standardlieja16fc,1504.4422264038835,1497.9097005826216,1495.043011629629,6.53252582126197,0.2520108244909699
challengerproleague,2023,zultewaregem,1496.4044294157698,1492.0387721095697,1500.2548684396722,4.365657306200092,0.010714285714285713
championship,2004,afcsunderland,1500.0,1500.0,1500.0,0.0,
championship,2004,brightonhovealbion,1500.0,1500.0,1500.0,0.0,
championship,2004,cardiffcity,1500.0,1500.0,1500.0,0.0,
championship,2004,coventrycity,1500.0,1500.0,1500.0,0.0,
championship,2004,crewealexandra,1500.0,1500.0,1500.0,0.0,
championship,2004,derbycounty,1500.0,1500.0,1500.0,0.0,
championship,2004,fcburnley,1500.0,1500.0,1500.0,0.0,
championship,2004,fcreading,1500.0,1500.0,1500.0,0.0,
championship,2004,fcwatford,1500.0,1500.0,1500.0,0.0,
championship,2004,gillinghamfc,1500.0,1500.0,1500.0,0.0,
championship,2004,ipswichtownfc,1500.0,1500.0,1500.0,0.0,
championship,2004,leedsunitedfc,1500.0,1500.0,1500.0,0.0,
championship,2004,leicestercityfc,1500.0,1500.0,1500.0,0.0,
championship,2004,millwallfc,1500.0,1500.0,1500.0,0.0,
championship,2004,nottinghamforest,1500.0,1500.0,1500.0,0.0,
championship,2004,plymouthargyle,1500.0,1500.0,1500.0,0.0,
championship,2004,prestonnorthend,1500.0,1500.0,1500.0,0.0,
championship,2004,queensparkrangers,1500.0,1500.0,1500.0,0.0,
championship,2004,rotherhamunited,1500.0,1500.0,1500.0,0.0,
championship,2004,sheffieldunited,1500.0,1500.0,1500.0,0.0,
championship,2004,stokecity,1500.0,1500.0,1500.0,0.0,
championship,2004,westhamunited,1500.0,1500.0,1500.0,0.0,
championship,2004,wiganathletic,1500.0,1500.0,1500.0,0.0,
championship,2004,wolverhamptonwanderers,1500.0,1500.0,1500.0,0.0,
championship,2005,brightonhovealbion,1497.9989199167323,1497.7279418805983,1505.7510148457527,0.27097803613401084,0.08323266981238055
championship,2005,cardiffcity,1503.0229555073993,1492.7973274429808,1502.4856576264776,10.225628064418515,0.20334688193683392
championship,2005,coventrycity,1501.6666793218649,1493.2043641211628,1505.8138086586466,8.46231520070205,0.036881542312072815
championship,2005,crewealexandra,1500.1674996668653,1502.9981898891183,1499.1573194981063,-2.830690222252997,-0.12210780900618701
championship,2005,crystalpalacefc,1493.5091116454582,1498.6459752254461,1504.568674202615,-5.136863579987903,-0.03475713152601294
championship,2005,derbycounty,1490.9521632519723,1499.0008300188852,1501.145087765014,-8.048666766912902,-0.5193319876916199
championship,2005,fcburnley,1500.6384867211998,1502.0363861232877,1495.3458382212282,-1.3978994020878872,-0.08024227448978005
championship,2005,fcreading,1493.5403969617,1499.6658402374565,1502.2105929573577,-6.1254432757564246,-0.29654753615788276
championship,2005,fcsouthampton,1506.0272587103705,1492.5513461853086,1498.5514647805167,13.475912525061858,0.22343870266722604
championship,2005,fcwatford,1500.6703258026457,1502.482266286244,1498.4565664855074,-1.8119404835983914,-0.06229990255417704
championship,2005,hullcity,1497.8621708425778,1501.9246998683047,1496.7183087197795,-4.062529025726917,-0.2085427891560776
championship,2005,ipswichtownfc,1494.821134712775,1496.6201110144539,1497.241813781721,-1.7989763016789766,0.1126382238179521
championship,2005,leedsunitedfc,1503.9998695774314,1495.0472011969387,1497.7972613562242,8.952668380492696,0.2163052616681027
championship,2005,leicestercityfc,1496.7710411770818,1506.2114061088976,1493.6811412611985,-9.440364931815793,-0.036881542312072815
championship,2005,lutontown,1498.083352819239,1500.5282756017552,1497.9866459607708,-2.444922782516187,0.09930609007432269
championship,2005,millwallfc,1506.2495988549074,1493.5317972536243,1496.3852532647757,12.7178016012831,0.33891146989472315
championship,2005,norwichcity,1491.2083040317948,1507.049745680275,1497.9054599977942,-15.841441648480213,-0.3863006903891152
championship,2005,plymouthargyle,1492.990694533845,1508.55013357336,1499.1978145198761,-15.559439039514928,-0.21132126946376856
championship,2005,prestonnorthend,1502.5833958740266,1494.4408249299763,1494.0254689382152,8.142570944050249,0.2691355790340449
championship,2005,queensparkrangers,1506.1248981169688,1496.2323784766536,1495.7130037231389,9.892519640315186,0.4625144765622104
championship,2005,sheffieldunited,1500.1266434589804,1491.7713087812995,1504.8786970342778,8.355334677680958,-0.16247814586129375
championship,2005,sheffieldwednesday,1493.3114371198224,1500.671171399753,1502.6061394756573,-7.359734279930535,0.009930609007432267
championship,2005,stokecity,1500.8828656782384,1502.5027277373008,1495.913998230666,-1.6198620590623705,-0.018939170376469822
championship,2005,wolverhamptonwanderers,1499.9559361733768,1492.5910228448352,1499.1660049175966,7.364913328541661,0.0697758908606783
championship,2006,afcsunderland,1499.1101866127576,1489.2486036958599,1504.6818487186351,9.86158291689776,0.18371626663749696
championship,2006,barnsleyfc,1501.120277966344,1498.7313118196892,1502.022819125192,2.388966146654866,-0.16889601073196686
championship,2006,birminghamcity,1498.397044533576,1508.713852189278,1494.0980094970653,-10.31680765570195,-0.09856394761191026
championship,2006,cardiffcity,1514.198040635444,1501.0505111343507,1489.5031314232738,13.147529501093231,0.5859059314385038
championship,2006,colchesterunited,1489.9965167714176,1501.3570623919256,1510.3457797097326,-11.360545620507992,-0.2758799940695177
championship,2006,coventrycity,1505.7369760848817,1499.706896534575,1494.8768850182175,6.030079550306709,0.16385504862263242
championship,2006,crystalpalacefc,1493.2372408391811,1499.8291164339348,1504.0748184809793,-6.591875594753674,-0.0854032374639175
championship,2006,derbycounty,1501.340227738822,1499.632862490158,1503.6095629620936,1.7073652486640185,-0.04369467963270197
championship,2006,fcburnley,1498.7432600871443,1511.5790360619433,1495.370682350877,-12.835775974798935,-0.21251503275905054
championship,2006,fcsouthampton,1496.7954985726792,1508.5297095421004,1496.2416376943127,-11.734210969421156,-0.03078488792304003
championship,2006,hullcity,1502.0925668397192,1504.6772893750617,1497.247302864591,-2.5847225353425074,-0.03475713152601294
championship,2006,ipswichtownfc,1507.0838944768605,1500.3773404689243,1496.256324266491,6.70655400793612,0.2820292958110764
championship,2006,leedsunitedfc,1505.3677758235417,1495.8719621602322,1495.048342121362,9.495813663309491,0.22443176356796923
championship,2006,leicestercityfc,1499.7367434983184,1501.7771005688185,1501.803123111621,-2.040357070500022,0.021847339816350984
championship,2006,lutontown,1497.3238592996092,1497.32848741226,1509.0898916058375,-0.004628112650834737,-0.09434078557060653
championship,2006,norwichcity,1498.7050471711218,1494.4171451335255,1509.2941275212163,4.287902037596268,0.18073708393526727
championship,2006,plymouthargyle,1496.8034247573917,1504.2857625415147,1502.8564691371603,-7.482337784123047,-0.1519383178137137
championship,2006,prestonnorthend,1495.3479972421294,1495.0320239241917,1500.934367328639,0.31597331793773265,-0.25819583419323894
championship,2006,queensparkrangers,1498.9151783430148,1503.5428704098563,1506.3848177235848,-4.627692066841519,-0.07348650665499878
championship,2006,sheffieldwednesday,1504.8311074542753,1502.3883075590386,1496.5418445043083,2.4427998952367034,-0.04667386233493165
championship,2006,southendunitedfc,1495.8813309929474,1501.2064260471495,1504.6216442559642,-5.325095054202166,-0.2010902649770632
championship,2006,stokecity,1506.8980385420484,1496.2668555406,1502.2155678505799,10.631183001448335,0.06752814125053941
championship,2006,westbromwichalbion,1507.9564499518453,1497.2546827473511,1496.7617181501846,10.701767204494217,0.18276430486831602
championship,2006,wolverhamptonwanderers,1497.805038508962,1503.470661154629,1496.5007090896497,-5.665622645666872,-0.11519506448621428
championship,2007,barnsleyfc,1499.7152381124456,1501.2573652842,1515.0253847101717,-1.5421271717543732,-0.019316552547057792
championship,2007,blackpoolfc,1504.7404051247827,1506.5223264403849,1498.5562692741694,-1.781921315602176,-0.0207715235141087
championship,2007,bristolcity,1506.0418733658319,1511.3180383371273,1492.1393750099285,-5.2761649712954295,-0.06627105121168013
championship,2007,cardiffcity,1506.1130373494373,1498.6786499881105,1508.9457699891843,7.434387361326799,-0.039128401313270916
championship,2007,charltonathletic,1499.7451053014504,1509.1992108045608,1500.6962257757139,-9.45410550311044,-0.06824929154635714
championship,2007,colchesterunited,1501.0290388322985,1500.9896638263986,1506.1813433281325,0.039375005899955795,0.06339791605188198
championship,2007,coventrycity,1503.0649212299109,1509.053009094198,1501.109196147759,-5.988087864287081,-0.26845055078218777
championship,2007,crystalpalacefc,1498.850231696839,1505.0578760865192,1503.0243052064152,-6.2076443896801266,-0.24368573982442135
championship,2007,fcburnley,1501.2532794594838,1504.72416660412,1508.2110309210257,-3.470887144636208,0.058444953860328705
championship,2007,fcsouthampton,1506.4642904269722,1499.0380935563107,1500.542757688942,7.4261968706614425,0.23427511166047016
championship,2007,fcwatford,1502.0680696032011,1495.2960138394717,1508.4942968755547,6.7720557637294405,0.05448258410708608
championship,2007,hullcity,1504.7529297148794,1500.4010711255694,1510.0627894223646,4.351858589310041,0.06438850849019265
championship,2007,ipswichtownfc,1507.4133573306128,1505.696422626156,1496.9669155755428,1.7169347044568894,0.17236308426605415
championship,2007,leicestercityfc,1510.9083953282607,1506.9287811774682,1496.3805164725497,3.979614150792486,0.3571085740109915
championship,2007,norwichcity,1506.2689578522832,1498.288778968723,1509.3643451322744,7.9801788835602565,0.09113450432458034
championship,2007,plymouthargyle,1498.3300958684922,1508.084013989932,1501.7980868485013,-9.75391812143971,-0.433384191760912
championship,2007,prestonnorthend,1499.047360990478,1502.7550022278015,1505.2783105658827,-3.7076412373235144,-0.0708273593392119
championship,2007,queensparkrangers,1501.3051319191966,1505.2662118019457,1507.6745767144266,-3.961079882749118,-0.08519094969471641
championship,2007,scunthorpeunited,1505.940636832123,1507.7752469674424,1496.019589004634,-1.8346101353195081,-0.0415430470282174
championship,2007,sheffieldunited,1504.849197515977,1493.7415744683908,1505.4763260635925,11.10762304758623,0.4259547484735821
championship,2007,sheffieldwednesday,1503.4019432828345,1497.0438174913284,1505.260431463471,6.358125791506154,-0.006934147068174592
championship,2007,stokecity,1501.6473390452836,1503.3024593499026,1500.0776021943436,-1.655120304619004,-0.037147216436649595
championship,2007,westbromwichalbion,1506.0682354527619,1502.8022999609134,1496.8875534930453,3.265935491848495,0.08816272700964839
championship,2007,wolverhamptonwanderers,1503.34738570743,1503.4145512013686,1497.5548430595454,-0.0671654939385462,0.2471528133585087
championship,2008,barnsleyfc,1505.414785170159,1513.0474217487942,1508.4434887659152,-7.632636578635356,-0.1823573072720378
championship,2008,birminghamcity,1500.404161759426,1505.2797246673688,1511.5130103702547,-4.875562907942822,-0.26884112508397984
championship,2008,blackpoolfc,1506.4513609033863,1505.972891383975,1512.7317095838932,0.47846951941141924,-0.15319990583829732
championship,2008,bristolcity,1509.2754542080868,1503.100680113802,1507.1520933492147,6.174774094284885,-0.03311094739085781
championship,2008,cardiffcity,1501.5423123870291,1505.606992174415,1514.3997523248727,-4.064679787385785,-0.147763780147261
championship,2008,charltonathletic,1512.794751316964,1506.7746872259338,1504.217779835356,6.020064091030235,0.3829997645957433
championship,2008,coventrycity,1504.7970007799072,1512.7256207010582,1510.2910242954274,-7.928619921151039,-0.25105016827695176
championship,2008,crystalpalacefc,1505.3236851095776,1508.9399404121434,1501.6824909398283,-3.6162553025658326,0.08154188536554537
championship,2008,derbycounty,1495.7848399168024,1508.9716088975692,1513.1258776954987,-13.186768980766828,-0.11514702600104285
championship,2008,doncasterrovers,1503.0461414602455,1516.1547377946392,1502.9671792403794,-13.108596334393724,-0.11561264822134389
championship,2008,fcburnley,1510.6498471501518,1509.0479253193757,1504.7215155069011,1.6019218307760639,-0.01680257031774874
championship,2008,fcreading,1506.4046220346338,1504.3141863400142,1502.9393111957222,2.0904356946196003,0.16110699775253204
championship,2008,fcsouthampton,1500.0534372344473,1513.5785281717194,1510.2332087022055,-13.525090937272125,0.04002965281581317
championship,2008,fcwatford,1510.5451707401417,1500.3688020942775,1510.2778242396516,10.176368645864159,0.13738572200982793
championship,2008,ipswichtownfc,1505.0400758079143,1504.0622066889423,1510.6258768867528,0.9778691189719666,0.09043736376905939
championship,2008,norwichcity,1506.9296426063377,1508.8637574653394,1510.2896407336273,-1.9341148590017383,-0.2456140425859154
championship,2008,nottinghamforest,1517.7998213684696,1510.492104704414,1496.6876698728922,7.307716664055533,0.3538423631620029
championship,2008,plymouthargyle,1515.7439814581185,1509.1481072283786,1497.8631257653765,6.59587422973982,0.302940458964117
championship,2008,prestonnorthend,1510.4422204948164,1506.0047795095152,1506.4811402516848,4.437440985301237,-0.03657030010333549
championship,2008,queensparkrangers,1508.6772367481583,1505.0287915884824,1509.7556273192945,3.64844515967593,-0.1922411721648312
championship,2008,sheffieldunited,1503.6048452421544,1505.7091488561327,1508.7634843843964,-2.1043036139783453,-0.08055349887626602
championship,2008,sheffieldwednesday,1513.4733795976347,1512.0765073073167,1497.0764665236356,1.396872290318015,0.17741537482564113
championship,2008,swanseacityafc,1513.4162229638089,1505.5344406280703,1503.9254147144895,7.881782335738535,0.08399209486166008
championship,2008,wolverhamptonwanderers,1506.7228111534303,1500.3593353218737,1510.8929684673285,6.3634758315565705,0.027180628455181786
championship,2009,barnsleyfc,1506.4056760671563,1505.0117934344194,1502.880627772144,1.3938826327369043,0.11374881924392859
championship,2009,blackpoolfc,1499.199065077416,1508.6362205133682,1503.900808219934,-9.437155435952263,-0.3016816510382454
championship,2009,bristolcity,1494.981351908969,1498.4155590311093,1517.9586996691753,-3.4342071221403785,-0.12166178058263666
championship,2009,cardiffcity,1496.834375044375,1503.9568020853967,1505.0715072877056,-7.122427041021638,-0.3264096552217081
championship,2009,coventrycity,1515.9665853610957,1507.143707742364,1492.5044779868078,8.822877618731582,0.24925828216930437
championship,2009,crystalpalacefc,1501.013312858736,1504.188328595537,1507.3406811691816,-3.175015736801015,-0.16419394777819257
championship,2009,derbycounty,1498.6012054599148,1507.7680383222048,1506.7878946503822,-9.166832862289993,-0.3897133459313727
championship,2009,doncasterrovers,1512.9916459783863,1502.94840851837,1495.6860707425762,10.043237460016371,0.41740871061685103
championship,2009,fcmiddlesbrough,1506.933049187438,1501.6201397665654,1502.5592502203801,5.312909420872529,0.1858166599845155
championship,2009,fcreading,1508.0427223920008,1501.5705612145086,1494.6757205038316,6.472161177492126,0.4322455131269286
championship,2009,fcwatford,1507.7215368102422,1506.1833330717197,1497.111153475798,1.5382037385224976,-0.03363008568950932
championship,2009,ipswichtownfc,1501.0844550040529,1500.3513762662246,1506.040407446452,0.7330787378282366,-0.009891201673385095
championship,2009,leicestercityfc,1507.5074495690287,1505.7268065411595,1500.782161091653,1.780643027869246,0.22749763848785717
championship,2009,newcastleunited,1506.6102555486355,1501.6747590004472,1502.8237833430421,4.935496548188212,0.1897702059416328
championship,2009,nottinghamforest,1501.3050993081276,1503.4054626347222,1507.5076466107644,-2.100363326594561,0.027695364685478265
championship,2009,peterboroughunited,1497.2117511808626,1499.4567669763976,1514.588145869801,-2.2450157955349823,-0.10378058137433045
championship,2009,plymouthargyle,1501.559191928675,1499.4120955822063,1515.465835430155,2.147096346468743,-0.0830860940564348
championship,2009,prestonnorthend,1500.628701246031,1496.9611977232883,1508.3785509557574,3.6675035227426633,-0.01681504284475466
championship,2009,queensparkrangers,1498.8616625789941,1509.4219575387262,1502.7192763854664,-10.560294959732119,-0.35509414007452494
championship,2009,scunthorpeunited,1506.0120130120401,1507.5786917733435,1502.0981445997334,-1.5666787613033648,-0.06033633020764908
championship,2009,sheffieldunited,1504.0253028951797,1494.7626100065158,1503.211190267969,9.262692888663878,0.13056386208868323
championship,2009,sheffieldwednesday,1498.0839127300285,1512.7426598928855,1499.629177389746,-14.658747162857026,-0.24431268133261186
championship,2009,swanseacityafc,1506.5895819805662,1502.3899209705237,1498.591571109994,4.199661010042519,0.1790307502882702
championship,2009,westbromwichalbion,1505.9834605632072,1501.3702729846589,1497.3935345641726,4.613187578548377,0.23244323932454972
championship,2010,barnsleyfc,1503.6185862994855,1495.78154536084,1505.6829810914398,7.837040938645487,-0.0899209486166008
championship,2010,bristolcity,1491.741425491666,1496.167585470816,1510.8022375615647,-4.426159979150043,-0.43083003952569177
championship,2010,cardiffcity,1497.0728054620258,1505.2310053883916,1491.108400719356,-8.158199926365796,0.10474308300395258
championship,2010,coventrycity,1502.481707876647,1498.7422388314958,1503.5083156210571,3.7394690451512815,0.026679841897233204
championship,2010,crystalpalacefc,1499.2981244857676,1505.5347243534552,1496.2982244561251,-6.236599867687573,-0.05039525691699605
championship,2010,derbycounty,1495.7221577702835,1499.954356860013,1506.2416185045747,-4.23219908972942,-0.16205533596837948
championship,2010,doncasterrovers,1496.3810778171876,1498.0111208288877,1506.0087932218078,-1.6300430117000815,-0.1314229249011858
championship,2010,fcburnley,1503.4656762752606,1507.9262943345595,1483.7979464518046,-4.460618059298895,0.383399209486166
championship,2010,fcmiddlesbrough,1501.3418588399347,1505.8978379971136,1492.4386455699823,-4.555979157178854,0.1600790513833992
championship,2010,fcportsmouth,1506.0999159944486,1499.4791853818006,1494.5945338953038,6.620730612648003,0.24604743083003952
championship,2010,fcreading,1501.1293709910033,1494.870617852364,1500.9895058593836,6.258753138639349,0.05039525691699605
championship,2010,fcwatford,1498.0388466937661,1497.9516048366686,1508.2730261772497,0.08724185709752419,-0.28260869565217395
championship,2010,hullcity,1499.9541061591653,1498.7292310890498,1498.563540317297,1.2248750701155586,0.03656126482213439
championship,2010,ipswichtownfc,1501.8003486136836,1501.7796064378945,1495.6605133665123,0.02074217578910975,0.1314229249011858
championship,2010,leedsunitedfc,1499.4460122316523,1498.790212899103,1504.1783820329877,0.6557993325493499,-0.04051383399209487
championship,2010,leicestercityfc,1495.9669326586434,1499.1200473977617,1500.1155911054207,-3.1531147391183367,0.10869565217391304
championship,2010,millwallfc,1504.782316184931,1502.714452335094,1494.8863584075652,2.0678638498370674,0.17687747035573123
championship,2010,norwichcity,1504.6354163061578,1498.870576357449,1502.442967656321,5.764839948708868,-0.1116600790513834
championship,2010,nottinghamforest,1497.9640217787553,1504.9225421329163,1491.0958013627126,-6.95852035416101,0.05632411067193676
championship,2010,prestonnorthend,1503.112374372803,1500.6536458385413,1499.5068671916845,2.458728534261809,0.13043478260869565
championship,2010,queensparkrangers,1500.4299753771509,1499.7911787812748,1501.9657303417669,0.6387965958761015,-0.13438735177865613
championship,2010,scunthorpeunited,1498.5741183401233,1499.7083052721102,1506.868718899139,-1.1341869319869602,-0.10375494071146245
championship,2010,sheffieldunited,1498.8241429042503,1500.0091498956908,1498.0674727973071,-1.1850069914405594,0.024703557312252968
championship,2010,swanseacityafc,1499.1605383027577,1494.5540517356887,1503.5198068149934,4.606486567068941,-0.15513833992094864
championship,2011,barnsleyfc,1509.0031668033112,1503.8059342060976,1487.1827072285305,5.197232597213542,0.25592885375494073
championship,2011,birminghamcity,1496.6874895245257,1498.3398909202938,1496.5739942044,-1.6524013957680381,-0.12154150197628459
championship,2011,blackpoolfc,1492.11829281462,1495.8934278454556,1506.1481009614495,-3.7751350308355995,-0.2934782608695652
championship,2011,brightonhovealbion,1499.2683591747546,1506.750958266613,1492.7036769999447,-7.482599091858447,-0.1373517786561265
championship,2011,bristolcity,1501.428557782092,1497.4408632661584,1498.3105272217688,3.9876945159335264,0.2341897233201581
championship,2011,cardiffcity,1489.4542863673819,1491.3674017944609,1509.0488221356245,-1.913115427078992,-0.10869565217391304
championship,2011,coventrycity,1503.3078377818106,1498.903945150605,1498.3630728670462,4.403892631205508,0.1314229249011858
championship,2011,crystalpalacefc,1496.9343560481695,1496.5749030437812,1508.6025189663742,0.3594530043883424,-0.15019762845849804
championship,2011,derbycounty,1507.5864047534383,1498.3529064120767,1498.274544410542,9.23349834136161,0.04545454545454545
championship,2011,doncasterrovers,1501.3609294895748,1497.7081757172018,1504.783119524462,3.6527537723729893,-0.008893280632411068
championship,2011,fcburnley,1497.3715681843287,1499.556174104437,1497.1210299561342,-2.1846059201084245,-0.09288537549407114
championship,2011,fcmiddlesbrough,1497.9342150407292,1499.0518448477476,1497.4212653064512,-1.1176298070183748,-0.0009881422924901185
championship,2011,fcportsmouth,1495.4506615940104,1498.719264564261,1504.301132770398,-3.2686029702506403,0.14031620553359686
championship,2011,fcreading,1490.6112275668795,1497.262338078483,1500.5677741075126,-6.65111051160352,-0.13043478260869565
championship,2011,fcsouthampton,1507.9102165595602,1490.1778501981871,1502.3106853956608,17.732366361373124,0.35177865612648224
championship,2011,fcwatford,1497.2116321712658,1496.1366474226083,1506.5632709755316,1.0749847486574708,-0.10869565217391304
championship,2011,hullcity,1497.3506527298969,1500.7923701117616,1495.688263668473,-3.4417173818646916,-0.010869565217391304
championship,2011,ipswichtownfc,1493.3997463335786,1491.637140847807,1512.77628376853,1.7626054857717008,-0.1007905138339921
championship,2011,leedsunitedfc,1493.3140205232876,1499.3035348890767,1500.669282893252,-5.989514365789091,-0.15711462450592886
championship,2011,leicestercityfc,1504.2707699753214,1500.4185941092217,1488.9080633312228,3.852175866099742,0.17885375494071146
championship,2011,millwallfc,1497.1357734987178,1504.6217637808757,1493.26883393322,-7.4859902821579,-0.022727272727272724
championship,2011,nottinghamforest,1499.7083162603012,1492.9419017421503,1498.3129446849878,6.766414518150896,-0.07213438735177866
championship,2011,peterboroughunited,1497.8722061828414,1495.2265261736982,1512.247343192004,2.645680009143234,-0.158102766798419
championship,2011,westhamunited,1495.221613266919,1502.7920754888087,1497.7414924638156,-7.570462221889784,-0.06126482213438736
championship,2012,barnsleyfc,1496.9841143044423,1499.3353750240847,1505.447926794235,-2.3512607196423687,0.03956480669354038
championship,2012,birminghamcity,1488.8582972869476,1495.6723870297114,1500.9867255275071,-6.8140897427638265,-0.2512365225039814
championship,2012,blackburnrovers,1489.80837997968,1502.9092290654569,1499.6179924783169,-13.100849085776872,-0.28959724135884596
championship,2012,blackpoolfc,1494.3445349995006,1492.4938824732071,1499.7009940005616,1.8506525262935156,0.026706244518139757
championship,2012,boltonwanderers,1503.3976297621052,1496.7016137366004,1492.6501990466718,6.696016025504832,0.11069928679928583
championship,2012,brightonhovealbion,1501.430284007147,1493.901346298189,1497.4300614047766,7.528937708957983,0.3204749342176771
championship,2012,bristolcity,1496.083763515931,1501.4564481032521,1498.7834278471428,-5.372684587321146,-0.24035620066325777
championship,2012,cardiffcity,1501.422859804509,1490.3360029435744,1494.6830364244947,11.086856860934631,0.1661721881128696
championship,2012,charltonathletic,1505.1393439388062,1498.7431388954171,1491.8809543194336,6.396205043389045,0.16122658727617706
championship,2012,crystalpalacefc,1497.039036985163,1496.4808691096098,1503.912453464754,0.5581678755531811,-0.17012866878222363
championship,2012,derbycounty,1493.9674097214033,1500.8193510519297,1499.581374155038,-6.851941330526415,-0.024728004183462736
championship,2012,fcburnley,1499.002893743756,1500.4142499756151,1493.165410469513,-1.4113562318591448,-0.0415430470282174
championship,2012,fcmiddlesbrough,1494.676403241306,1496.159952151913,1499.9495417478784,-1.483548910607169,-0.09297729572981987
championship,2012,fcwatford,1498.0215235760895,1499.2466128479703,1493.1366417538313,-1.2250892718807336,-0.006923841171369566
championship,2012,huddersfieldtown,1504.1893358939599,1492.7031713149422,1496.123498164586,11.486164579017668,0.20558438977010227
championship,2012,hullcity,1492.4229869047724,1498.0728413217666,1500.8731251417416,-5.649854416994231,-0.002967360502015528
championship,2012,ipswichtownfc,1504.2668694122563,1498.185455405348,1490.843846163104,6.08141400690829,0.3956480669354038
championship,2012,leedsunitedfc,1497.918135043049,1499.3857992680641,1497.5669950503377,-1.4676642250151417,0.054401609203618015
championship,2012,leicestercityfc,1502.036464314839,1497.6516014273056,1491.2091754326245,4.384862887533245,0.06824929154635714
championship,2012,millwallfc,1501.655658281053,1498.7166739434379,1492.0055230854753,2.9389843376152385,0.1671613082802081
championship,2012,nottinghamforest,1494.8609752423263,1501.4194514471478,1499.3255243932724,-6.558476204821545,-0.30959461237695346
championship,2012,peterboroughunited,1496.8563821477874,1504.384841220063,1498.9373900671837,-7.528459072275609,-0.034619205856847836
championship,2012,sheffieldwednesday,1501.168757405069,1496.7277645891359,1497.9487111846581,4.440992815933214,0.15825922677416152
championship,2012,wolverhamptonwanderers,1488.4195864467317,1498.2318028473505,1501.6209799401988,-9.812216400618809,-0.409495749278143
championship,2013,afcbournemouth,1491.6171219233931,1496.1217570097772,1517.6889790597747,-4.504635086384042,-0.23616600790513834
championship,2013,barnsleyfc,1502.5023977140143,1507.2742196102554,1497.8009903913596,-4.771821896241136,0.147763780147261
championship,2013,birminghamcity,1509.8532232884213,1497.053258554823,1496.1194946421106,12.799964733598244,0.39930814166885237
championship,2013,blackburnrovers,1499.0642715583228,1512.4000680742988,1494.9953644511415,-13.335796515975971,-0.1838398870059568
championship,2013,blackpoolfc,1497.998334555638,1506.6643498304522,1499.228232746647,-8.6660152748143,-0.26389919263758316
championship,2013,boltonwanderers,1506.7257857787652,1496.1247084215245,1499.2240599712502,10.601077357240683,0.26439338588222283
championship,2013,brightonhovealbion,1502.505207181565,1502.1810184593912,1493.6742281998258,0.32418872217385797,0.10032122866185278
championship,2013,charltonathletic,1497.1222925273369,1504.0780159558915,1502.1229729767083,-6.95572342855462,-0.32419076848362277
championship,2013,derbycounty,1511.1444002920996,1496.8709514917427,1498.6358998747523,14.273448800356846,0.23424759795920305
championship,2013,doncasterrovers,1504.9116456486622,1503.2454993988995,1505.5772728160177,1.6661462497627326,0.04694835824076854
championship,2013,fcburnley,1504.288334534336,1499.6295849847497,1501.914205886528,4.658749549586219,0.11860637871352053
championship,2013,fcmiddlesbrough,1498.8677769940418,1506.7923335837386,1504.6556374796921,-7.924556589696749,-0.003459352712477682
championship,2013,fcreading,1500.4659092907611,1495.965152448094,1499.0319805115148,4.500756842667215,0.2886088548695666
championship,2013,fcwatford,1500.563381393636,1493.4002259628853,1507.160919536978,7.163155430750749,0.2218927668432113
championship,2013,huddersfieldtown,1494.755567790366,1504.000271997878,1507.9825285471948,-9.244704207511859,-0.2564862939679881
championship,2013,ipswichtownfc,1504.8776424932087,1497.6685536985547,1502.0739876867253,7.209088794654008,0.13936249498838663
championship,2013,leedsunitedfc,1509.9200275446426,1502.2329279907578,1495.1460846692396,7.687099553884764,0.2807017629553319
championship,2013,leicestercityfc,1493.0670547030084,1505.6457958747592,1505.519954652988,-12.578741171750835,-0.4274771566133136
championship,2013,millwallfc,1511.4719856932004,1501.3137959224105,1497.404465856396,10.158189770789932,0.12255992467063788
championship,2013,nottinghamforest,1497.9124424187582,1495.1485195093899,1511.6070645031468,2.7639229093683753,-0.14578700716870233
championship,2013,queensparkrangers,1501.4868216019056,1499.460339466028,1499.4417746573135,2.026482135877586,-0.1502347463704593
championship,2013,sheffieldwednesday,1499.7220954885026,1503.6762987177808,1502.8168183741504,-3.954203229278164,-0.21349148168433693
championship,2013,wiganathletic,1499.6177096199851,1510.8388602764198,1493.134830876564,-11.221150656434702,-0.25500371423406915
championship,2013,yeoviltown,1506.9519080558541,1503.196231914317,1494.8080863624712,3.755676141537151,0.15612648221343872
championship,2014,afcbournemouth,1505.3920470978999,1498.6539176410186,1497.8685777640746,6.738129456881325,0.04694835824076854
championship,2014,birminghamcity,1503.940729321065,1508.5087624419186,1499.4272308205248,-4.56803312085367,0.09043736376905939
championship,2014,blackburnrovers,1502.7777433777596,1495.9533666997465,1501.0966565657416,6.824376678013095,0.16753150993284777
championship,2014,blackpoolfc,1514.2568324711417,1505.6445087834736,1492.803639107638,8.612323687668095,0.23177663173600468
championship,2014,boltonwanderers,1498.3172133972355,1505.7372680683613,1497.9632253604134,-7.420054671125854,-0.08895478403514039
championship,2014,brentfordfc,1501.8682088688258,1501.694625707595,1500.6718215226922,0.17358316123090844,-0.2341897233201581
championship,2014,brightonhovealbion,1490.459750896515,1500.3823901504782,1507.692627089256,-9.922639253963098,-0.3958487889563748
championship,2014,cardiffcity,1499.9343620344873,1491.6948728485206,1506.3359152826495,8.239489185966704,0.15665925855077503
championship,2014,charltonathletic,1502.7952922454074,1499.371617747668,1504.944625207185,3.4236744977392846,0.0380528798372545
championship,2014,derbycounty,1503.8405979576976,1491.8316257633564,1501.097850045587,12.00897219434114,0.08846059079050073
championship,2014,fcfulham,1509.3166284274025,1494.4009681804819,1501.0033033263692,14.915660246920652,0.24505928853754944
championship,2014,fcmiddlesbrough,1491.0022350434929,1500.9248263831644,1510.739559812574,-9.922591339671499,-0.3602668753423186
championship,2014,fcreading,1496.499159799076,1504.710132392124,1497.291283966302,-8.210972593047927,-0.12107734493671887
championship,2014,fcwatford,1494.7890695587323,1503.4165524814339,1506.600347773405,-8.627482922701574,-0.2757598305089352
championship,2014,huddersfieldtown,1504.0460185234178,1507.3750316026408,1497.4827795037652,-3.329013079222932,0.18334569376131712
championship,2014,ipswichtownfc,1503.7175000376255,1497.7253114980126,1500.1873869400226,5.9921885396129255,0.2075611627486609
championship,2014,leedsunitedfc,1500.7577041260529,1501.9570758952734,1506.3110630461804,-1.1993717692205337,-0.21546825466289565
championship,2014,millwallfc,1495.6493000328985,1509.5658127389274,1502.9962485997792,-13.916512706028925,-0.4284655431025929
championship,2014,norwichcity,1492.9567334712117,1502.485192387352,1505.1341641905228,-9.52845891614038,-0.07956511238698669
championship,2014,nottinghamforest,1510.0699475057675,1501.4248680489707,1493.3629022191553,8.645079456796793,0.2564862939679881
championship,2014,rotherhamunited,1507.3580838264886,1502.1705030143746,1495.6304435602485,5.187580812113993,0.10279219488505113
championship,2014,sheffieldwednesday,1507.5003737492907,1497.7322028681892,1502.5857549744762,9.768170881101469,0.30985916438907235
championship,2014,wiganathletic,1498.6185993642766,1503.4284724631214,1498.1511826992703,-4.809873098844719,0.04398319877293053
championship,2014,wolverhamptonwanderers,1496.7431024633759,1505.817327790941,1505.2286442193108,-9.074225327565046,0.03063998116765947
championship,2015,birminghamcity,1507.8075446840135,1501.8641496028495,1501.0142974195464,5.943395081163999,-0.022727272727272724
championship,2015,blackburnrovers,1508.079405169788,1505.8111442643278,1493.4521939864155,2.268260905460238,0.14031620553359686
championship,2015,boltonwanderers,1513.6971327151603,1508.1461524365793,1493.224363278333,5.550980278580937,0.3764822134387352
championship,2015,brentfordfc,1509.111817918036,1501.4596734797874,1495.8059624907773,7.65214443824857,0.18280632411067196
championship,2015,brightonhovealbion,1491.8616012753037,1503.1663306705952,1520.4131702520028,-11.304729395291588,-0.37055335968379455
championship,2015,bristolcity,1507.345457628928,1505.3991201194697,1504.451870050749,1.946337509458317,0.09782608695652174
championship,2015,cardiffcity,1499.7007695194989,1503.91687670142,1505.9186419151765,-4.216107181921188,-0.09189723320158102
championship,2015,charltonathletic,1507.832592416907,1508.2191201361406,1496.3750661586155,-0.3865277192337544,0.18675889328063244
championship,2015,derbycounty,1506.6744554184222,1500.9965684469018,1498.3052423323202,5.6778869715203655,0.10869565217391304
championship,2015,fcburnley,1493.767532165278,1495.5238953458802,1513.4481287828262,-1.756363180602193,-0.1442687747035573
championship,2015,fcfulham,1503.5257882879653,1502.6561935343748,1508.7372334743027,0.8695947535904907,-0.1432806324110672
championship,2015,fcmiddlesbrough,1491.8077774278645,1502.6167520340775,1508.4151607520137,-10.808974606213042,-0.2885375494071146
championship,2015,fcreading,1503.9274527331581,1500.5783433514812,1512.1377080795999,3.3491093816769535,0.012845849802371542
championship,2015,huddersfieldtown,1508.7835305772792,1511.1224032704881,1493.7245989037037,-2.338872693208941,0.07509881422924902
championship,2015,hullcity,1504.7831691199958,1498.8217968232868,1505.6959272972294,5.961372296708987,0.06225296442687748
championship,2015,ipswichtownfc,1495.622568756535,1503.02013630827,1506.7715453363976,-7.397567551734937,-0.15118577075098816
championship,2015,leedsunitedfc,1508.411368079669,1503.836182880418,1502.5139761866308,4.575185199251109,0.09881422924901187
championship,2015,miltonkeynesdonsfc,1502.161035507563,1501.8935483794312,1507.3747561719663,0.2674871281317337,-0.2440711462450593
championship,2015,nottinghamforest,1503.1487874862494,1503.7110501739473,1507.2718620755825,-0.5622626876979666,-0.17687747035573123
championship,2015,prestonnorthend,1505.4090356578079,1504.0922392630068,1504.1370681055073,1.316796394801031,0.2608695652173913
championship,2015,queensparkrangers,1502.3238209917297,1499.9160501250753,1504.9680258906799,2.407770866654346,0.003952569169960474
championship,2015,rotherhamunited,1507.4341569788703,1512.084342627858,1496.100041149974,-4.6501856489876445,-0.0800395256916996
championship,2015,sheffieldwednesday,1499.5169978598167,1504.787983185324,1507.8073093299206,-5.270985325507354,-0.1847826086956522
championship,2015,wolverhamptonwanderers,1503.9330262560795,1508.3863717756585,1492.8857682199364,-4.453345519578988,0.23122529644268777
championship,2016,astonvillafc,1494.7635807541644,1499.2140496301845,1510.7902427218485,-4.450468876020068,-0.06324110671936758
championship,2016,barnsleyfc,1502.3523970339934,1509.9149762125562,1496.9221097318587,-7.562579178562828,0.009883864892793377
championship,2016,birminghamcity,1495.9628758062656,1507.1672913593404,1501.31473687069,-11.204415553074796,-0.23770695067168068
championship,2016,blackburnrovers,1503.0162889001176,1503.4530975510625,1499.0279225372424,-0.43680865094484034,0.13046701658487256
championship,2016,brentfordfc,1500.9657206734332,1493.9885644511075,1508.2453627533434,6.977156222325675,-0.02125030951950576
championship,2016,brightonhovealbion,1499.4983506206997,1496.4508553190549,1498.057650863852,3.047495301644858,-0.036076106858695826
championship,2016,bristolcity,1501.0915850115828,1501.8936352751894,1505.18435116465,-0.8020502636065885,0.036076106858695826
championship,2016,burtonalbion,1510.325228049462,1506.8886124712142,1487.042395062786,3.436615578247938,0.1847826086956522
championship,2016,cardiffcity,1495.9469003305398,1496.7093724428073,1509.6244682073554,-0.76247211226746,-0.1299728233402329
championship,2016,derbycounty,1503.155229898998,1500.3339524070059,1494.3211804927196,2.8212774919920776,0.20509019652546256
championship,2016,fcfulham,1495.6894106678956,1507.0841461140533,1505.8357830221476,-11.39473544615771,-0.1487521666365403
championship,2016,fcreading,1507.2626872280753,1502.1404346876634,1502.0257821768612,5.122252540411864,0.24413146285199644
championship,2016,huddersfieldtown,1506.5281661762863,1498.0086650682429,1505.0566386348466,8.519501108043414,0.11959476520279985
championship,2016,ipswichtownfc,1504.3666317586924,1503.6013113196666,1492.6425839899268,0.7653204390257997,0.18927601269699318
championship,2016,leedsunitedfc,1496.2229435991806,1507.8035432956076,1500.6407953304167,-11.580599696427043,-0.11069928679928583
championship,2016,newcastleunited,1502.5224751046778,1499.6720235110913,1499.6948230935557,2.850451593586513,-0.08747220430122138
championship,2016,norwichcity,1501.7580319879391,1498.2960648783296,1496.9238363295383,3.4619671096095317,0.1828515005166775
championship,2016,nottinghamforest,1500.407048781308,1508.771576673018,1497.7179999144128,-8.36452789170994,0.02816901494446112
championship,2016,prestonnorthend,1505.4374829135227,1493.6736786128681,1505.3046058207817,11.763804300654556,-0.010378058137433047
championship,2016,queensparkrangers,1490.1958291913245,1503.7530704048474,1508.7591314754816,-13.557241213522957,-0.386459117308221
championship,2016,rotherhamunited,1503.1255735407315,1504.994208264007,1500.9474355115099,-1.8686347232755907,0.04200642579437185
championship,2016,sheffieldwednesday,1506.344506483886,1501.1638382115548,1491.968574433651,5.1806682723313315,0.11761799222424119
championship,2016,wiganathletic,1509.5380610881284,1499.3206075361643,1502.4374240127074,10.217453551964127,-0.041512232549732186
championship,2016,wolverhamptonwanderers,1498.8890675106693,1496.1375037205255,1509.4732989000963,2.7515637901437913,-0.21645664115217494
championship,2017,afcsunderland,1497.1151256739945,1506.3338602931742,1498.3539196869026,-9.218734619179713,0.17094861660079053
championship,2017,astonvillafc,1500.7019530859818,1505.3013502163558,1496.711323891768,-4.599397130373973,0.2124505928853755
championship,2017,barnsleyfc,1494.2965313601803,1499.492682496047,1513.1268185836207,-5.196151135866785,-0.42391304347826086
championship,2017,birminghamcity,1504.1210517082172,1491.67455627757,1512.7912699418157,12.446495430647246,-0.07411067193675888
championship,2017,boltonwanderers,1507.7824942396771,1499.0274887531361,1506.4140403193308,8.755005486540995,0.08893280632411067
championship,2017,brentfordfc,1495.3625022167112,1496.2890184767748,1510.415206746466,-0.9265162600636359,-0.23023715415019763
championship,2017,bristolcity,1498.0726554124951,1504.7463284185626,1503.936804467404,-6.6736730060674745,-0.18675889328063244
championship,2017,burtonalbion,1505.9764452384115,1490.8609358402755,1509.924839776253,15.115509398136055,0.3320158102766798
championship,2017,cardiffcity,1503.8033850769039,1496.0481369685758,1501.8292458834335,7.755248108328033,0.06324110671936758
championship,2017,derbycounty,1501.4539396289906,1505.415030977704,1492.8470945090035,-3.961091348713353,-0.02964426877470356
championship,2017,fcfulham,1503.7138850160034,1497.37765893593,1494.1411329361215,6.336226080073402,0.5019762845849802
championship,2017,fcmiddlesbrough,1497.7337874114044,1495.2634426231307,1501.713195373042,2.470344788273678,-0.2005928853754941
championship,2017,fcreading,1503.7207357094017,1505.233003393518,1487.1178375966797,-1.5122676841162956,0.03952569169960475
championship,2017,hullcity,1498.0770995098885,1493.6101543245327,1506.4624439391525,4.466945185355826,-0.17193675889328064
championship,2017,ipswichtownfc,1490.7008791992605,1503.1329198848173,1511.2691921791052,-12.432040685556785,-0.38241106719367585
championship,2017,leedsunitedfc,1495.1938136829438,1506.2874653908111,1497.2804761496363,-11.093651707867366,-0.28260869565217395
championship,2017,millwallfc,1493.6028566210084,1498.9354655487505,1515.662186307672,-5.332608927742058,-0.5533596837944664
championship,2017,norwichcity,1502.1432076777376,1503.5831560724364,1492.6917823852737,-1.4399483946988312,-0.12450592885375496
championship,2017,nottinghamforest,1514.8046233219357,1495.565736459557,1498.4588878805162,19.23888686237865,0.24011857707509882
championship,2017,prestonnorthend,1515.3840241674143,1503.5797907897106,1484.3900157350843,11.804233377703667,0.5316205533596838
championship,2017,queensparkrangers,1507.604618601421,1507.5957250975084,1492.2052583705292,0.008893503912531742,0.40711462450592883
championship,2017,sheffieldunited,1504.6026850445332,1500.2454565684798,1499.5905051353466,4.3572284760534785,0.25889328063241107
championship,2017,sheffieldwednesday,1489.2601472624863,1499.465080272553,1506.4330378348982,-10.204933010066725,-0.25395256916996045
championship,2017,wolverhamptonwanderers,1497.629810960389,1512.1703042775848,1494.2165630732306,-14.540493317195796,0.07608695652173912
championship,2018,astonvillafc,1489.1407457643663,1492.7942983848504,1485.66295103647,-3.6535526204841062,-0.19762845849802374
championship,2018,birminghamcity,1485.4752917656795,1487.8575634401072,1508.6908185057569,-2.382271674427784,-0.0958498023715415
championship,2018,blackburnrovers,1496.8417341680079,1487.197512939912,1492.564196200441,9.64422122809583,0.12450592885375496
championship,2018,boltonwanderers,1487.1397640548826,1501.8995643738442,1494.3778274645485,-14.759800318961652,-0.08893280632411067
championship,2018,brentfordfc,1485.4760327648155,1499.1021941921902,1486.157003612953,-13.626161427374655,-0.11462450592885376
championship,2018,bristolcity,1489.8729694608032,1499.8553245090473,1485.9445341371197,-9.982355048244017,-0.14723320158102768
championship,2018,derbycounty,1490.5765523380537,1485.650154959027,1494.6619007529666,4.926397379026639,-0.0790513833992095
championship,2018,fcmiddlesbrough,1484.9920119919816,1484.7474532817612,1498.7928633729705,0.2445587102204172,0.023715415019762844
championship,2018,fcreading,1499.7655270562832,1491.407615897537,1490.2904949792353,8.35791115874622,0.1274703557312253
championship,2018,hullcity,1491.0342385457307,1489.0174733270887,1497.56975206769,2.016765218641922,0.003952569169960474
championship,2018,ipswichtownfc,1495.8484835549086,1488.1108579905838,1494.4107844245432,7.737625564324844,0.10968379446640317
championship,2018,leedsunitedfc,1497.7562195698836,1497.4205750335498,1482.1392035108277,0.33564453633380253,0.24802371541501977
championship,2018,millwallfc,1489.6894242645496,1495.6323127911123,1483.9276435777365,-5.942888526562683,0.17193675889328064
championship,2018,norwichcity,1496.7516120268838,1490.5054696648403,1487.7603324689578,6.246142362043429,0.06818181818181818
championship,2018,nottinghamforest,1486.4661007100158,1499.4025068129915,1494.8725822316535,-12.936406102975752,-0.18873517786561267
championship,2018,prestonnorthend,1487.4559849697612,1488.758682073464,1494.7169011047306,-1.3026971037027124,-0.05533596837944664
championship,2018,queensparkrangers,1496.1932200141266,1495.0385128617909,1487.638840985315,1.1547071523357317,0.03063241106719368
championship,2018,rotherhamunited,1497.624246940225,1495.017979995474,1494.99280992718,2.6062669447510416,0.017786561264822136
championship,2018,sheffieldunited,1499.505537479812,1495.1741569138906,1479.7663114879279,4.331380565921336,0.21936758893280633
championship,2018,sheffieldwednesday,1493.1154628368995,1495.6180089633829,1485.1091446697385,-2.5025461264833666,-0.017786561264822136
championship,2018,stokecity,1484.5504909867502,1494.2368615526905,1495.6656174273667,-9.686370565940251,-0.11660079051383401
championship,2018,swanseacityafc,1493.4920319496152,1491.854465872634,1488.8580456898937,1.6375660769813294,-0.02766798418972332
championship,2018,westbromwichalbion,1490.7684202504686,1491.481356603561,1491.5629727191758,-0.7129363530923456,-0.13636363636363635
championship,2018,wiganathletic,1499.4058962201461,1490.9573573012433,1491.6841899407336,8.448538918902841,0.17391304347826086
championship,2021,afcbournemouth,1497.605610980743,1509.426148519586,1496.5970521388233,-11.820537538842927,-0.15612648221343872
championship,2021,barnsleyfc,1496.7394061283806,1508.435411568701,1509.2093900449652,-11.696005440320505,-0.3764822134387352
championship,2021,birminghamcity,1510.8339743272945,1499.5728165212392,1499.5916269449854,11.26115780605528,0.2717391304347826
championship,2021,blackburnrovers,1493.8166973832876,1502.9770109008057,1513.509229817577,-9.160313517518034,-0.10968379446640317
championship,2021,blackpoolfc,1507.6718428109646,1501.6446569696116,1503.6593195322412,6.027185841353003,0.11363636363636365
championship,2021,bristolcity,1498.4161796022083,1503.674097316234,1503.3732382380256,-5.25791771402578,-0.08399209486166008
championship,2021,cardiffcity,1497.3178446155994,1505.6744492543623,1497.652643165735,-8.356604638762974,-0.36067193675889325
championship,2021,coventrycity,1494.7777386864275,1511.1376017398106,1502.627294952752,-16.35986305338315,-0.44565217391304346
championship,2021,derbycounty,1502.818296077751,1501.61711569661,1498.4387222693406,1.2011803811410573,0.08300395256916995
championship,2021,fcfulham,1494.1486161402893,1507.7263594655883,1495.1618755865952,-13.577743325299025,-0.31521739130434784
championship,2021,fcmiddlesbrough,1501.1925595608313,1510.493271252146,1492.1128143425942,-9.300711691314746,-0.04743083003952569
championship,2021,fcreading,1504.0542292360403,1499.6190345959212,1509.5219820887655,4.435194640119107,-0.06620553359683795
championship,2021,huddersfieldtown,1502.3014893759403,1508.0517071635493,1495.5119801658927,-5.750217787609017,0.19664031620553357
championship,2021,hullcity,1507.8276992518433,1504.355909881674,1496.3293683319703,3.47178937016929,0.20948616600790515
championship,2021,lutontown,1504.2963419257287,1501.4737600934295,1502.5651758773374,2.8225818322991927,0.07312252964426878
championship,2021,millwallfc,1505.1329469418663,1498.4724384741514,1511.0414112683166,6.6605084677148625,-0.07806324110671936
championship,2021,nottinghamforest,1500.02892254253,1503.6568285937503,1505.3443172022482,-3.627906051220407,-0.015810276679841896
championship,2021,peterboroughunited,1510.2328370678445,1497.0772529445796,1501.4483427596679,13.155584123264816,0.5177865612648221
championship,2021,prestonnorthend,1500.0371084874164,1497.3600999870466,1510.6794866485288,2.677008500369766,0.09782608695652174
championship,2021,queensparkrangers,1499.5902638996297,1512.4124947429639,1503.1304178110734,-12.822230843334182,-0.3102766798418973
championship,2021,sheffieldunited,1497.8174495885241,1491.0687680174544,1509.2934062564318,6.74868157106971,0.19071146245059292
championship,2021,stokecity,1510.8161944196866,1497.5045032121127,1501.8654762737308,13.311691207573858,0.05731225296442688
championship,2021,swanseacityafc,1514.0833423569427,1504.4587134700341,1489.274276753948,9.624628886908567,0.2766798418972332
championship,2021,westbromwichalbion,1508.8397853785193,1497.5753691128218,1496.3855227596555,11.264416265697491,0.29051383399209485
championship,2022,afcsunderland,1497.4102595284264,1506.76636984416,1501.0722800534584,-9.356110315733531,-0.024703557312252968
championship,2022,birminghamcity,1512.6444512729167,1501.116792400417,1494.0524261608216,11.527658872499842,0.4229249011857708
championship,2022,blackburnrovers,1495.4371167597417,1508.1757383851245,1496.5079934326754,-12.738621625382848,-0.19861660079051385
championship,2022,blackpoolfc,1502.3159248991508,1498.8582647608846,1502.3233613901366,3.457660138266192,-0.05632411067193676
championship,2022,bristolcity,1503.2758590940334,1497.8290733854074,1502.3885076346548,5.4467857086260665,-0.08893280632411067
championship,2022,cardiffcity,1507.3377045427258,1502.729136571683,1492.9451805699764,4.608567971042703,0.18379446640316205
championship,2022,coventrycity,1501.007832904164,1488.944862313975,1512.1235997947865,12.062970590189025,0.01482213438735178
championship,2022,fcburnley,1499.5466416780012,1496.260186752695,1500.1836667676396,3.2864549253060886,0.17193675889328064
championship,2022,fcmiddlesbrough,1487.3408800836899,1505.11842701245,1504.6672687476043,-17.777546928760103,-0.2075098814229249
championship,2022,fcreading,1503.8377971896632,1502.1257778313275,1502.7261684801751,1.7120193583357377,-0.04545454545454545
championship,2022,fcwatford,1502.1367645474459,1501.339297748671,1494.757689842949,0.7974667987748489,0.14822134387351776
championship,2022,huddersfieldtown,1493.0862213586527,1502.448739750823,1495.4767628894417,-9.362518392170387,-0.1373517786561265
championship,2022,hullcity,1510.3242137502216,1502.5111181932066,1491.6616216346563,7.813095557015004,0.29545454545454547
championship,2022,lutontown,1506.582746376663,1494.2832134039654,1494.678041668654,12.299532972697534,0.07411067193675888
championship,2022,millwallfc,1499.587250133684,1509.443875119195,1488.7650876544747,-9.856624985510962,0.14031620553359686
championship,2022,norwichcity,1493.9570510885485,1494.0184356506797,1503.7471461846071,-0.061384562131252096,-0.22628458498023715
championship,2022,prestonnorthend,1498.300999267229,1492.6456969811409,1508.2590033169213,5.655302286088045,-0.13636363636363635
championship,2022,queensparkrangers,1493.4842641496357,1497.3578635312285,1512.676769797505,-3.8735993815928396,-0.299407114624506
championship,2022,rotherhamunited,1492.6691500931108,1495.912877320153,1521.4053985085252,-3.2437272270422,-0.41699604743083
championship,2022,sheffieldunited,1492.2924061379751,1506.0622516871972,1493.8854254061323,-13.769845549222055,0.09189723320158102
championship,2022,stokecity,1501.0783709941252,1501.117944404037,1500.1861259006862,-0.03957340991178171,0.08102766798418974
championship,2022,swanseacityafc,1498.0572463042329,1503.6654362540485,1498.9282656923356,-5.608189949815596,-0.08399209486166008
championship,2022,westbromwichalbion,1504.957336218373,1502.1978019770886,1491.9064344644125,2.7595342412844275,0.3270750988142293
championship,2022,wiganathletic,1499.5418420468184,1498.6205113746175,1506.5033194377504,0.9213306722008383,0.024703557312252968
championship,2023,afcsunderland,1492.0411637666814,1495.5258137141843,1493.9625089137178,-3.4846499475029304,-0.21047430830039524
championship,2023,birminghamcity,1498.2800797425177,1495.4921093441974,1497.1610165866541,2.78797039832034,0.08201581027667984
championship,2023,blackburnrovers,1495.717163346785,1500.0143651882902,1486.9516482252668,-4.297201841505284,0.022727272727272724
championship,2023,bristolcity,1491.1499878411712,1493.2492548266655,1501.4486992566297,-2.099266985494296,-0.08399209486166008
championship,2023,cardiffcity,1497.906104607309,1497.3020967214902,1495.6534024016212,0.6040078858188735,0.23616600790513834
championship,2023,coventrycity,1496.939672409714,1484.7508225704255,1498.9842211214848,12.188849839288423,0.2756916996047431
championship,2023,fcmiddlesbrough,1493.5737712698765,1488.06832651873,1497.7659767011398,5.50544475114657,0.24110671936758896
championship,2023,fcsouthampton,1490.2897980760447,1497.049146419865,1496.4605654245731,-6.75934834382042,-0.15118577075098816
championship,2023,fcwatford,1498.8963868689934,1501.4602116777944,1484.1898625780238,-2.563824808800973,0.1314229249011858
championship,2023,huddersfieldtown,1488.4172988793819,1491.3665981323459,1503.9899744773431,-2.9492992529640105,-0.048418972332015815
championship,2023,hullcity,1496.6864380677898,1489.537733330454,1499.388954406984,7.14870473733572,0.04150197628458498
championship,2023,ipswichtownfc,1487.278762542564,1497.807369896574,1506.0472129751897,-10.528607354010092,-0.2519762845849803
championship,2023,leedsunitedfc,1485.950322246516,1501.078704070082,1494.9695723004372,-15.128381823566087,-0.5405138339920948
championship,2023,leicestercityfc,1493.43549455715,1499.468894246215,1489.265532940119,-6.033399689065163,0.02075098814229249
championship,2023,millwallfc,1496.1354878993277,1496.7916636982554,1490.3042865343205,-0.6561757989277339,0.02964426877470356
championship,2023,norwichcity,1502.4471730837597,1488.019594105021,1495.1228599778358,14.427578978738666,0.08399209486166008
championship,2023,plymouthargyle,1499.1586611934208,1495.7927099136677,1489.9439892047023,3.3659512797530624,0.03952569169960475
championship,2023,prestonnorthend,1494.6863435171704,1491.9842870386042,1498.4160918303362,2.702056478566192,-0.023715415019762844
championship,2023,queensparkrangers,1499.098797219751,1500.5334742406678,1491.9448571880553,-1.4346770209167516,0.06521739130434782
championship,2023,rotherhamunited,1493.2225338924618,1491.0158248735343,1506.60269294997,2.2067090189275405,-0.04743083003952569
championship,2023,sheffieldwednesday,1496.913139020021,1493.0562757188898,1493.7176033677417,3.8568633011311704,0.08201581027667984
championship,2023,stokecity,1496.342695895171,1501.4741739601573,1491.6308388719287,-5.131478064986368,-0.25395256916996045
championship,2023,swanseacityafc,1495.7049393912807,1490.668321323688,1495.958006544606,5.036618067592826,-0.12252964426877472
championship,2023,westbromwichalbion,1501.1100545631,1492.8164894286422,1489.0304379880965,8.293565134457822,0.4189723320158103
championship,2024,afcsunderland,1508.2196337396201,1503.2653351740973,1511.7170350541824,4.954298565522777,0.021739130434782608
championship,2024,blackburnrovers,1502.9346438572013,1500.9914434826837,1518.1098429963167,1.9432003745175734,-0.0029644268774703555
championship,2024,bristolcity,1505.035354183622,1514.4357018335952,1498.8583016911039,-9.400347649973128,-0.03853754940711463
championship,2024,cardiffcity,1512.3808864081734,1506.9506678381551,1502.8788490203435,5.430218570018269,0.13636363636363635
championship,2024,coventrycity,1500.3560067387755,1513.0805601395864,1503.9524508915756,-12.724553400810919,-0.05335968379446641
championship,2024,derbycounty,1496.2344652745553,1507.3691916050525,1515.5861322661033,-11.134726330497188,-0.3270750988142293
championship,2024,fcburnley,1498.0203879434168,1504.3784475750608,1503.0063849734747,-6.358059631643982,-0.25889328063241107
championship,2024,fcmiddlesbrough,1500.1474783356593,1503.6164489162431,1509.8581325452371,-3.4689705805838003,-0.2984189723320158
championship,2024,fcportsmouth,1512.6364092974925,1503.7649578962776,1502.0064423914935,8.871451401214927,0.39031620553359686
championship,2024,fcwatford,1507.2934338244306,1508.802789840172,1503.815433562057,-1.5093560157413322,-0.00691699604743083
championship,2024,hullcity,1507.6827383305788,1501.4000856484024,1506.838500273782,6.282652682176376,0.018774703557312256
championship,2024,leedsunitedfc,1504.8338387941112,1500.705962916003,1503.8471382631399,4.127875878108171,0.25691699604743085
championship,2024,lutontown,1503.1843604545581,1507.0652533780856,1500.0319614328992,-3.8808929235274263,0.05039525691699605
championship,2024,millwallfc,1505.51916253074,1507.70172798983,1504.9466517731153,-2.1825654590900285,-0.1600790513833992
championship,2024,norwichcity,1501.8115099015279,1497.811196278695,1515.1847823905675,4.000313622832891,0.05434782608695652
championship,2024,oxfordunited,1504.571114026033,1512.373594404951,1500.5288558866664,-7.802480378918062,0.09782608695652174
championship,2024,plymouthargyle,1505.5265242319588,1508.3211309677085,1508.8587759997347,-2.794606735749767,-0.25395256916996045
championship,2024,prestonnorthend,1508.8625097541658,1505.7345696128773,1506.1259151175886,3.127940141288491,0.2124505928853755
championship,2024,queensparkrangers,1515.7337008169568,1507.3210770317914,1496.964125107393,8.412623785165351,0.2233201581027668
championship,2024,sheffieldunited,1503.878353497016,1504.623384064206,1500.670359195763,-0.7450305671900423,0.018774703557312256
championship,2024,sheffieldwednesday,1513.8379127717737,1505.013043412013,1500.1459603618014,8.824869359760669,0.009881422924901188
championship,2024,stokecity,1503.763410575026,1505.918673539045,1510.9173429430016,-2.1552629640189025,0.04644268774703557
championship,2024,swanseacityafc,1507.5830153372476,1500.2791498892095,1511.9440443587957,7.303865448038096,0.1007905138339921
championship,2024,westbromwichalbion,1507.1916789602149,1506.3141361511127,1500.4451110887178,0.877542809102124,-0.06324110671936758
j1league,2009,albirexniigata,1500.0,1500.0,1500.0,0.0,
j1league,2009,fctokyo,1500.0,1500.0,1500.0,0.0,
j1league,2009,gambaosaka,1500.0,1500.0,1500.0,0.0,
j1league,2009,jefunitedchiba,1500.0,1500.0,1500.0,0.0,
j1league,2009,jubiloiwata,1500.0,1500.0,1500.0,0.0,
j1league,2009,kashimaantlers,1500.0,1500.0,1500.0,0.0,
j1league,2009,kashiwareysol,1500.0,1500.0,1500.0,0.0,
j1league,2009,kawasakifrontale,1500.0,1500.0,1500.0,0.0,
j1league,2009,kyotosanga,1500.0,1500.0,1500.0,0.0,
j1league,2009,montedioyamagata,1500.0,1500.0,1500.0,0.0,
j1league,2009,nagoyagrampus,1500.0,1500.0,1500.0,0.0,
j1league,2009,oitatrinita,1500.0,1500.0,1500.0,0.0,
j1league,2009,omiyaardija,1500.0,1500.0,1500.0,0.0,
j1league,2009,sanfreccehiroshima,1500.0,1500.0,1500.0,0.0,
j1league,2009,shimizuspulse,1500.0,1500.0,1500.0,0.0,
j1league,2009,urawareddiamonds,1500.0,1500.0,1500.0,0.0,
j1league,2009,visselkobe,1500.0,1500.0,1500.0,0.0,
j1league,2009,yokohamafmarinos,1500.0,1500.0,1500.0,0.0,
j1league,2010,albirexniigata,1510.1665798888187,1502.1642408386833,1510.7805792458043,8.002339050135333,0.08108132581980027
j1league,2010,cerezoosaka,1506.1190057287029,1505.5998863120103,1511.8453651054172,0.519119416692547,-0.017167385201006035
j1league,2010,fctokyo,1512.3059151634925,1504.440692626005,1503.8931452209922,7.865222537487398,0.14987760227296412
j1league,2010,gambaosaka,1510.3123908119007,1503.5702093214506,1501.3496141686376,6.742181490450093,0.13759255290632771
j1league,2010,jubiloiwata,1504.10156928808,1511.7596912335714,1511.6533156919963,-7.6581219454913025,-0.09336637518643667
j1league,2010,kashimaantlers,1505.1361832412229,1501.7319860278988,1507.9609448281633,3.404197213324096,-0.22358789847278254
j1league,2010,kawasakifrontale,1508.3808352453843,1499.3541907179917,1505.6888692327955,9.026644527392591,0.39066456985903764
j1league,2010,kyotosanga,1500.6709279310808,1513.1945899084283,1513.244568540044,-12.523661977347501,-0.28747015517929186
j1league,2010,montedioyamagata,1506.7495743060906,1509.7971344240332,1511.5413899371267,-3.0475601179425666,-0.027027108606600087
j1league,2010,nagoyagrampus,1504.3029151780565,1505.4557592182043,1511.3931116313988,-1.1528440401477837,-0.07371029619981843
j1league,2010,omiyaardija,1508.7620658161782,1510.1509522475262,1507.5790950278854,-1.3888864313480553,0.19656078986618247
j1league,2010,sanfreccehiroshima,1505.5047157276206,1505.163447831099,1505.619175546459,0.34126789652168554,0.03439813822658193
j1league,2010,shimizuspulse,1505.790153960909,1507.4181341483334,1507.7295719565618,-1.6279801874243276,-0.11793647391970948
j1league,2010,shonanbellmare,1507.3239263170626,1517.3564380326368,1497.815115367283,-10.032511715574174,-0.2170447986127191
j1league,2010,urawareddiamonds,1510.4333633748683,1504.5236876478623,1509.043797913385,5.909675727006061,0.23341593796609167
j1league,2010,vegaltasendai,1504.3609010248226,1504.652245215966,1514.6372600958907,-0.2913441911434802,-0.2832618558165996
j1league,2010,visselkobe,1505.9152042279527,1518.0607903093287,1503.1653937918031,-12.145586081375995,-0.05896823695985474
j1league,2010,yokohamafmarinos,1505.7933457691156,1508.009281398691,1507.7368286164376,-2.2159356295753696,0.0638822567065093
j1league,2011,albirexniigata,1515.849641971504,1520.2293409106662,1514.5021709709727,-4.379698939162154,-0.23175970021358147
j1league,2011,avispafukuoka,1524.4764185027236,1511.7140645537568,1518.6764063637702,12.762353948966847,0.27941176470588236
j1league,2011,cerezoosaka,1516.0669157159043,1503.083922131714,1525.386536727637,12.982993584190353,-0.09319437680546132
j1league,2011,gambaosaka,1513.351552480639,1509.3233357281358,1519.4882623928875,4.028216752503113,0.022072352401293474
j1league,2011,jubiloiwata,1517.2270490165638,1513.8627101433303,1523.9379758114358,3.3643388732334643,-0.10790927840632364
j1league,2011,kashimaantlers,1506.5529703434333,1512.936340461593,1524.0177510218891,-6.383370118159746,-0.17044761020998847
j1league,2011,kashiwareysol,1508.0432532986217,1528.1379530439754,1521.1566749534206,-20.094699745353637,-0.39239737602299507
j1league,2011,kawasakifrontale,1522.0791393243803,1506.4816462727692,1519.8481686407356,15.597493051611082,-0.013488659800790455
j1league,2011,montedioyamagata,1516.9831984872756,1519.905607183553,1520.4146291287245,-2.9224086962774436,-0.003678725400215579
j1league,2011,nagoyagrampus,1510.6040275473495,1518.46355365954,1510.3463106997142,-7.859526112190451,-0.14714901600862315
j1league,2011,omiyaardija,1520.426358347594,1527.8658441999653,1506.4297101834004,-7.439485852371263,-0.10177806940596434
j1league,2011,sanfreccehiroshima,1516.7347984266532,1503.882566790978,1529.9840812248171,12.852231635675253,-0.05027591380294624
j1league,2011,shimizuspulse,1511.5175671469221,1517.2165698201482,1522.1583694579488,-5.699002673226005,-0.22685473301329404
j1league,2011,urawareddiamonds,1520.0209832879934,1515.478248525861,1519.452900592831,4.542734762132341,-0.0453709466026588
j1league,2011,vegaltasendai,1517.521234307313,1516.0611314483704,1524.2748348778798,1.4601028589427187,0.031882286801868345
j1league,2011,ventforetkofu,1519.9189462203606,1528.0606641141858,1505.4012245802107,-8.141717893825216,-0.29656862745098045
j1league,2011,visselkobe,1503.3075851961053,1525.0348324324489,1528.0096077421686,-21.7272472363436,-0.3801349580222765
j1league,2011,yokohamafmarinos,1525.3989047601106,1529.8865926672654,1495.6836884246236,-4.48768790715485,0.3801349580222765
j1league,2012,albirexniigata,1526.0880024507023,1528.5942683381243,1520.917731166992,-2.5062658874219323,0.04169222120244322
j1league,2012,cerezoosaka,1517.7405809128186,1513.7137525172413,1539.9586916642775,4.02682839557724,0.019619868801149753
j1league,2012,consadolesapporo,1519.6135370135758,1519.3076953483035,1535.3393140529445,0.3058416652722826,-0.10049019607843139
j1league,2012,fctokyo,1520.2885195328809,1532.7453034476803,1522.978951046083,-12.456783914799416,-0.11158800380653922
j1league,2012,gambaosaka,1513.9849594627797,1512.2389070474992,1529.2732833363202,1.7460524152804737,-0.039239737602299506
j1league,2012,jubiloiwata,1527.4931879830087,1531.361884643273,1513.6748458050004,-3.868696660264277,0.20478238061200058
j1league,2012,kashimaantlers,1516.8597165107144,1529.4758760155175,1518.8032054428875,-12.616159504803136,0.06376457360373669
j1league,2012,kashiwareysol,1509.11039975745,1524.731924021342,1525.4244703175405,-15.621524263891843,-0.20478238061200058
j1league,2012,kawasakifrontale,1530.9102537221006,1531.031554771417,1511.5977586178683,-0.12130104931634378,-0.18025754461056334
j1league,2012,nagoyagrampus,1501.8928627438559,1511.4370660621532,1540.2795476588472,-9.544203318297377,-0.707541518641463
j1league,2012,omiyaardija,1524.0093431165706,1525.5488168949676,1524.6531063840741,-1.5394737783969958,-0.24402211821430006
j1league,2012,sagantosu,1531.2124223925398,1528.3163063169989,1513.9128530717674,2.896116075540931,0.34803921568627455
j1league,2012,sanfreccehiroshima,1530.1202276567994,1529.946495744153,1509.4565575250817,0.17373191264641719,-0.07725323340452715
j1league,2012,shimizuspulse,1538.3951034236677,1513.6825046189363,1520.9371967842778,24.712598804731442,0.5481300846321212
j1league,2012,urawareddiamonds,1525.562517064016,1534.6780186387402,1516.8762437363753,-9.115501574724249,0.08583692600503016
j1league,2012,vegaltasendai,1523.472497177362,1512.732976093592,1531.0538519137685,10.739521083769887,0.14347029060840757
j1league,2012,visselkobe,1528.7047846936903,1517.9122505986413,1526.8368179042736,10.79253409504895,-0.0760269916044553
j1league,2012,yokohamafmarinos,1514.3400294851215,1520.6312518371008,1534.4003343833313,-6.291222351979286,0.008583692600503018
j1league,2013,albirexniigata,1528.7011084953983,1522.5313877158835,1502.9006928546835,6.169720779514819,0.5073529411764706
j1league,2013,cerezoosaka,1504.5943783206428,1520.9103018509647,1527.615599315447,-16.315923530321925,-0.5171568627450981
j1league,2013,fctokyo,1518.0666468315774,1519.6734219457292,1515.9408541033226,-1.6067751141517874,0.18137254901960786
j1league,2013,jubiloiwata,1520.1860456072557,1518.0640380251396,1516.4604600920763,2.1220075821161117,0.29411764705882354
j1league,2013,kashimaantlers,1512.7512137721233,1509.038850201664,1527.8862112336772,3.7123635704592743,0.17401960784313728
j1league,2013,kashiwareysol,1516.6706084090613,1510.593282625068,1519.0029581770214,6.077325783993274,0.06862745098039216
j1league,2013,kawasakifrontale,1513.3010633478093,1527.3208112324917,1508.5959216623144,-14.019747884682374,-0.15441176470588236
j1league,2013,nagoyagrampus,1515.6368990220699,1510.3310537969248,1518.9031079650338,5.305845225145049,-0.2303921568627451
j1league,2013,oitatrinita,1514.4870697508622,1512.0124297982982,1531.0072644512686,2.4746399525640754,-0.31617647058823534
j1league,2013,omiyaardija,1520.138897908121,1509.0290962647412,1522.8635120035929,11.109801643379797,-0.32843137254901966
j1league,2013,sagantosu,1513.7440806371321,1510.593282625068,1524.752155386199,3.150798012064115,-0.06127450980392158
j1league,2013,sanfreccehiroshima,1515.8095721577365,1513.0498556434425,1513.2112473872337,2.759716514294041,0.09313725490196079
j1league,2013,shimizuspulse,1511.5593549899947,1526.899210461924,1512.59008077557,-15.33985547192924,-0.03431372549019608
j1league,2013,shonanbellmare,1519.967563478284,1526.2403424144143,1518.3283631184315,-6.27277893613018,0.24264705882352944
j1league,2013,urawareddiamonds,1512.6121660359674,1513.3439662583824,1523.6431903428684,-0.7318002224149041,-0.07352941176470588
j1league,2013,vegaltasendai,1520.7275514004286,1513.207692339907,1511.9357716729223,7.5198590605216395,-0.009803921568627453
j1league,2013,ventforetkofu,1522.8932054502352,1527.1153863398213,1509.0006637378938,-4.22218088958607,0.26715686274509803
j1league,2013,yokohamafmarinos,1512.93707046078,1517.1778406566834,1514.8419500380573,-4.240770195903451,-0.30147058823529416
j1league,2014,albirexniigata,1522.0896330495018,1535.3134665531963,1522.5408527698453,-13.22383350369455,-0.2377450980392157
j1league,2014,cerezoosaka,1522.7892296712218,1520.240437792243,1535.58709114808,2.548791878978818,0.09558823529411767
j1league,2014,fctokyo,1533.566552102838,1523.0083336905911,1526.3738801415986,10.558218412246788,0.04656862745098039
j1league,2014,gambaosaka,1539.9275932462015,1533.0253988536006,1510.9474633063815,6.902194392600904,0.4534313725490197
j1league,2014,kashimaantlers,1528.3253224827588,1526.4420687743907,1524.5765084251534,1.8832537083681018,-0.06862745098039216
j1league,2014,kashiwareysol,1528.0246177036527,1529.1253467067907,1525.2274481826535,-1.1007290031379853,-0.13725490196078433
j1league,2014,kawasakifrontale,1516.08090729405,1518.0078498639614,1542.5732983276137,-1.926942569911489,-0.27696078431372556
j1league,2014,nagoyagrampus,1525.9859041082068,1523.3317435700517,1534.4950251312,2.6541605381551108,-0.13480392156862747
j1league,2014,omiyaardija,1527.277568392951,1531.6823497394623,1533.392118216637,-4.4047813465112995,-0.04901960784313726
j1league,2014,sagantosu,1527.052644279463,1528.6543832413429,1527.3779802664938,-1.601738961879846,-0.14460784313725492
j1league,2014,sanfreccehiroshima,1530.807456168432,1520.7523364981562,1523.0010445429,10.055119670275872,0.45098039215686275
j1league,2014,shimizuspulse,1523.4604081143743,1529.7642011979308,1530.937283014389,-6.303793083556457,-0.02450980392156863
j1league,2014,tokushimavortis,1532.6271383062033,1526.5101720855118,1528.9912464501933,6.116966220691438,0.41666666666666674
j1league,2014,urawareddiamonds,1532.6680073695163,1526.9831680942118,1520.9860367857655,5.684839275304512,-0.029411764705882353
j1league,2014,vegaltasendai,1525.4382111228542,1538.5626419004295,1520.2419802755433,-13.124430777575299,-0.14460784313725492
j1league,2014,ventforetkofu,1528.247161373619,1533.7413576511578,1529.291694460944,-5.4941962775387765,-0.06862745098039216
j1league,2014,visselkobe,1535.4792834503655,1527.6090390952747,1527.8575378631242,7.87024435509079,0.16911764705882354
j1league,2014,yokohamafmarinos,1518.1145104370423,1525.2078533649483,1533.563659364736,-7.093342927905951,-0.42156862745098045
j1league,2017,albirexniigata,1538.499760091125,1517.8661681033548,1510.3652237974604,20.63359198777016,0.27450980392156865
j1league,2017,cerezoosaka,1539.2819836565113,1518.004552970098,1516.199418437114,21.277430686413254,0.29901960784313725
j1league,2017,fctokyo,1536.7579272656874,1522.3572143924619,1503.5075677634125,14.40071287322553,0.45833333333333337
j1league,2017,gambaosaka,1518.3661093249373,1529.6478733499723,1505.129503508912,-11.281764025035045,0.18872549019607845
j1league,2017,hokkaidoconsadolesapporo,1519.1383874412518,1526.9951670349171,1521.5670133664012,-7.856779593665351,-0.17892156862745098
j1league,2017,jubiloiwata,1512.051400034543,1521.7705111590428,1543.598568023037,-9.719111124499932,-0.6225490196078433
j1league,2017,kashimaantlers,1505.787599405498,1520.411429576061,1530.5616094289458,-14.623830170562996,-0.43627450980392163
j1league,2017,kashiwareysol,1523.3397512023041,1526.1764218412754,1504.3128099930027,-2.836670638971327,0.1985294117647059
j1league,2017,kawasakifrontale,1503.7988153558128,1519.43913216867,1536.3643705836607,-15.640316812857236,-0.2303921568627451
j1league,2017,omiyaardija,1519.1348792531005,1526.382366053871,1527.6790688047754,-7.247486800770503,-0.20098039215686278
j1league,2017,sagantosu,1519.8840739268985,1511.3846153103607,1528.4864834188825,8.499458616537822,0.12745098039215688
j1league,2017,sanfreccehiroshima,1521.8228810281232,1517.9050683121297,1520.6043965728836,3.9178127159934775,0.12009803921568628
j1league,2017,shimizuspulse,1525.9611768849643,1514.8825642823683,1531.921307460438,11.078612602595967,-0.022058823529411766
j1league,2017,urawareddiamonds,1515.7655893826186,1530.2902236901018,1509.803740230044,-14.524634307483211,-0.11764705882352941
j1league,2017,vegaltasendai,1520.0248845800452,1521.5678983247471,1527.1307566946243,-1.543013744701966,-0.14460784313725492
j1league,2017,ventforetkofu,1518.254367555944,1518.7318793582965,1530.3313087609904,-0.4775118023524101,0.1593137254901961
j1league,2017,visselkobe,1519.1703541983186,1521.0592393003392,1528.8176983065584,-1.8888851020205948,-0.3602941176470589
j1league,2017,yokohamafmarinos,1528.8107660639098,1520.9783814235252,1509.46986150045,7.832384640384589,0.286764705882353
j1league,2018,cerezoosaka,1522.1068558966408,1532.3601506534242,1506.111294639128,-10.253294756783362,0.03431372549019608
j1league,2018,fctokyo,1512.1937378741989,1519.3419838592934,1541.2816362642106,-7.148245985094491,-0.34068627450980393
j1league,2018,gambaosaka,1532.6844272007766,1518.757391324528,1518.2301777152222,13.92703587624851,0.43627450980392163
j1league,2018,hokkaidoconsadolesapporo,1521.3528696835456,1522.1083582274641,1524.9574342336089,-0.7554885439185455,-0.11274509803921569
j1league,2018,jubiloiwata,1514.72878429652,1527.8634546804433,1519.913111490525,-13.134670383923321,0.019607843137254905
j1league,2018,kashimaantlers,1509.983849942887,1526.2469780633048,1514.5766481574879,-16.263128120417832,-0.49509803921568635
j1league,2018,kashiwareysol,1508.3071988423299,1532.959145334522,1512.9414373631844,-24.65194649219211,-0.16911764705882354
j1league,2018,kawasakifrontale,1519.6243799380943,1518.7299416934904,1511.1668570655465,0.8944382446038617,0.07107843137254903
j1league,2018,nagoyagrampus,1514.7634873191519,1516.1369329662618,1535.0309362808935,-1.3734456471099747,-0.07107843137254903
j1league,2018,sagantosu,1541.659858593621,1515.6958419543896,1509.8638938776917,25.96401663923143,0.4460784313725491
j1league,2018,sanfreccehiroshima,1536.1861621560333,1531.911610443748,1503.2862764128963,4.274551712285302,0.43627450980392163
j1league,2018,shimizuspulse,1528.3118784678982,1510.2669630394296,1540.0783121098596,18.044915428468585,-0.056372549019607844
j1league,2018,shonanbellmare,1533.9823585055192,1528.455628819668,1516.259383276439,5.526729685851251,0.29901960784313725
j1league,2018,urawareddiamonds,1504.6841947609341,1517.2504008528642,1543.809767511997,-12.566206091930098,-0.36764705882352944
j1league,2018,vegaltasendai,1525.58077320328,1522.0660686781796,1525.132649559343,3.514704525100342,-0.18382352941176472
j1league,2018,visselkobe,1539.622396846937,1522.1174412244275,1510.9688404403175,17.504955622509442,0.11274509803921569
j1league,2018,vvarennagasaki,1504.9310210002388,1523.3412000901228,1541.8231589508302,-18.410179089883968,-0.5073529411764706
j1league,2018,yokohamafmarinos,1526.49095574301,1512.4629561849388,1520.8063663927467,14.027999558071315,0.35539215686274517
j1league,2019,cerezoosaka,1514.1037014934557,1521.3155771316196,1511.7926016332146,-7.211875638163974,-0.004901960784313726
j1league,2019,fctokyo,1525.4341451118055,1510.2883112992106,1517.4908194627985,15.145833812594901,0.27450980392156865
j1league,2019,gambaosaka,1512.1348143481655,1520.84288530647,1514.538568948669,-8.70807095830446,0.05147058823529412
j1league,2019,hokkaidoconsadolesapporo,1509.0228659695201,1522.9991309258912,1513.6035238698298,-13.976264956371097,-0.10784313725490197
j1league,2019,jubiloiwata,1511.8790856245294,1517.8353140604993,1523.4050359343069,-5.956228435969933,-0.32598039215686275
j1league,2019,kashimaantlers,1509.0505913096554,1519.662319536262,1510.4169843180505,-10.611728226606601,-0.37009803921568635
j1league,2019,kawasakifrontale,1512.9448537307346,1517.8006411355238,1501.594025611208,-4.8557874047892255,0.11029411764705883
j1league,2019,matsumotoyamaga,1518.044501139284,1510.6241536149828,1525.496885300614,7.420347524301178,-0.06862745098039216
j1league,2019,nagoyagrampus,1521.687420072183,1508.4116003965012,1524.4014259781768,13.27581967568176,0.4852941176470589
j1league,2019,oitatrinita,1516.5358864488408,1514.548059704585,1530.9483589342506,1.987826744255699,0.03676470588235294
j1league,2019,sagantosu,1507.5786056788622,1508.1437168005366,1536.1742600703185,-0.565111121674363,-0.5220588235294118
j1league,2019,sanfreccehiroshima,1502.0371907131828,1514.5735853467213,1535.4727471894291,-12.53639463353852,-0.35539215686274517
j1league,2019,shimizuspulse,1530.8761617862713,1521.3805557364813,1499.6817220412483,9.495606049790013,0.22549019607843138
j1league,2019,shonanbellmare,1518.569450747403,1516.4958590128647,1521.426262627718,2.0735917345382404,0.02696078431372549
j1league,2019,urawareddiamonds,1509.856443273432,1519.5113475321316,1517.0930637563704,-9.654904258699617,-0.08823529411764706
j1league,2019,vegaltasendai,1523.825521882112,1513.3324955765247,1519.1848228634467,10.493026305587364,-0.004901960784313726
j1league,2019,visselkobe,1532.2222775677176,1526.9108528539764,1493.437363796379,5.311424713741189,0.36274509803921573
j1league,2019,yokohamafmarinos,1527.4190302121797,1518.5461411385513,1507.0640747733057,8.872889073628357,0.21568627450980393
j1league,2021,avispafukuoka,1527.2848986402287,1507.6571391686946,1507.4260030759604,19.62775947153409,-0.014035087719298246
j1league,2021,cerezoosaka,1505.4264615580703,1516.8342233659557,1507.3926226643234,-11.407761807885436,0.010526315789473684
j1league,2021,fctokyo,1508.516117141141,1513.0801222558061,1508.9970347326225,-4.5640051146651786,-0.021052631578947368
j1league,2021,gambaosaka,1515.3061439556286,1514.0393293656905,1505.1216514083224,1.2668145899381216,-0.07894736842105264
j1league,2021,hokkaidoconsadolesapporo,1509.6157102365169,1521.9593839989413,1506.3158842294763,-12.343673762424487,-0.07192982456140351
j1league,2021,kashimaantlers,1495.6803662769305,1520.072248023642,1509.5667076461827,-24.391881746711533,-0.4333333333333333
j1league,2021,kashiwareysol,1506.3690393175941,1502.8953538524397,1529.4598312134708,3.4736854651544036,-0.16140350877192983
j1league,2021,kawasakifrontale,1511.0129780723576,1513.934735141412,1500.2871367142163,-2.9217570690543653,0.1456140350877193
j1league,2021,nagoyagrampus,1511.9981417452334,1514.6245321582096,1518.328224606556,-2.626390412976207,0.07543859649122807
j1league,2021,oitatrinita,1508.570367718137,1504.5101502786597,1527.5108337177282,4.060217439477356,-0.06491228070175438
j1league,2021,sagantosu,1507.982784490493,1513.600445189729,1521.2346657526152,-5.617660699236012,-0.47719298245614034
j1league,2021,sanfreccehiroshima,1513.8360550443733,1511.0053702832627,1508.5175148453995,2.8306847611106605,0.11578947368421051
j1league,2021,shimizuspulse,1506.7942947198774,1518.4861678664872,1516.6563224320364,-11.69187314660985,-0.11754385964912278
j1league,2021,shonanbellmare,1520.6094396679493,1514.824348291353,1510.3581131210137,5.785091376596256,0.14385964912280702
j1league,2021,tokushimavortis,1521.5107338391765,1509.2002393074931,1515.6405248636115,12.31049453168339,0.16140350877192983
j1league,2021,urawareddiamonds,1522.470276763217,1528.0049694462957,1492.3166811421484,-5.534692683078674,0.29473684210526313
j1league,2021,vegaltasendai,1514.1994096824199,1502.8809524793248,1524.5024855466124,11.318457203095022,0.04736842105263158
j1league,2021,visselkobe,1511.9780826886263,1508.3630530314886,1516.5535487910233,3.615029657137711,-0.010526315789473684
j1league,2021,yokohamafc,1510.6607917240005,1510.1765568864562,1518.2822716170735,0.4842348375443635,-0.25789473684210523
j1league,2021,yokohamafmarinos,1511.6932457962596,1520.085287017167,1494.0517255868815,-8.392041220907458,0.15964912280701754
j1league,2022,avispafukuoka,1510.47936542166,1536.3120560631378,1517.7190610312573,-25.83269064147771,-0.27450980392156865
j1league,2022,cerezoosaka,1535.209143952516,1506.32624770003,1526.714246135724,28.882896252485807,0.2132352941176471
j1league,2022,fctokyo,1535.92849382232,1528.086904176104,1500.413726968541,7.84158964621588,0.48774509803921573
j1league,2022,gambaosaka,1520.5687166202842,1520.2246064695037,1528.8741998353792,0.3441101507805797,0.17892156862745098
j1league,2022,hokkaidoconsadolesapporo,1513.089562199428,1528.083065843162,1525.640804617657,-14.99350364373413,-0.07843137254901962
j1league,2022,jubiloiwata,1518.137849171767,1513.2061791704634,1542.5275018493385,4.931670001303473,-0.44117647058823534
j1league,2022,kashimaantlers,1521.8040407273422,1517.9865859359543,1512.9006626260766,3.817454791387945,-0.09068627450980393
j1league,2022,kashiwareysol,1528.5703510040787,1515.4612694197356,1530.27456707697,13.10908158434313,0.09558823529411767
j1league,2022,kawasakifrontale,1516.5387510468315,1511.0633450720422,1514.1376414143501,5.4754059747892825,0.5049019607843138
j1league,2022,kyotosanga,1506.861543207396,1531.788477536111,1529.890309782727,-24.926934328715106,-0.36274509803921573
j1league,2022,nagoyagrampus,1519.5932358012005,1529.9637781539668,1511.5961147675773,-10.370542352766279,0.03431372549019608
j1league,2022,sagantosu,1507.7200214610552,1519.0497591524654,1538.779126432225,-11.329737691410173,-0.05147058823529412
j1league,2022,sanfreccehiroshima,1522.0932214340348,1529.0887405235114,1515.2384714938612,-6.995519089476602,0.18872549019607845
j1league,2022,shimizuspulse,1522.062877798731,1512.4247462530627,1537.6115341585005,9.63813154566833,0.10784313725490197
j1league,2022,shonanbellmare,1506.0149589086118,1533.254358673974,1534.623937590017,-27.239399765362123,-0.32107843137254904
j1league,2022,urawareddiamonds,1510.142112235417,1524.3388540633503,1526.1249179078302,-14.196741827933238,-0.23529411764705882
j1league,2022,visselkobe,1522.3097904169065,1518.2707192828793,1512.9467681413705,4.039071134027154,0.5514705882352942
j1league,2022,yokohamafmarinos,1529.5579265416961,1526.2542473821186,1493.0235950288732,3.303679159577541,0.24754901960784317
j1league,2023,albirexniigata,1525.2811337515989,1519.2539116747178,1513.1225397499168,6.027222076881117,0.5833333333333334
j1league,2023,avispafukuoka,1512.6236243806552,1522.387690088229,1522.2585689637526,-9.764065707573764,-0.2058823529411765
j1league,2023,cerezoosaka,1523.9544596098501,1520.4599338939158,1506.3888690347462,3.4945257159342873,0.08823529411764706
j1league,2023,fctokyo,1501.7741085997807,1514.982503480166,1536.9312548908433,-13.208394880385413,-0.34803921568627455
j1league,2023,gambaosaka,1515.900696910589,1521.4490717227943,1521.3726986830543,-5.5483748122053385,-0.09313725490196079
j1league,2023,hokkaidoconsadolesapporo,1526.9702408849967,1518.9806532674236,1507.2604975381714,7.989587617573079,0.31127450980392163
j1league,2023,kashimaantlers,1515.6302641734744,1520.1117192591007,1511.2448785190945,-4.481455085626294,-0.14215686274509806
j1league,2023,kashiwareysol,1512.1781236758259,1530.6622746225712,1513.9827133518163,-18.48415094674533,-0.17647058823529413
j1league,2023,kawasakifrontale,1517.3372380239055,1508.6231209287025,1510.2297420109505,8.714117095202937,0.3186274509803922
j1league,2023,kyotosanga,1512.1954268075706,1528.2270171952316,1518.7835226705508,-16.031590387661026,-0.08823529411764706
j1league,2023,nagoyagrampus,1516.6570691825384,1507.2799246267641,1527.163460576114,9.377144555774294,-0.46813725490196084
j1league,2023,sagantosu,1527.001083282742,1521.1154668873348,1507.8606425299433,5.885616395407169,0.004901960784313726
j1league,2023,sanfreccehiroshima,1509.6227817542422,1515.2323555403307,1523.767030976856,-5.609573786088504,-0.1936274509803922
j1league,2023,shonanbellmare,1515.4516717821336,1516.269272810924,1524.559925737998,-0.81760102879025,-0.36764705882352944
j1league,2023,urawareddiamonds,1525.6497108516473,1502.5952617670064,1523.6802404063876,23.054449084640964,0.26715686274509803
j1league,2023,visselkobe,1514.720475988905,1529.4055906598094,1506.8578748742402,-14.68511467090434,-0.30637254901960786
j1league,2023,yokohamafc,1517.2210189409554,1519.2666321576262,1528.0878308302447,-2.045613216670745,0.0
j1league,2023,yokohamafmarinos,1524.6303162500537,1499.8082004037135,1513.8694657765766,24.82211584634024,0.678921568627451
j1league,2024,albirexniigata,1501.6757593748491,1519.7930119608436,1516.5004604413186,-18.117252585994493,-0.5046073324739202
j1league,2024,avispafukuoka,1515.51604548687,1511.171133463893,1511.4023177279994,4.3449120229770415,0.11496271400710184
j1league,2024,cerezoosaka,1507.2179736427659,1513.9699529846023,1517.9553618033253,-6.751979341836432,-0.057042568018790984
j1league,2024,fctokyo,1525.0282587502386,1521.0233025264133,1496.3162487501543,4.004956223825275,0.6537955872922966
j1league,2024,gambaosaka,1514.8677817372227,1517.40804242245,1515.7116355552853,-2.540260685227395,-0.09214568679958543
j1league,2024,hokkaidoconsadolesapporo,1514.2458499515794,1499.4827802892203,1529.2890178557575,14.763069662359158,0.10267662243382376
j1league,2024,jubiloiwata,1520.1404165803895,1517.0523438380083,1509.6978437105279,3.0880727423812004,0.11935060385470113
j1league,2024,kashimaantlers,1494.2646812127234,1509.4050047627682,1529.413259522492,-15.14032355004474,-0.22290480425804476
j1league,2024,kashiwareysol,1512.200699093715,1522.5994428915635,1509.0066306627316,-10.39874379784851,-0.10267662243382376
j1league,2024,kawasakifrontale,1514.498769663249,1509.4227297990083,1508.577504716248,5.076039864240784,-0.2580079230388392
j1league,2024,kyotosanga,1513.1367755754557,1520.5321753461649,1510.3044078088033,-7.3953997707092185,-0.13075911745845933
j1league,2024,machidazelvia,1508.931523837727,1507.110376200843,1524.360176108271,1.8211476368840067,-0.14210526315789473
j1league,2024,nagoyagrampus,1524.6295004804706,1509.4586486234946,1503.9409560867966,15.170851856976014,0.21851691441044543
j1league,2024,sagantosu,1513.3235171813103,1517.5582375820422,1512.9965512156077,-4.234720400731931,0.06318561380543002
j1league,2024,sanfreccehiroshima,1512.1719436673773,1503.1066602457909,1516.5464173830826,9.0652834215864,0.044756476445512915
j1league,2024,shonanbellmare,1529.4232256067125,1520.1445317648077,1495.8347862660007,9.278693841904897,0.39578766425345746
j1league,2024,tokyoverdy,1508.4847501352551,1509.7210441532677,1522.1619146504354,-1.236294018012586,-0.03508771929824562
j1league,2024,urawareddiamonds,1509.1570202872006,1523.03768608391,1500.5221078866632,-13.880665796709536,-0.18429137359917086
j1league,2024,visselkobe,1503.1872832792671,1500.1020420517775,1521.8822159440422,3.0852412274896324,-0.26678370273403784
j1league,2024,yokohamafmarinos,1511.2649522705076,1513.4568454565826,1502.7328951165607,-2.191893186075049,0.05353225614071153
j2league,2011,consadolesapporo,1500.0,1500.0,1500.0,0.0,
j2league,2011,ehimefc,1500.0,1500.0,1500.0,0.0,
j2league,2011,fagianookayama,1500.0,1500.0,1500.0,0.0,
j2league,2011,fcgifu,1500.0,1500.0,1500.0,0.0,
j2league,2011,fctokyo,1500.0,1500.0,1500.0,0.0,
j2league,2011,gainaretottori,1500.0,1500.0,1500.0,0.0,
j2league,2011,giravanzkitakyushu,1500.0,1500.0,1500.0,0.0,
j2league,2011,jefunitedchiba,1500.0,1500.0,1500.0,0.0,
j2league,2011,katallertoyama,1500.0,1500.0,1500.0,0.0,
j2league,2011,kyotosanga,1500.0,1500.0,1500.0,0.0,
j2league,2011,mitohollyhock,1500.0,1500.0,1500.0,0.0,
j2league,2011,oitatrinita,1500.0,1500.0,1500.0,0.0,
j2league,2011,roassokumamoto,1500.0,1500.0,1500.0,0.0,
j2league,2011,sagantosu,1500.0,1500.0,1500.0,0.0,
j2league,2011,shonanbellmare,1500.0,1500.0,1500.0,0.0,
j2league,2011,thespakusatsu,1500.0,1500.0,1500.0,0.0,
j2league,2011,tochigisc,1500.0,1500.0,1500.0,0.0,
j2league,2011,tokushimavortis,1500.0,1500.0,1500.0,0.0,
j2league,2011,tokyoverdy,1500.0,1500.0,1500.0,0.0,
j2league,2011,yokohamafc,1500.0,1500.0,1500.0,0.0,
j2league,2012,avispafukuoka,1494.0286196094708,1495.3463634135946,1483.7400255407404,-1.317743804123893,0.04886019406213152
j2league,2012,ehimefc,1492.4820787584692,1484.759054874435,1499.90343602456,7.723023884034319,-0.18301044496560076
j2league,2012,fagianookayama,1488.9199074112528,1491.1329636623716,1494.4402931672423,-2.2130562511188145,-0.0235299143527201
j2league,2012,fcgifu,1492.037095399696,1499.6155249471508,1493.6788353824525,-7.578429547454789,-0.09019800501876037
j2league,2012,gainaretottori,1488.3250877143564,1495.1231893831562,1501.8331175062917,-6.798101668799745,-0.25490740548780105
j2league,2012,giravanzkitakyushu,1482.8819617605752,1491.3888410302857,1495.5440158036197,-8.506879269710453,-0.13725783372420056
j2league,2012,jefunitedchiba,1498.8969765492616,1487.279845449813,1486.4091391609727,11.61713109944867,0.2719012325203211
j2league,2012,katallertoyama,1488.3501685825279,1494.3158981867632,1493.9805452755752,-5.965729604235321,0.06666809066604028
j2league,2012,kyotosanga,1487.7388585198728,1490.8469567677835,1489.6535973073264,-3.108098247910675,-0.11111348444340044
j2league,2012,machidazelvia,1492.0353740106807,1482.7629658426272,1498.3166687104979,9.272408168053516,0.03322493196224944
j2league,2012,matsumotoyamaga,1493.309860486112,1490.7448467450363,1489.060301332657,2.565013741075745,0.1420202974072623
j2league,2012,mitohollyhock,1489.2228367432542,1490.6834200356611,1497.996115361752,-1.460583292406909,-0.16209496554096067
j2league,2012,montedioyamagata,1496.7610028979148,1494.9655323969655,1481.3884732689253,1.79547050094925,-0.04820872480796977
j2league,2012,oitatrinita,1486.92116488412,1493.1796733335634,1493.2367402511866,-6.258508449443525,0.04052374138524017
j2league,2012,roassokumamoto,1489.944088351461,1486.6266741387706,1497.711470227006,3.317414212690437,-0.11764957176360048
j2league,2012,shonanbellmare,1486.9638041766377,1491.66114954305,1498.6831981384125,-4.697345366412264,-0.07843304784240032
j2league,2012,thespakusatsu,1489.19241668693,1487.3025193990566,1493.4318830632658,1.8898972878735094,-0.21176922917448085
j2league,2012,tochigisc,1489.8598242003995,1497.1190402869547,1486.135686238961,-7.2592160865551705,0.03790930645716016
j2league,2012,tokushimavortis,1498.4397493679226,1484.4817662783855,1485.732885465126,13.957983089537038,0.35425593275484146
j2league,2012,tokyoverdy,1496.5812494688198,1492.567105613264,1479.2088748619149,4.014143855555858,0.23529914352720097
j2league,2012,ventforetkofu,1495.6556708229855,1490.8219019340213,1486.637435806799,4.833768888964187,0.219545138652511
j2league,2012,yokohamafc,1493.2572635439187,1499.0798266839304,1485.0823220513557,-5.822563140011653,-0.03137321913696013
j2league,2013,avispafukuoka,1505.093233963654,1493.4414578665712,1489.0071113541417,11.651776097082802,0.1811084526569675
j2league,2013,consadolesapporo,1496.0002659787544,1497.4505121713391,1479.2905251230457,-1.4502461925847001,0.21759073089002567
j2league,2013,ehimefc,1495.168162015154,1485.0941649091972,1501.8530500115282,10.073997105956778,-0.177199637131997
j2league,2013,fagianookayama,1502.7663168331717,1493.2802884881282,1479.1354317852672,9.48602834504345,0.47557255553808014
j2league,2013,fcgifu,1500.8173379622626,1496.190034931809,1492.472576477443,4.6273030304537315,0.07101014870363115
j2league,2013,gainaretottori,1497.81727339853,1495.8249076885743,1496.2590946512248,1.9923657099557204,-0.009772038812426304
j2league,2013,gambaosaka,1490.6216264867035,1493.1652103395804,1494.3432025643183,-2.5435838528769636,0.39922010347340475
j2league,2013,giravanzkitakyushu,1492.7665743264718,1478.6556377619552,1502.78427298582,14.110936564516578,-0.009772038812426304
j2league,2013,jefunitedchiba,1484.2880196236943,1494.7121692553576,1494.6899987280467,-10.42414963166334,-0.0351793397247347
j2league,2013,katallertoyama,1490.7158349065708,1494.6922367110094,1501.0804977427522,-3.9764018044386376,-0.25798182464805447
j2league,2013,kyotosanga,1489.6334795672751,1496.0592205760975,1486.1139064198544,-6.425741008822342,0.006514692541617535
j2league,2013,matsumotoyamaga,1493.503843691518,1483.478364037075,1499.6184326676296,10.025479654442961,-0.1335511971031595
j2league,2013,mitohollyhock,1491.0087880678982,1492.5846487103543,1497.7686217417213,-1.575860642456064,-0.2631935786813485
j2league,2013,montedioyamagata,1492.4612149190173,1489.701641720759,1498.2348434327992,2.7595731982582947,-0.11921887351160092
j2league,2013,roassokumamoto,1488.1228516438289,1502.4628360995664,1488.4899855633362,-14.339984455737522,-0.05798076362039607
j2league,2013,thespakusatsugunma,1490.1947867623087,1500.8423859323407,1487.0928666959528,-10.647599170031981,-0.27828372033651017
j2league,2013,tochigisc,1487.7253459735625,1503.192897161777,1488.1650518701886,-15.46755118821443,-0.10423508066588057
j2league,2013,tokushimavortis,1490.2016253858906,1489.998951799355,1499.7436200989757,0.2026735865356386,0.07296455646611641
j2league,2013,tokyoverdy,1488.5181687853024,1489.9671513231667,1498.394835179908,-1.4489825378643673,-0.04364844002883749
j2league,2013,visselkobe,1497.2888350802648,1496.7061931893581,1484.135011120979,0.5826418909066433,0.12483755678647188
j2league,2013,vvarennagasaki,1493.4392722260877,1495.4000741491873,1489.290693015327,-1.9608019230995524,0.010403129732205989
j2league,2013,yokohamafc,1488.7574181362938,1485.46383534724,1497.492102068371,3.293582789053744,-0.09250863409096902
j2league,2014,avispafukuoka,1487.8173178560994,1495.988712666326,1501.8700630631934,-8.171394810226502,-0.2624228784069353
j2league,2014,consadolesapporo,1499.5240611994946,1486.1805714593286,1493.489788438542,13.343489740165978,0.3572588691183524
j2league,2014,ehimefc,1497.129165792771,1499.5971591604846,1490.6413070225806,-2.4679933677136887,0.0051964926417214915
j2league,2014,fagianookayama,1487.3919042672896,1495.1807350131755,1500.7151293604186,-7.788830745885889,-0.2695680557893023
j2league,2014,fcgifu,1494.6596972225507,1502.7941041419617,1494.9622054644958,-8.134406919411049,-0.0617083501204427
j2league,2014,giravanzkitakyushu,1495.93056087785,1493.6041730044103,1494.3260937730095,2.3263878734396712,0.1143228381178728
j2league,2014,jefunitedchiba,1487.3850349018414,1487.6068382331157,1504.0428267482203,-0.2218033312742591,-0.1539460945109992
j2league,2014,jubiloiwata,1490.544765238163,1491.6139566196537,1499.735029476597,-1.0691913814905547,-0.1753246753246753
j2league,2014,kamatamaresanuki,1492.3774253498052,1497.9266452423842,1491.5896807422246,-5.5492198925790035,-0.03506493506493507
j2league,2014,katallertoyama,1493.5435878265773,1497.3138396219508,1499.3743726307555,-3.770251795373497,-0.17213381875702438
j2league,2014,kyotosanga,1500.2185940519837,1491.6324620658013,1484.6492015767437,8.586131986182409,0.13121143920346764
j2league,2014,matsumotoyamaga,1495.1510193815327,1493.4957761032765,1488.987686755905,1.6552432782561937,0.19421891248434073
j2league,2014,mitohollyhock,1492.685251667111,1499.626575508994,1491.1180569834062,-6.941323841882877,-0.13835661658583467
j2league,2014,montedioyamagata,1490.0991270383909,1493.3009148003568,1498.481268277043,-3.2017877619659885,-0.01753816266581003
j2league,2014,oitatrinita,1498.751970651922,1489.1205545314926,1491.4072320822218,9.631416120429321,0.00909386212301261
j2league,2014,roassokumamoto,1506.6812296038108,1496.8261319309197,1485.1334245641592,9.855097672891134,0.3494641301557702
j2league,2014,shonanbellmare,1500.6070044023274,1495.8357933475359,1480.859531052509,4.771211054791593,0.43715494348482037
j2league,2014,thespakusatsugunma,1490.4411770926265,1502.8914745992347,1495.4081389125126,-12.450297506608194,-0.26696980946844157
j2league,2014,tochigisc,1499.1771597152547,1481.6157837674978,1498.0676741285768,17.561375947756915,0.3631049233402892
j2league,2014,tokyoverdy,1484.0480354688832,1485.3108035990895,1513.8205472916163,-1.2627681302062683,-0.2786619179123149
j2league,2014,vvarennagasaki,1497.555611705267,1499.1631857138316,1484.0710483917885,-1.6075740085645975,0.07859695120603755
j2league,2014,yokohamafc,1491.5365580293444,1496.6300682100762,1490.5059526043776,-5.093510180731755,-0.20785970566885964
j2league,2015,avispafukuoka,1493.8919610889127,1489.8646006687984,1497.062173122535,4.027360420114292,0.1183356007038431
j2league,2015,cerezoosaka,1490.3410696778114,1482.0160657788103,1501.9531049011418,8.325003899001103,-0.11497239969808798
j2league,2015,consadolesapporo,1483.2135189128019,1492.1542939231608,1497.5853081897108,-8.940775010358948,-0.30689232710007663
j2league,2015,ehimefc,1495.7880865054212,1491.5427684721358,1492.1071688249688,4.245318033285457,0.007802347299154492
j2league,2015,fagianookayama,1496.0884072824251,1485.3192103697097,1492.0243074977927,10.769196912715415,0.22106650680937723
j2league,2015,fcgifu,1489.8887663331639,1492.3911769843985,1498.97779797913,-2.5024106512346407,-0.14954498990046106
j2league,2015,giravanzkitakyushu,1483.6033609871306,1494.0044291513054,1495.0095014393712,-10.40106816417483,-0.22106650680937723
j2league,2015,jefunitedchiba,1489.3995243364905,1486.9965823408622,1491.247912909211,2.4029419956282254,0.04421330136187546
j2league,2015,jubiloiwata,1495.6274398336288,1488.9554383892662,1487.0037560001783,6.67200144436265,0.3862161913081473
j2league,2015,kamatamaresanuki,1497.9930047405853,1494.570399213244,1490.6404629257497,3.422605527341375,0.26267902573820123
j2league,2015,kyotosanga,1487.327963412337,1488.9949476339623,1494.5014336189597,-1.666984221625171,-0.007802347299154492
j2league,2015,mitohollyhock,1493.429590599051,1489.079287230928,1495.7940540236743,4.350303368122923,-0.10273090610553413
j2league,2015,oitatrinita,1481.6600258492417,1498.9147453467815,1491.3191872691314,-17.25471949753978,-0.4967494447128359
j2league,2015,omiyaardija,1502.5099265681365,1492.5283320794813,1479.2719817101456,9.981594488655219,0.4722312688164405
j2league,2015,roassokumamoto,1492.1786357561693,1496.5249253808076,1487.5213553250858,-4.3462896246383025,-0.18725633517970777
j2league,2015,thespakusatsugunma,1489.8306105373865,1492.8156348155837,1497.2327762231039,-2.9850242781972156,-0.03120938919661797
j2league,2015,tochigisc,1493.2638209773972,1496.8633665353404,1485.6965996112813,-3.599545557943202,0.3628091494106838
j2league,2015,tokushimavortis,1491.0653993968717,1480.3799359604493,1500.4615074117942,10.685463436422424,-0.011703520948731736
j2league,2015,tokyoverdy,1495.354210952099,1494.4022301301163,1489.1820770846282,0.9519808219827155,0.02860860676356647
j2league,2015,vvarennagasaki,1498.2720580714827,1490.234035096732,1488.3170485160808,8.038022974750675,0.3459040635958491
j2league,2015,yokohamafc,1492.1810754491646,1497.0057764629544,1484.82865333906,-4.824701013789763,-0.13524068651867782
j2league,2015,zweigenkanazawa,1487.2632252366363,1498.3553594608968,1488.6916556602303,-11.092134224260462,-0.48457293884052904
j2league,2016,cerezoosaka,1494.2924191976326,1495.266569810041,1482.310199261468,-0.9741506124082662,-0.1014305148890084
j2league,2016,ehimefc,1493.355472989458,1492.2056184081605,1486.7609762714894,1.1498545812974044,0.14564381625088382
j2league,2016,fagianookayama,1485.7291801224078,1488.8530753833206,1500.3554583171385,-3.123895260912832,-0.18595594396318202
j2league,2016,fcgifu,1493.050464912437,1492.1518897849642,1497.3714295599532,0.8985751274728955,-0.06241877839323594
j2league,2016,giravanzkitakyushu,1490.855303542648,1490.4844581004884,1493.2705355010655,0.37084544215963433,0.24187276627378923
j2league,2016,hokkaidoconsadolesapporo,1489.1781805670141,1485.886571298979,1499.4288289836145,3.2916092680350175,-0.06755440434237937
j2league,2016,jefunitedchiba,1487.819696953162,1491.8220451662255,1496.6255667575817,-4.002348213063442,-0.1716516405813988
j2league,2016,kamatamaresanuki,1491.2641822591238,1493.4820682699685,1493.1478693572553,-2.2178860108447225,-0.14694420746740958
j2league,2016,kyotosanga,1492.9570164649945,1492.5422783209754,1489.9614666010573,0.41473814401911113,0.0429129101453497
j2league,2016,machidazelvia,1495.9926201221317,1490.239611959966,1492.846592631958,5.75300816216577,0.18595594396318202
j2league,2016,matsumotoyamaga,1486.22721440198,1490.7102487130066,1489.0558014056364,-4.483034311026586,0.06762034325933891
j2league,2016,mitohollyhock,1487.6361590087515,1497.5983139668901,1493.3113188504863,-9.962154958138626,-0.3172954568322826
j2league,2016,montedioyamagata,1488.464027642644,1496.7065151155152,1487.2738751201862,-8.24248747287129,0.27178176425388145
j2league,2016,renofayamaguchi,1489.4604329714077,1489.383677410921,1495.6494704672784,0.07675556048661747,-0.17733031139874586
j2league,2016,roassokumamoto,1490.2266858789258,1495.1643052548832,1490.016778939423,-4.937619375957411,0.007802347299154492
j2league,2016,shimizuspulse,1497.5299423017648,1493.2831166071815,1483.6805219406613,4.246825694583322,0.571614190589364
j2league,2016,thespakusatsugunma,1492.326696823959,1491.3146095789073,1497.7199758873928,1.0120872450518164,-0.2925880237182934
j2league,2016,tokushimavortis,1489.0109352237357,1486.988162504393,1498.8950237197096,2.022772719342811,-0.17685320544750183
j2league,2016,tokyoverdy,1492.1320365433967,1495.0464581919455,1490.9436558452958,-2.914421648548796,-0.1846555527466563
j2league,2016,vvarennagasaki,1494.4729033336419,1492.989516187885,1486.878636483574,1.4833871457567511,-0.04941486622797844
j2league,2016,yokohamafc,1496.4597759111832,1490.5380811826492,1490.339010227457,5.921694728534021,0.21066337707717123
j2league,2016,zweigenkanazawa,1487.5833248286483,1491.833038827841,1498.0073036659244,-4.249713999192636,-0.20416142099454251
j2league,2017,avispafukuoka,1497.1162344140434,1488.6011870506206,1476.6090489053781,8.51504736342281,0.06623376623376624
j2league,2017,ehimefc,1489.6088538430708,1485.900973069333,1493.5146060209884,3.70788077373777,-0.05454545454545454
j2league,2017,fagianookayama,1491.3162591897617,1498.4223513700513,1479.7299447829257,-7.106092180289579,-0.07792207792207792
j2league,2017,fcgifu,1488.2820174945466,1495.524456129966,1496.4344312641115,-7.242438635419376,-0.13246753246753248
j2league,2017,jefunitedchiba,1494.4664132647597,1493.5122085209673,1485.7092703418934,0.9542047437923884,0.40389610389610386
j2league,2017,kamatamaresanuki,1498.4268255487655,1504.765044013347,1474.6664679007918,-6.338218464581587,0.22987012987012984
j2league,2017,kyotosanga,1496.0076995057345,1483.8989156720077,1486.0215162450975,12.108783833726875,0.38051948051948054
j2league,2017,machidazelvia,1494.6729372020275,1490.9339016095266,1483.1927821377992,3.7390355925008407,-0.12467532467532469
j2league,2017,matsumotoyamaga,1487.574655063125,1480.4908097835646,1488.6132663623691,7.083845279560364,0.08441558441558442
j2league,2017,mitohollyhock,1490.9200955602196,1497.0876721201687,1486.2682448776661,-6.1675765599491115,-0.07792207792207792
j2league,2017,montedioyamagata,1491.4992688381951,1480.0468678342604,1502.66264228887,11.45240100393471,-0.11168831168831168
j2league,2017,nagoyagrampus,1485.4004151857664,1479.2954471518121,1505.8381323788633,6.104968033954265,-0.14675324675324675
j2league,2017,oitatrinita,1497.272840716501,1491.3298681411961,1487.850749451153,5.942972575304793,0.09480519480519481
j2league,2017,renofayamaguchi,1487.7134698732793,1500.6453819371998,1486.5134804705588,-12.931912063920436,-0.28831168831168835
j2league,2017,roassokumamoto,1497.9893275315574,1506.2468300983317,1472.9569053854023,-8.257502566774292,0.16623376623376623
j2league,2017,shonanbellmare,1475.2980979216888,1485.9815380333398,1499.6333558465244,-10.683440111650953,-0.4623376623376624
j2league,2017,thespakusatsugunma,1483.3626109254417,1499.4043589667128,1494.2802031277872,-16.04174804127115,-0.07922077922077922
j2league,2017,tokushimavortis,1493.372465424192,1478.778721268633,1497.8109174181905,14.593744155558852,0.05584415584415584
j2league,2017,tokyoverdy,1484.1085468968165,1499.0279662016287,1495.2437375063007,-14.919419304812209,-0.1974025974025974
j2league,2017,vvarennagasaki,1497.7990161907117,1475.5117750832762,1502.1060406836157,22.28724110743542,0.18571428571428572
j2league,2017,yokohamafc,1490.3279846998505,1494.2186659413167,1486.1459440374663,-3.8906812414661545,0.13116883116883118
j2league,2017,zweigenkanazawa,1481.2019277250388,1484.1130230178337,1511.9362755813415,-2.9110952927949256,-0.045454545454545456
j2league,2018,albirexniigata,1487.1584878210435,1482.3800322424506,1503.9695009817244,4.7784555785929115,-0.12077922077922078
j2league,2018,avispafukuoka,1487.549053277359,1487.991485600998,1489.9760713568828,-0.44243232363896823,0.05584415584415584
j2league,2018,ehimefc,1485.0243151113548,1496.3692162578143,1497.2547883522025,-11.344901146459506,-0.5467532467532468
j2league,2018,fagianookayama,1498.3756576789585,1491.7716751517617,1484.298227970137,6.603982527196877,0.2597402597402597
j2league,2018,fcgifu,1501.0384637623033,1497.8111267334427,1482.7398031458438,3.2273370288605747,0.38571428571428573
j2league,2018,jefunitedchiba,1497.8420094633545,1485.5794204844767,1485.571929850614,12.26258897887783,0.13506493506493505
j2league,2018,kamatamaresanuki,1500.5452293822905,1488.86790469171,1493.100020413302,11.677324690580463,0.04285714285714286
j2league,2018,kyotosanga,1481.6989003284518,1494.1666720518817,1495.8467973106688,-12.467771723429905,-0.20519480519480518
j2league,2018,machidazelvia,1492.6949779670326,1493.278963959411,1490.2136440522263,-0.5839859923783024,0.17922077922077922
j2league,2018,matsumotoyamaga,1483.8054600280268,1481.388832024517,1502.8683869393956,2.4166280035099135,-0.00909090909090909
j2league,2018,mitohollyhock,1497.89837008357,1497.9214434220642,1482.5296974379467,-0.023073338494214113,-0.00909090909090909
j2league,2018,montedioyamagata,1487.9967082905418,1485.6807993840962,1499.443283460145,2.3159089064456566,-0.22337662337662337
j2league,2018,oitatrinita,1489.8261358792267,1492.1423918445696,1490.7302395426793,-2.3162559653428616,-0.17662337662337665
j2league,2018,omiyaardija,1499.3433256520748,1483.5964610057604,1484.8163736976442,15.746864646314407,0.21428571428571425
j2league,2018,renofayamaguchi,1496.1563217909709,1500.8519074606934,1486.6002280028495,-4.6955856697225045,-0.24155844155844156
j2league,2018,roassokumamoto,1492.531062700697,1494.9214255558416,1497.6801813052946,-2.390362855144531,-0.17662337662337665
j2league,2018,tochigisc,1486.627787974133,1499.5508230531268,1493.6735909520978,-12.923035078993735,-0.37922077922077924
j2league,2018,tokushimavortis,1486.5943374132455,1493.8873908692808,1489.7166815657654,-7.293053456035295,-0.0038961038961038965
j2league,2018,tokyoverdy,1494.6019359968957,1482.6852634923894,1492.9715042949308,11.916672504506323,0.5207792207792208
j2league,2018,ventforetkofu,1490.2563358688387,1488.0656799037108,1492.0204904227708,2.1906559651279167,0.3116883116883117
j2league,2018,yokohamafc,1482.6913291821497,1504.334338883486,1485.796019735361,-21.64300970133627,-0.06753246753246753
j2league,2018,zweigenkanazawa,1494.2999416640116,1500.366921342857,1483.6846584262405,-6.066979678845428,-0.005194805194805195
j2league,2019,albirexniigata,1506.105691872433,1498.6771043323538,1498.1213280983825,7.4285875400792065,0.08972699394027665
j2league,2019,avispafukuoka,1501.97224926335,1496.7858319883187,1495.2541350615304,5.186417275031317,0.014304303381783234
j2league,2019,ehimefc,1513.3277015583403,1498.9882352658767,1492.2562547770615,14.339466292463612,0.46684044673274366
j2league,2019,fagianookayama,1497.5421313907248,1502.9087482494026,1505.5802285883121,-5.366616858677844,-0.227568462892006
j2league,2019,fcgifu,1494.4818865030768,1499.8464553456436,1516.3853016199125,-5.364568842566769,-0.2769833291199844
j2league,2019,fcryukyu,1499.0482621756457,1497.8477254451768,1503.302376481066,1.2005367304689116,0.17278338033723956
j2league,2019,jefunitedchiba,1493.5663537034902,1496.7915117769721,1510.7164361966443,-3.225158073481907,-0.3667103230602611
j2league,2019,kagoshimaunited,1501.4769170741124,1488.5823625255355,1510.1390845022413,12.894554548576934,0.0285807095294682
j2league,2019,kashiwareysol,1501.2420306621232,1505.3598717130585,1493.5964617267068,-4.11784105093534,-0.09093862123012608
j2league,2019,kyotosanga,1497.336498882285,1506.6337931246414,1501.9226292248184,-9.297294242356429,-0.17035124936487306
j2league,2019,machidazelvia,1506.5015735320455,1494.8144557038938,1491.7299492386771,11.687117828151713,0.3224970216983856
j2league,2019,mitohollyhock,1501.2376394420305,1493.3294878049676,1507.7615547017817,7.908151637062929,-0.006501956082628742
j2league,2019,montedioyamagata,1500.7556509668561,1498.5898765301802,1502.0230430582762,2.1657744366759744,0.08712621150722515
j2league,2019,omiyaardija,1500.5933580397973,1510.056490154648,1482.7949801026546,-9.463132114850623,0.26397941695472693
j2league,2019,renofayamaguchi,1502.0857275602773,1497.504860256441,1503.1872036455736,4.580867303836385,-0.04941486622797844
j2league,2019,tochigisc,1506.06710307951,1496.0958293621627,1503.3353899421807,9.97127371734723,0.0962289500229054
j2league,2019,tokushimavortis,1486.6972231708485,1495.2433603529716,1519.7185740223194,-8.546137182123175,-0.3003903710174479
j2league,2019,tokyoverdy,1496.218521045374,1502.298483356277,1494.7383708968248,-6.079962310903056,-0.16775046693182155
j2league,2019,ventforetkofu,1493.7207819613373,1500.5531235537528,1504.2145885078594,-6.83234159241556,-0.13263990408562634
j2league,2019,vvarennagasaki,1500.7366228191295,1504.4504735851585,1488.4042961319433,-3.7138507660290543,0.2444735487068407
j2league,2019,yokohamafc,1497.054043300907,1499.0814580915696,1494.6221613135938,-2.027414790662533,-0.11703520948731735
j2league,2019,zweigenkanazawa,1503.6205807095262,1506.9710198129374,1491.5621912561412,-3.3504391034111904,0.11963599192036888
j2league,2021,albirexniigata,1487.24702670562,1494.236943731494,1506.614217153583,-6.989917025873865,-0.44754792876826344
j2league,2021,blaublitzakita,1505.4223139594963,1501.4329859314205,1483.3396251863196,3.989328028075761,0.012987012987012986
j2league,2021,ehimefc,1503.3134154646862,1501.985315516319,1494.1316978753057,1.328099948367253,-0.012991231604303728
j2league,2021,fagianookayama,1487.7677508478077,1505.0508558921101,1495.627642141161,-17.283105044302374,-0.2936018342572642
j2league,2021,fcryukyu,1490.963485601894,1491.4059858199162,1512.3062533771856,-0.4425002180221327,-0.18057811929982182
j2league,2021,giravanzkitakyushu,1502.0199878170426,1503.2498721787626,1488.2129726278633,-1.2298843617199964,0.3215329822065172
j2league,2021,jefunitedchiba,1498.9685491881512,1492.5051165252353,1505.3633182633523,6.4634326629159204,0.09418642913120202
j2league,2021,jubiloiwata,1493.5065224802404,1486.59757959704,1506.5739463360057,6.908942883200325,0.08379344384775904
j2league,2021,kyotosanga,1497.55376155195,1487.0576407228484,1503.3825568643465,10.496120829101528,0.16888601085594843
j2league,2021,machidazelvia,1511.6830863557864,1490.370990901011,1491.808467918794,21.312095454775317,0.585254983773883
j2league,2021,matsumotoyamaga,1493.3829698430325,1484.7227665200448,1504.653163961031,8.660203322987627,0.0571614190589364
j2league,2021,mitohollyhock,1500.5286376150073,1489.5237615436567,1496.1782693049247,11.004876071350509,0.23124392255660636
j2league,2021,montedioyamagata,1494.3459431396843,1493.7173119414053,1499.216860973067,0.6286311982789812,-0.07275089698410088
j2league,2021,omiyaardija,1495.2950723834904,1487.2193316493758,1497.7285582200464,8.07574073411456,0.1857746119415433
j2league,2021,renofayamaguchi,1491.835077193002,1504.7509550405812,1499.654437568311,-12.915877847579168,-0.18382592720089774
j2league,2021,scsagamihara,1498.41780526296,1499.6402749797066,1492.1368448345697,-1.222469716746673,0.1077922077922078
j2league,2021,thespakusatsugunma,1501.809495707675,1509.4890188853126,1490.1076737459302,-7.67952317763752,-0.22020137569294818
j2league,2021,tochigisc,1496.5220567420267,1506.9081158368049,1493.3276713008238,-10.386059094778147,-0.01753816266581003
j2league,2021,tokyoverdy,1495.0076485851853,1498.4437604424236,1496.0604880540764,-3.436111857238302,-0.04481974903484785
j2league,2021,ventforetkofu,1493.63503083791,1501.9655127825881,1487.940222967369,-8.330481944678013,-0.19811628196563183
j2league,2021,vvarennagasaki,1494.790106404221,1497.246341246663,1499.837845181808,-2.4562348424419724,-0.04741799535570861
j2league,2021,zweigenkanazawa,1497.3487318537857,1504.7885880479098,1486.2171914928056,-7.439856194124104,-0.14160442448691063
j2league,2022,albirexniigata,1491.2048752534254,1512.338842187523,1510.7972837600323,-21.133966934097543,-0.4384540666452508
j2league,2022,blaublitzakita,1504.5884338018482,1497.9624768130573,1519.9795820340998,6.625956988790904,-0.0954855522916324
j2league,2022,fagianookayama,1510.3305965342154,1510.1367697860358,1492.76630785914,0.19382674817961743,0.29230271109683387
j2league,2022,fcryukyu,1502.130251532732,1502.3462963966847,1512.9248926765579,-0.21604486395267486,-0.04157194113377193
j2league,2022,iwategrullamorioka,1499.7148484355168,1502.4948075754414,1514.7543393898845,-2.7799591399245855,-0.15064935064935067
j2league,2022,jefunitedchiba,1499.6022368006202,1499.901216703654,1512.6472818562859,-0.2989799030337963,-0.2955505189979098
j2league,2022,machidazelvia,1515.5496758860977,1508.1549303927852,1487.8416613951656,7.3947454933124845,0.15069828660992324
j2league,2022,mitohollyhock,1500.5763207625628,1501.1308206785875,1512.7919809254133,-0.5544999160247244,-0.22344918359402408
j2league,2022,montedioyamagata,1510.2770397635916,1509.8557866601218,1493.6460599245909,0.4212531034697804,-0.008444300542797422
j2league,2022,oitatrinita,1510.4770024347174,1517.4762877862784,1485.1468593663428,-6.999285351560957,0.3202338590460869
j2league,2022,omiyaardija,1506.9199205029095,1512.293725192684,1500.6707053483788,-5.373804689774488,0.20850926724907481
j2league,2022,renofayamaguchi,1501.2388143229896,1513.1172094441695,1510.293424448097,-11.878395121179892,-0.3202338590460869
j2league,2022,roassokumamoto,1507.2938724158523,1510.5947562913832,1507.6425056103642,-3.3008838755308716,-0.15914258715272064
j2league,2022,thespakusatsugunma,1514.1612221543685,1501.2059652532066,1510.273179311089,12.955256901161874,0.05975966537979715
j2league,2022,tochigisc,1499.6083805745718,1507.2619781427197,1515.788426346601,-7.653597568147916,-0.19227022774369515
j2league,2022,tokushimavortis,1500.424394054315,1515.5191372583026,1494.767055045826,-15.094743203987719,-0.2546281394443531
j2league,2022,tokyoverdy,1508.5435893241522,1507.1393234240834,1501.0533371875167,1.4042659000688218,0.07989607436646792
j2league,2022,vegaltasendai,1504.4484000128682,1488.697679799304,1523.8179155886705,15.750720213564136,-0.05454545454545454
j2league,2022,ventforetkofu,1508.3766416205415,1506.1788155129568,1490.8796685909133,2.1978261075846603,0.36375448492050433
j2league,2022,vvarennagasaki,1507.901311736378,1500.8596617594924,1498.847187912894,7.041649976885537,0.23579085361811264
j2league,2022,yokohamafc,1509.031869905734,1497.814835153784,1499.5987497818,11.217034751949996,0.42611239662116224
j2league,2022,zweigenkanazawa,1507.2291077657883,1513.9196704450712,1503.2857008049084,-6.690562679282948,-0.03442676375140488
j2league,2023,blaublitzakita,1500.3419378422352,1520.084095091799,1502.4100500928816,-19.74215724956389,-0.24943164680263158
j2league,2023,fagianookayama,1506.9499658441146,1501.398038809777,1507.07427402289,5.551927034337496,0.03442676375140488
j2league,2023,fujiedamyfc,1507.2261507637268,1505.9844869161768,1509.8031760828515,1.241663847549944,-0.04285714285714286
j2league,2023,iwakifc,1500.4963389124248,1508.1627857183062,1514.3546891320243,-7.666446805881378,-0.287012987012987
j2league,2023,jefunitedchiba,1512.3862322781074,1513.8635915534383,1493.1522683493715,-1.4773592753308549,0.25073076996306193
j2league,2023,jubiloiwata,1510.3134356724684,1504.3106612873914,1496.4073817344354,6.002774385076918,0.09028905964991091
j2league,2023,machidazelvia,1507.9753090705913,1501.4661572754135,1517.74619911634,6.509151795177786,-0.21760312937208742
j2league,2023,mitohollyhock,1520.479306832572,1504.077664603829,1498.3581177808376,16.401642228743185,0.33127640590974505
j2league,2023,montedioyamagata,1498.5454954351494,1499.5160207332312,1519.861541602509,-0.9705252980818386,-0.2806106026529605
j2league,2023,oitatrinita,1505.444636631028,1496.990763664576,1513.8763644002927,8.453872966452082,0.1526469713505688
j2league,2023,omiyaardija,1510.484598138515,1521.757784407973,1495.6969523715013,-11.273186269458165,-0.012991231604303728
j2league,2023,renofayamaguchi,1510.468527237025,1510.4082300600778,1506.441890818908,0.060297176947187836,-0.03962325639312637
j2league,2023,roassokumamoto,1502.475331468259,1499.432415609041,1518.4181288809866,3.0429158592178283,-0.1571939024120751
j2league,2023,shimizuspulse,1507.7528825381808,1506.5279236600968,1505.601668944775,1.224958878083953,0.14225398606712583
j2league,2023,thespakusatsugunma,1502.6567904144792,1506.4845081331416,1522.9255176110842,-3.8277177186623703,-0.14810004028906248
j2league,2023,tochigisc,1503.8755420222467,1518.2784994200997,1503.9020139024506,-14.402957397853015,-0.06105878854022751
j2league,2023,tokushimavortis,1508.5446843958184,1509.3789543495625,1497.3095091414777,-0.8342699537440694,0.18707373510197367
j2league,2023,tokyoverdy,1516.1238439995625,1503.5584196338748,1499.9353742186497,12.565424365687704,0.1864241735217585
j2league,2023,vegaltasendai,1502.5614490580597,1504.6611792482843,1515.4388406585856,-2.099730190224591,-0.2721663021101631
j2league,2023,ventforetkofu,1507.2623021113452,1508.842045758955,1508.646152949166,-1.5797436476098028,0.25917507050585936
j2league,2023,vvarennagasaki,1506.247732414459,1503.887133891354,1512.2147261885875,2.3605985231049544,0.13510880868475875
j2league,2023,zweigenkanazawa,1512.4842032589183,1508.6942690656417,1504.8529257859257,3.789934193276622,-0.0006495615802151864
j2league,2024,blaublitzakita,1502.0384916951807,1497.3358669575694,1508.901312606473,4.702624737611359,-0.3526315789473684
j2league,2024,ehimefc,1502.5664059224466,1502.1737671757692,1508.237924673567,0.3926387466774486,-0.014035087719298246
j2league,2024,fagianookayama,1492.9564635757404,1499.2753627854715,1509.3315994379589,-6.318899209731171,-0.3719298245614035
j2league,2024,fujiedamyfc,1507.3478816067334,1505.0055956002764,1496.7761271777915,2.342286006457016,0.23333333333333334
j2league,2024,iwakifc,1507.209669680318,1497.9808354696293,1503.7997626079693,9.228834210688774,0.07719298245614034
j2league,2024,jefunitedchiba,1497.011414621832,1494.8452145401548,1505.6564662629098,2.166200081677289,0.07192982456140351
j2league,2024,kagoshimaunited,1502.5119867119045,1500.5882512670557,1506.2391484676405,1.9237354448487167,0.0912280701754386
j2league,2024,mitohollyhock,1493.1747540650558,1503.419957339741,1512.3670031693318,-10.245203274685082,-0.1
j2league,2024,montedioyamagata,1504.6724841985076,1507.114018108485,1487.1690522984911,-2.441533909977352,0.24736842105263157
j2league,2024,oitatrinita,1502.9691770792679,1504.4158766812814,1496.3573470955114,-1.4466996020134957,0.09649122807017543
j2league,2024,renofayamaguchi,1497.232179347566,1511.1571379699656,1503.401663237317,-13.924958622399572,-0.042105263157894736
j2league,2024,roassokumamoto,1503.78966726158,1498.7218817794285,1506.6504877431494,5.067785482151521,-0.04385964912280702
j2league,2024,shimizuspulse,1504.7779911821592,1497.9865431708126,1493.077657815137,6.791448011346574,0.2210526315789474
j2league,2024,thespagunma,1503.8001601796734,1509.4733105349785,1492.69705903818,-5.673150355305097,0.0017543859649122807
j2league,2024,tochigisc,1509.6564158472058,1499.3274253370462,1503.3482682274966,10.328990510159656,0.531578947368421
j2league,2024,tokushimavortis,1504.5955109826757,1502.5473237828498,1497.5216838868087,2.048187199825861,-0.1719298245614035
j2league,2024,vegaltasendai,1512.0543861668536,1495.056127433541,1504.122665607092,16.998258733312696,0.03684210526315789
j2league,2024,ventforetkofu,1494.5650711472426,1502.5934494366327,1505.1607302479058,-8.028378289390048,-0.14035087719298248
j2league,2024,vvarennagasaki,1500.3257771144329,1506.00294283345,1495.4955849756689,-5.677165719017239,-0.20175438596491227
j2league,2024,yokohamafc,1493.652474917196,1501.887475099434,1500.5968187271724,-8.235000182237854,-0.1701754385964912
jupilerproleague,2008,afctubize,1500.0,1500.0,1500.0,0.0,
jupilerproleague,2008,cerclebrugge,1500.0,1500.0,1500.0,0.0,
jupilerproleague,2008,clubbrugge,1500.0,1500.0,1500.0,0.0,
jupilerproleague,2008,excelsiormouscron2009,1500.0,1500.0,1500.0,0.0,
jupilerproleague,2008,fcvdendereh,1500.0,1500.0,1500.0,0.0,
jupilerproleague,2008,germinalbeerschotantwerpen,1500.0,1500.0,1500.0,0.0,
jupilerproleague,2008,kaagent,1500.0,1500.0,1500.0,0.0,
jupilerproleague,2008,krcgenk,1500.0,1500.0,1500.0,0.0,
jupilerproleague,2008,ksclokeren2020,1500.0,1500.0,1500.0,0.0,
jupilerproleague,2008,ksvroeselare2020,1500.0,1500.0,1500.0,0.0,
jupilerproleague,2008,kvcwesterlo,1500.0,1500.0,1500.0,0.0,
jupilerproleague,2008,kvkortrijk,1500.0,1500.0,1500.0,0.0,
jupilerproleague,2008,kvmechelen,1500.0,1500.0,1500.0,0.0,
jupilerproleague,2008,raecmons2015,1500.0,1500.0,1500.0,0.0,
jupilerproleague,2008,rcharleroisc,1500.0,1500.0,1500.0,0.0,
jupilerproleague,2008,rscanderlecht,1500.0,1500.0,1500.0,0.0,
jupilerproleague,2008,standarddeliege,1500.0,1500.0,1500.0,0.0,
jupilerproleague,2008,zultewaregem,1500.0,1500.0,1500.0,0.0,
jupilerproleague,2010,cerclebrugge,1512.9706589980224,1513.0554896887395,1528.6224657338314,-0.08483069071712634,-0.032258271722969425
jupilerproleague,2010,clubbrugge,1499.8837541448033,1513.6395694076325,1535.2111776067886,-13.755815262829174,-0.5914016482544395
jupilerproleague,2010,germinalbeerschotantwerpen,1520.0653158869588,1518.8236397610958,1517.036799659038,1.2416761258630231,-0.12544883447821445
jupilerproleague,2010,kaagent,1504.9048554064161,1520.6025802689505,1518.712358105579,-15.697724862534415,-0.3835150082619698
jupilerproleague,2010,kaseupen,1516.4941872303732,1527.944502808749,1509.0863996196704,-11.450315578375694,0.08579091897564933
jupilerproleague,2010,krcgenk,1510.5394824228865,1524.804671544867,1519.7303477450412,-14.265189121980484,-0.15770710620118386
jupilerproleague,2010,ksclokeren2020,1520.4891147738113,1508.2300487509242,1521.7251296530249,12.259066022887055,0.08960631034158174
jupilerproleague,2010,kvcwesterlo,1517.5293054876606,1517.2509978943285,1517.5318578728386,0.27830759333210153,0.27957168826573503
jupilerproleague,2010,kvkortrijk,1524.6797563896748,1509.8094782169674,1524.9009714788222,14.870278172707458,0.358425241366327
jupilerproleague,2010,kvmechelen,1522.6097640633552,1509.8061354229135,1519.4817156674674,12.80362864044173,0.23656065930177583
jupilerproleague,2010,liersesk2018,1520.9697117947183,1510.5841842439686,1521.9711936201056,10.385527550749657,-0.035746216239853884
jupilerproleague,2010,rcharleroisc,1527.4542391509485,1511.3398023725636,1516.1705197417664,16.11443677838497,0.046595281377622505
jupilerproleague,2010,rscanderlecht,1510.5753647482384,1511.8202054995916,1511.3910352142232,-1.2448407513531947,-0.34050397929801063
jupilerproleague,2010,standarddeliege,1511.673258764445,1515.0808487062927,1506.7382167332642,-3.4075899418476183,0.06810079585960212
jupilerproleague,2010,vvsttruiden,1524.0847418477451,1516.6769618635706,1512.7633859474768,7.407779984174567,0.07149243247970777
jupilerproleague,2010,zultewaregem,1522.7019371839042,1502.9610075614933,1521.7471981763388,19.74092962241093,0.4301102896395924
jupilerproleague,2011,beerschotac2013,1531.1441831448835,1509.962903011573,1517.185664395633,21.181280133310565,0.41785714285714276
jupilerproleague,2011,cerclebrugge,1508.567799038517,1523.4290755946408,1528.443691451467,-14.861276556123812,-0.20554074337915984
jupilerproleague,2011,clubbrugge,1516.569584651064,1514.8054540902003,1515.3273507561757,1.7641305608635776,0.0
jupilerproleague,2011,kaagent,1515.7933033398915,1518.9913466447001,1508.7154126912326,-3.198043304808607,-0.08400360816365662
jupilerproleague,2011,krcgenk,1516.5599873010485,1520.790032059153,1505.033659458169,-4.230044758104441,-0.33065250021864845
jupilerproleague,2011,ksclokeren2020,1519.454014683627,1511.2166286479646,1518.2442476112215,8.237386035662439,0.09830209465959819
jupilerproleague,2011,kvcwesterlo,1507.0390883397613,1518.3477639609405,1530.293293173058,-11.30867562117919,-0.04110814867583197
jupilerproleague,2011,kvkortrijk,1505.93669306234,1532.941934058561,1524.664739277689,-27.00524099622089,-0.3503129191505681
jupilerproleague,2011,kvmechelen,1512.3136876756666,1528.3928808866742,1511.2277075437319,-16.079193211007578,-0.15549604064336442
jupilerproleague,2011,liersesk2018,1525.7769375823577,1516.716654955067,1522.7493355822094,9.06028262729069,0.12689906765148132
jupilerproleague,2011,oudheverleeleuven,1531.6229286744754,1504.314654049241,1522.3551678283732,27.30827462523439,0.33928571428571425
jupilerproleague,2011,raecmons2015,1523.204948688895,1527.0422746731842,1522.5268611364802,-3.8373259842892367,-0.0017873108119926943
jupilerproleague,2011,rscanderlecht,1525.149631167565,1510.5047462184612,1498.2004762143683,14.644884949103925,0.2520108244909699
jupilerproleague,2011,standarddeliege,1519.1500891781172,1505.7304948855776,1521.4094090802205,13.419594292539614,-0.09115285141162742
jupilerproleague,2011,vvsttruiden,1519.3806472363751,1529.2779381700368,1517.4920362506332,-9.89729093366168,-0.04468277029981736
jupilerproleague,2011,zultewaregem,1513.800228995862,1518.9989708544722,1527.594700309785,-5.198741858610219,0.06970512166771507
jupilerproleague,2012,beerschotac2013,1531.7078911304438,1511.5029369602246,1520.0316863168864,20.204954170219253,0.37857142857142856
jupilerproleague,2012,cerclebrugge,1520.1299411806465,1515.31949526175,1522.6332043978095,4.810445918896448,0.07857142857142857
jupilerproleague,2012,clubbrugge,1511.0313608790411,1531.2357332875897,1500.0805645437695,-20.20437240854858,-0.28928571428571426
jupilerproleague,2012,kaagent,1505.0978133210706,1526.3600060987178,1514.1267212874468,-21.262192777647215,-0.4642857142857142
jupilerproleague,2012,krcgenk,1515.3303646321317,1527.886830316132,1508.0650904192944,-12.556465684000386,-0.1964285714285714
jupilerproleague,2012,ksclokeren2020,1517.8976628166843,1517.8357535239365,1515.090121496563,0.06190929274771406,-0.014285714285714282
jupilerproleague,2012,kvkortrijk,1526.2609735435617,1521.6438359919514,1509.9813215771726,4.617137551610313,0.28928571428571426
jupilerproleague,2012,kvmechelen,1523.829547393886,1515.488331181494,1521.3670501616878,8.341216212392055,0.075
jupilerproleague,2012,kvrswaaslandskbeveren,1520.6924761378746,1506.1039343412715,1533.9303265865544,14.588541796603067,0.47857142857142854
jupilerproleague,2012,liersesk2018,1528.8678492202375,1516.7034738611576,1520.220900056691,12.16437535907994,0.1607142857142857
jupilerproleague,2012,oudheverleeleuven,1518.5310860437228,1510.1162811498698,1539.2756995766915,8.414804893852988,-0.049999999999999996
jupilerproleague,2012,raecmons2015,1512.7504278484573,1512.123257535205,1542.8136999361136,0.6271703132522362,-0.22142857142857136
jupilerproleague,2012,rcharleroisc,1521.9673305031404,1520.2775164901723,1529.17108066987,1.6898140129680996,0.22142857142857136
jupilerproleague,2012,rscanderlecht,1505.2162180891332,1522.2471908725934,1505.8429196614557,-17.03097278346013,-0.32499999999999996
jupilerproleague,2012,standarddeliege,1520.3883942422306,1534.5506404804692,1493.6725229552558,-14.162246238238595,-0.28571428571428564
jupilerproleague,2012,zultewaregem,1523.9343483462403,1514.2384679759678,1527.3307756852403,9.695880370272562,0.16428571428571426
jupilerproleague,2013,cerclebrugge,1524.69310266354,1521.1099249871374,1532.1825959147475,3.5831776764025562,0.049999999999999996
jupilerproleague,2013,clubbrugge,1511.3721764615207,1517.3634027141159,1514.1636021238346,-5.991226252595197,-0.16785714285714282
jupilerproleague,2013,kaagent,1521.9090840714296,1513.1334206714341,1523.0829302830489,8.775663399995437,0.05714285714285713
jupilerproleague,2013,krcgenk,1504.1846605656208,1521.2195559693237,1518.8513536455416,-17.034895403702876,-0.2678571428571428
jupilerproleague,2013,ksclokeren2020,1521.1914032058946,1509.3528218626584,1517.3445607441802,11.838581343236228,0.20357142857142854
jupilerproleague,2013,kvkortrijk,1522.5476883335418,1521.6464216216134,1517.164552394838,0.9012667119284288,0.028571428571428564
jupilerproleague,2013,kvmechelen,1521.0284649101532,1515.3840368578333,1522.954990186025,5.644428052319881,0.06071428571428571
jupilerproleague,2013,kvoostende2024,1520.3524052661844,1516.5020600272746,1523.268283633614,3.8503452389097674,0.2321428571428571
jupilerproleague,2013,kvrswaaslandskbeveren,1523.8459202763654,1525.1522835438961,1516.10795692192,-1.3063632675307417,0.017857142857142853
jupilerproleague,2013,liersesk2018,1526.014808640082,1531.8540661203783,1511.7406214523835,-5.839257480296283,0.11785714285714284
jupilerproleague,2013,oudheverleeleuven,1524.079706867741,1512.906075361608,1526.844071508649,11.173631506133006,0.0
jupilerproleague,2013,raecmons2015,1509.9066231419986,1522.390034048473,1526.790677789528,-12.483410906474319,-0.18214285714285713
jupilerproleague,2013,rcharleroisc,1523.460373465778,1513.2736612622443,1530.2028723163726,10.186712203533716,0.125
jupilerproleague,2013,rscanderlecht,1503.7124291421505,1524.1417384183294,1503.918653183332,-20.429309276178856,-0.175
jupilerproleague,2013,standarddeliege,1506.5985172853527,1508.455802785036,1533.9159542799084,-1.8572854996832575,-0.2607142857142857
jupilerproleague,2013,zultewaregem,1535.716380338011,1526.7284383840088,1482.0800682574409,8.987941954002281,0.1607142857142857
jupilerproleague,2014,cerclebrugge,1523.137261087002,1523.7635614837473,1520.6610102616253,-0.6263003967453642,0.25
jupilerproleague,2014,clubbrugge,1515.0017799761247,1488.4352426436676,1531.5682167422185,26.566537332457074,-0.125
jupilerproleague,2014,kaagent,1513.285917297972,1513.1636117651703,1525.2470602737424,0.12230553280164713,-0.075
jupilerproleague,2014,krcgenk,1516.8432460340832,1520.9558113384956,1513.3644037194008,-4.112565304412328,-0.2285714285714285
jupilerproleague,2014,ksclokeren2020,1505.6355609583184,1528.972965369538,1510.2459388107688,-23.337404411219723,-0.1964285714285714
jupilerproleague,2014,kvcwesterlo,1520.0558832629824,1536.799183173681,1507.1635641137275,-16.743299910698624,-0.04642857142857142
jupilerproleague,2014,kvkortrijk,1533.997548059662,1504.79846372683,1518.8776491674612,29.199084332831944,0.5178571428571428
jupilerproleague,2014,kvmechelen,1512.965966873087,1531.1571770753665,1518.063193338967,-18.191210202279535,0.07142857142857141
jupilerproleague,2014,kvoostende2024,1529.5646499453972,1521.4019777655599,1507.9845454067788,8.162672179837273,-0.1714285714285714
jupilerproleague,2014,kvrswaaslandskbeveren,1520.3077803885435,1515.2176436642012,1524.1262852727953,5.090136724342301,0.06428571428571428
jupilerproleague,2014,liersesk2018,1536.0200357167773,1533.693296244832,1495.4203561569648,2.3267394719453023,0.1607142857142857
jupilerproleague,2014,rcharleroisc,1512.4680512597972,1519.4519931419816,1529.2089897126646,-6.983941882184354,-0.21428571428571427
jupilerproleague,2014,royalmouscronperuwelz,1518.62907186655,1522.528527792648,1515.517499978328,-3.8994559260979713,0.11071428571428568
jupilerproleague,2014,rscanderlecht,1502.6909884459494,1512.6839149478737,1521.9561691323001,-9.99292650192433,-0.3321428571428571
jupilerproleague,2014,standarddeliege,1505.9808533597895,1508.04777426696,1520.9867222097741,-2.06692090717047,-0.0857142857142857
jupilerproleague,2014,zultewaregem,1516.790903655596,1502.3043537870792,1522.9838938901146,14.486549868516704,0.3
jupilerproleague,2015,clubbrugge,1512.629769388222,1496.5967441126822,1526.9720126442148,16.033025275539785,-0.024999999999999998
jupilerproleague,2015,kaagent,1525.2654042285956,1521.389083522819,1496.7665736645765,3.8763207057766067,0.11071428571428568
jupilerproleague,2015,krcgenk,1522.8865867858178,1517.9284509618271,1509.2142207995746,4.958135823990688,-0.13214285714285715
jupilerproleague,2015,ksclokeren2020,1523.9214563684757,1509.7555424796706,1519.2071169789826,14.165913888805107,0.11785714285714284
jupilerproleague,2015,kvcwesterlo,1521.676367256625,1521.9023463424448,1523.6055571751815,-0.2259790858197448,0.12142857142857141
jupilerproleague,2015,kvkortrijk,1516.1237836137586,1517.8466624976936,1518.331879874064,-1.7228788839349818,0.05357142857142857
jupilerproleague,2015,kvmechelen,1526.1891215347437,1524.0363558945085,1506.7596848248515,2.1527656402352022,-0.04642857142857142
jupilerproleague,2015,kvoostende2024,1506.4094740278786,1519.1925066414537,1536.643789549634,-12.783032613575187,-0.1857142857142857
jupilerproleague,2015,kvrswaaslandskbeveren,1532.851104438847,1533.2243050410132,1504.503776093798,-0.3732006021662073,0.33571428571428563
jupilerproleague,2015,oudheverleeleuven,1517.0161336289598,1518.010564158934,1530.896122296262,-0.9944305299741245,0.08928571428571427
jupilerproleague,2015,rcharleroisc,1513.1100868859935,1524.1233868708018,1514.9872498946102,-11.013299984808327,-0.16428571428571426
jupilerproleague,2015,royalmouscronperuwelz,1518.4044386226458,1535.772156409766,1516.8789342342313,-17.367717787120228,-0.035714285714285705
jupilerproleague,2015,rscanderlecht,1503.6727287860072,1505.4796919146606,1531.745684313164,-1.8069631286534786,-0.3
jupilerproleague,2015,standarddeliege,1514.1799833576733,1514.108389542082,1514.3819460337938,0.07159381559131361,-0.23571428571428568
jupilerproleague,2015,vvsttruiden,1517.3415866614791,1532.8660955553416,1515.4129158784842,-15.524508893862503,-0.014285714285714282
jupilerproleague,2015,zultewaregem,1525.5411864213772,1504.9869300614007,1530.9117477516768,20.554256359976534,0.3107142857142856
jupilerproleague,2016,clubbrugge,1513.0010432635436,1506.5753567850138,1515.3264151198935,6.425686478529769,0.06071428571428571
jupilerproleague,2016,kaagent,1521.0946737510199,1517.0958408128067,1501.405326848005,3.998832938213127,0.34642857142857136
jupilerproleague,2016,kaseupen,1519.9591593744362,1512.7772221876896,1528.3067310977924,7.181937186746609,0.035714285714285705
jupilerproleague,2016,krcgenk,1521.8614756090685,1508.776054594402,1518.558076993713,13.085421014666508,0.23928571428571427
jupilerproleague,2016,ksclokeren2020,1526.5462740407816,1529.494041205501,1502.511899517021,-2.94776716471938,-0.021428571428571425
jupilerproleague,2016,kvcwesterlo,1512.7112755461428,1520.977218640855,1532.4253167138154,-8.265943094712156,-0.15
jupilerproleague,2016,kvkortrijk,1529.8306837933344,1501.4903429466256,1524.3857229090547,28.34034084670884,0.43214285714285705
jupilerproleague,2016,kvmechelen,1507.6943802396088,1521.249096634006,1529.3434259588892,-13.554716394397246,-0.28928571428571426
jupilerproleague,2016,kvoostende2024,1517.6124243940344,1498.9842595140844,1538.0494587624785,18.628164879949964,0.12857142857142856
jupilerproleague,2016,kvrswaaslandskbeveren,1510.4352127921838,1536.790736103402,1519.3880841563569,-26.35552331121812,-0.09285714285714285
jupilerproleague,2016,rcharleroisc,1531.017993901043,1529.618159157179,1496.0066591659279,1.3998347438639485,0.024999999999999998
jupilerproleague,2016,royalexcelmouscron2022,1518.4264922455682,1528.9602668090308,1511.3611116126392,-10.533774563462657,-0.1357142857142857
jupilerproleague,2016,rscanderlecht,1510.3378002901604,1499.2806900729984,1532.6858535625765,11.057110217162062,-0.14285714285714282
jupilerproleague,2016,standarddeliege,1517.8961887563596,1523.033374115669,1510.7113773427689,-5.137185359309342,-0.18214285714285713
jupilerproleague,2016,vvsttruiden,1517.6349282923034,1527.520751305476,1524.4084668060343,-9.88582301317274,-0.06785714285714285
jupilerproleague,2016,zultewaregem,1517.6793470466037,1522.2851504144576,1517.696218806222,-4.605803367853923,-0.1857142857142857
jupilerproleague,2017,clubbrugge,1510.4956234004303,1504.6056534364484,1520.57070994297,5.889969963981912,-0.1357142857142857
jupilerproleague,2017,kaagent,1524.3043556619346,1519.394615377335,1498.7126602111084,4.909740284599593,-0.04285714285714285
jupilerproleague,2017,kaseupen,1515.4751784319399,1506.2879303212637,1541.8259373635976,9.187248110676137,0.05714285714285713
jupilerproleague,2017,krcgenk,1502.9465219568008,1521.0928839096098,1522.3014081001916,-18.146361952809002,-0.175
jupilerproleague,2017,ksclokeren2020,1506.3795838937644,1517.3303646482136,1536.3003479201905,-10.95078075444917,-0.3107142857142856
jupilerproleague,2017,kvkortrijk,1524.901289864709,1509.8897852777227,1528.797064289767,15.011504586986348,0.0964285714285714
jupilerproleague,2017,kvmechelen,1524.754604138789,1509.2006218845327,1515.702944217973,15.553982254256425,0.017857142857142853
jupilerproleague,2017,kvoostende2024,1519.0439789223076,1529.4321713135703,1499.3864780129084,-10.388192391262692,-0.20357142857142854
jupilerproleague,2017,kvrswaaslandskbeveren,1524.1801384201322,1527.0787995022404,1512.4279988766318,-2.8986610821082195,-0.039285714285714285
jupilerproleague,2017,rcharleroisc,1511.2992387729216,1500.8860676868094,1535.1909397831498,10.413171086112243,-0.08214285714285713
jupilerproleague,2017,royalantuerpiafc,1521.021344143422,1525.6309021287964,1509.5278774526982,-4.609557985374295,0.41785714285714276
jupilerproleague,2017,royalexcelmouscron2022,1529.5521750506941,1522.1755666368956,1515.8641919153652,7.376608413798522,0.17857142857142855
jupilerproleague,2017,rscanderlecht,1506.737793869495,1512.164796949933,1516.0919066711213,-5.4270030804379985,0.0
jupilerproleague,2017,standarddeliege,1524.6833027227408,1522.6351821124322,1505.2154856088505,2.048120610308615,0.12142857142857141
jupilerproleague,2017,vvsttruiden,1531.210311110265,1537.0150315363521,1496.7921640179047,-5.804720426087215,0.42857142857142855
jupilerproleague,2017,zultewaregem,1503.9151782642352,1516.080245902427,1526.1925042401535,-12.165067638191658,-0.3285714285714285
jupilerproleague,2018,cerclebrugge,1528.5698326016663,1497.9154869518545,1520.757225362428,30.65434564981183,0.1464285714285714
jupilerproleague,2018,clubbrugge,1502.9909645736848,1505.775049135856,1507.1620052354926,-2.7840845621713015,-0.4392857142857142
jupilerproleague,2018,kaagent,1504.722671811446,1518.8279630430043,1503.11025251367,-14.10529123155834,-0.2821428571428571
jupilerproleague,2018,kaseupen,1521.456494727789,1519.2424352918529,1509.0297841412412,2.2140594359361785,0.42142857142857143
jupilerproleague,2018,krcgenk,1510.260142572827,1513.7312483776648,1508.2447541654299,-3.471105804837862,-0.09999999999999999
jupilerproleague,2018,ksclokeren2020,1517.7673144452651,1516.3111226341198,1514.0651557343201,1.4561918111453451,0.024999999999999998
jupilerproleague,2018,kvkortrijk,1518.0380259928975,1511.2508778312454,1510.8083178496722,6.787148161652112,0.3607142857142856
jupilerproleague,2018,kvoostende2024,1497.63177789804,1514.2167359638747,1526.8023559799553,-16.584958065834826,-0.23928571428571427
jupilerproleague,2018,kvrswaaslandskbeveren,1504.4970008760574,1524.777024886835,1517.451440329803,-20.28002401077765,-0.010714285714285713
jupilerproleague,2018,rcharleroisc,1496.845953628162,1506.1276872366068,1527.717005514328,-9.28173360844471,-0.1964285714285714
jupilerproleague,2018,royalantuerpiafc,1517.2723817374545,1508.9007245861405,1513.3206427541354,8.371657151313912,0.05357142857142857
jupilerproleague,2018,royalexcelmouscron2022,1514.641968597764,1524.9539111184174,1514.2428375969175,-10.311942520653474,0.17857142857142855
jupilerproleague,2018,rscanderlecht,1519.004103199122,1514.7850230865927,1490.0220833906524,4.219080112529355,0.24285714285714283
jupilerproleague,2018,standarddeliege,1517.4857378315019,1509.8341184162261,1506.2792929147347,7.651619415275718,-0.15357142857142855
jupilerproleague,2018,vvsttruiden,1509.103042940516,1513.447852588416,1523.5040958732961,-4.344809647900092,-0.07142857142857141
jupilerproleague,2018,zultewaregem,1524.016795195283,1504.2069474807683,1511.7869592733998,19.809847714514717,0.06428571428571428
jupilerproleague,2022,cerclebrugge,1525.2172445597635,1529.0255192912375,1492.54708471279,-3.8082747314740573,0.13243411440776084
jupilerproleague,2022,clubbrugge,1499.824283695025,1494.8443146839836,1527.425554196337,4.979969011041476,-0.12507666360732966
jupilerproleague,2022,kaagent,1507.0384111318656,1500.4800842522284,1519.6203300080824,6.558326879637207,0.06253833180366483
jupilerproleague,2022,kaseupen,1522.369246039694,1514.2737983124823,1509.4477583247028,8.09544772721165,0.26732071241566535
jupilerproleague,2022,krcgenk,1507.5820651500349,1504.7998943608147,1509.0027821285423,2.7821707892201175,-0.04414470480258695
jupilerproleague,2022,kvcwesterlo,1514.7109349909058,1518.4452022468404,1509.6538415038465,-3.734267255934583,-0.15941143400934174
jupilerproleague,2022,kvkortrijk,1523.928569923468,1506.5415460117663,1504.2982186033869,17.387023911701817,0.1520539832089106
jupilerproleague,2022,kvmechelen,1505.0607479455598,1522.6001736419591,1512.0563574219473,-17.53942569639935,-0.3948498596231388
jupilerproleague,2022,kvoostende2024,1515.669991154284,1526.2670744045665,1502.3240608919746,-10.597083250282594,0.15818519220926988
jupilerproleague,2022,oudheverleeleuven,1514.9624559108793,1516.957301447971,1507.83065405096,-1.9948455370918055,0.16309015940955732
jupilerproleague,2022,rcharleroisc,1510.6932794775523,1507.0481272027155,1515.7679763284991,3.645152274836846,-0.22317600761307843
jupilerproleague,2022,rfcseraing,1521.745848641843,1513.980593850362,1501.2920809604095,7.7652547914808565,0.18137254901960786
jupilerproleague,2022,royalantuerpiafc,1491.5491981980026,1512.2374156832159,1529.429919201607,-20.688217485213272,-0.6143471418360016
jupilerproleague,2022,rscanderlecht,1495.0108552127078,1503.8001976639298,1527.893641324967,-8.789342451221955,-0.3727775072218453
jupilerproleague,2022,standarddeliege,1513.3182438112665,1505.3146687663723,1508.0943454240723,8.003575044894205,0.08706316780510202
jupilerproleague,2022,unionsaintgilloise,1506.9981222643487,1520.8957854988275,1508.4959619032138,-13.897663234478841,0.07107843137254903
jupilerproleague,2022,vvsttruiden,1516.897658547145,1503.0035595509387,1514.0855733079827,13.894098996206367,0.3028817246177493
jupilerproleague,2022,zultewaregem,1518.0150192602132,1508.376676480266,1513.1808456911472,9.638342779947152,0.35561012202083925
jupilerproleague,2023,cerclebrugge,1533.4621975965579,1521.0065664176461,1521.4615859847909,12.455631178911744,0.42857142857142855
jupilerproleague,2023,clubbrugge,1515.626955343358,1514.0332930716677,1533.4703304870307,1.5936622716903912,-0.3
jupilerproleague,2023,kaagent,1514.0512306380988,1519.272880356133,1534.7390575823458,-5.221649718034314,-0.5892857142857142
jupilerproleague,2023,kaseupen,1534.7166523344195,1528.1937036119375,1530.4424240550084,6.522948722481942,0.14285714285714282
jupilerproleague,2023,krcgenk,1519.9624686511536,1524.0351378008515,1511.7730701404898,-4.072669149697958,-0.21428571428571427
jupilerproleague,2023,kvcwesterlo,1526.1430245061638,1538.7316322756155,1510.4074065669856,-12.588607769451755,-0.035714285714285705
jupilerproleague,2023,kvkortrijk,1517.1278365316093,1532.5908966972077,1536.7878754965782,-15.463060165598336,-0.09285714285714285
jupilerproleague,2023,kvmechelen,1526.181513034798,1517.8212915673973,1538.278765910471,8.360221467400606,0.08928571428571427
jupilerproleague,2023,oudheverleeleuven,1517.607184554968,1532.3493211486698,1526.8973052914466,-14.742136593701844,-0.15714285714285714
jupilerproleague,2023,rcharleroisc,1531.519733681202,1525.228387501287,1516.8245230853036,6.291346179915081,0.1964285714285714
jupilerproleague,2023,royalantuerpiafc,1505.498731154545,1514.1069713206048,1540.605392029265,-8.608240166059659,-0.22142857142857136
jupilerproleague,2023,rscanderlecht,1525.4915386816883,1509.692580733777,1538.7056816351674,15.798957947911276,0.3321428571428571
jupilerproleague,2023,rwdmolenbeek,1548.631731058448,1524.1403320429647,1505.1727076684228,24.49139901548324,0.42499999999999993
jupilerproleague,2023,standarddeliege,1509.2587436045192,1525.5935313877399,1533.1727548291701,-16.33478778322069,-0.3285714285714285
jupilerproleague,2023,unionsaintgilloise,1527.4783335574648,1528.444695621823,1502.42229223066,-0.9663620643582362,0.175
jupilerproleague,2023,vvsttruiden,1536.9659789201837,1534.4826322938552,1508.5626808560412,2.4833466263285118,-0.0035714285714285704
jupilerproleague,2024,beerschotva,1526.3310403801336,1539.1580602053207,1522.357341681355,-12.827019825187108,-0.05357142857142857
jupilerproleague,2024,cerclebrugge,1519.7275887272822,1524.2638674012749,1538.1180118252894,-4.536278673992683,-0.38928571428571423
jupilerproleague,2024,clubbrugge,1530.7543339232132,1515.4950662435808,1527.4970678203704,15.25926767963233,0.16428571428571426
jupilerproleague,2024,fcvdendereh,1534.7094032073849,1526.7989260668044,1526.6316821963023,7.910477140580497,0.15714285714285714
jupilerproleague,2024,kaagent,1508.9295257833053,1523.1881915407976,1547.0554669076075,-14.258665757492281,-0.5214285714285714
jupilerproleague,2024,krcgenk,1512.3849282270073,1517.496550818956,1544.4779529432988,-5.111622591948617,-0.18214285714285713
jupilerproleague,2024,kvcwesterlo,1546.0430273173056,1517.9019423648049,1527.2789314633897,28.141084952500705,0.5428571428571428
jupilerproleague,2024,kvkortrijk,1531.2968344044978,1542.9788417466093,1524.8067741319644,-11.682007342111547,-0.18928571428571428
jupilerproleague,2024,kvmechelen,1532.494477023074,1533.2347173305104,1517.3066595126488,-0.7402403074363519,0.16785714285714282
jupilerproleague,2024,oudheverleeleuven,1519.6192168751534,1535.9796875394836,1536.9155397760042,-16.36047066433025,-0.0964285714285714
jupilerproleague,2024,rcharleroisc,1540.3431862437978,1545.0515454675967,1507.3309732400023,-4.70835922379888,0.28928571428571426
jupilerproleague,2024,royalantuerpiafc,1536.7385496562588,1515.1864037139983,1519.7023857518457,21.552145942260495,0.3214285714285714
jupilerproleague,2024,rscanderlecht,1525.8678474239402,1529.5188710867576,1513.6231749486267,-3.6510236628173516,0.08928571428571427
jupilerproleague,2024,standarddeliege,1529.8944243235192,1541.5245258818697,1515.566683385606,-11.630101558350589,-0.09285714285714285
jupilerproleague,2024,unionsaintgilloise,1515.8384241301017,1509.1824132344173,1534.6958399980372,6.656010895684403,-0.25357142857142856
jupilerproleague,2024,vvsttruiden,1528.259403688071,1522.2726006912637,1535.8677257516983,5.986802996807228,0.0
laliga,2005,athleticbilbao,1500.0,1500.0,1500.0,0.0,
laliga,2005,atleticodemadrid,1500.0,1500.0,1500.0,0.0,
laliga,2005,cadizcf,1500.0,1500.0,1500.0,0.0,
laliga,2005,caosasuna,1500.0,1500.0,1500.0,0.0,
laliga,2005,celtadevigo,1500.0,1500.0,1500.0,0.0,
laliga,2005,deportivoalaves,1500.0,1500.0,1500.0,0.0,
laliga,2005,fcbarcelona,1500.0,1500.0,1500.0,0.0,
laliga,2005,fcvillarreal,1500.0,1500.0,1500.0,0.0,
laliga,2005,getafecf,1500.0,1500.0,1500.0,0.0,
laliga,2005,malagacf,1500.0,1500.0,1500.0,0.0,
laliga,2005,racingsantander,1500.0,1500.0,1500.0,0.0,
laliga,2005,rcdeportivodecorunha,1500.0,1500.0,1500.0,0.0,
laliga,2005,rcdespanyol,1500.0,1500.0,1500.0,0.0,
laliga,2005,rcdmallorca,1500.0,1500.0,1500.0,0.0,
laliga,2005,realbetisbalompie,1500.0,1500.0,1500.0,0.0,
laliga,2005,realmadridcf,1500.0,1500.0,1500.0,0.0,
laliga,2005,realsociedad,1500.0,1500.0,1500.0,0.0,
laliga,2005,realzaragoza,1500.0,1500.0,1500.0,0.0,
laliga,2005,sevillafc,1500.0,1500.0,1500.0,0.0,
laliga,2005,valenciacf,1500.0,1500.0,1500.0,0.0,
laliga,2006,athleticbilbao,1511.1603806192034,1512.1476669704434,1505.6262806773304,-0.9872863512400727,-0.04217932700257223
laliga,2006,atleticodemadrid,1506.4399110865697,1503.4136570553212,1517.7900066501538,3.026254031248527,-0.10544831750643056
laliga,2006,caosasuna,1518.2622298720898,1506.9568750723724,1498.4563187899792,11.305354799717406,0.3321622001452563
laliga,2006,celtadevigo,1516.8097245346205,1503.5015273859094,1504.3264986623035,13.308197148711088,0.21089663501286113
laliga,2006,fcbarcelona,1515.4938317020458,1496.9694001071,1503.799340755864,18.52443159494578,0.4007036065244362
laliga,2006,fcvillarreal,1501.8685752863437,1512.4562213260942,1510.4005565427215,-10.587646039750553,-0.2442886022232308
laliga,2006,getafecf,1513.0656603550535,1500.530792457036,1514.3479017036045,12.534867898017637,0.07732876617138242
laliga,2006,gimnasticdetarragona,1511.2672695879482,1510.0040764323871,1507.4228397456623,1.2631931555611118,-0.011408513603758198
laliga,2006,levanteud,1501.459462184003,1507.4228397456623,1519.057437112952,-5.963377561659172,0.02018429329895681
laliga,2006,racingsantander,1524.5599319077335,1504.3387233316391,1506.031808796054,20.22120857609434,0.4956070922802237
laliga,2006,rcdeportivodecorunha,1506.6301446464865,1520.0638234847233,1501.820165163773,-13.433678838236801,-0.24780354614011185
laliga,2006,rcdespanyol,1500.1369457005203,1511.962368483591,1520.2957205981647,-11.825422783070735,-0.2442886022232308
laliga,2006,rcdmallorca,1499.6886744123824,1517.0705000928392,1513.0026191181173,-17.381825680456814,-0.47803237269581855
laliga,2006,realbetisbalompie,1506.7956441733925,1503.1689157220244,1522.2540126493686,3.6267284513680806,0.03163449525192917
laliga,2006,realmadridcf,1510.644330665323,1512.164644457782,1496.6087347307393,-1.520313792459092,0.15290006038432433
laliga,2006,realsociedad,1504.459636235949,1509.905545896036,1520.480656126108,-5.445909660087182,-0.0913885418389065
laliga,2006,realzaragoza,1502.6093119311981,1520.408158390887,1507.8781560429913,-17.798846459688775,-0.44815534940232993
laliga,2006,recreativodehuelva,1505.3592167407357,1518.2021422376831,1504.6783611839476,-12.842925496947373,-0.0702062375615889
laliga,2006,sevillafc,1508.7516277019574,1507.6456888507144,1503.3477667889056,1.1059388512430814,-0.007029887833762038
laliga,2006,valenciacf,1515.416063341455,1502.5450051847656,1503.2533908462706,12.871058156689287,0.2442886022232308
laliga,2007,athleticbilbao,1510.5440780020188,1511.3958851015452,1527.021200404755,-0.8518070995264679,-0.0017574719584405095
laliga,2007,atleticodemadrid,1522.1886541585427,1517.0159575868774,1503.2153989504236,5.172696571665256,0.12478050904927618
laliga,2007,caosasuna,1509.0046037968762,1510.0853934466527,1526.9106389472083,-1.0807896497765341,-0.028119551335048152
laliga,2007,fcbarcelona,1505.766653555492,1512.400855352163,1511.4620082558513,-6.63420179667105,-0.15641500430120533
laliga,2007,fcvillarreal,1523.704640563562,1509.9980124341876,1503.899925416463,13.706628129374394,0.31107253664397017
laliga,2007,getafecf,1520.0894126242936,1507.0196564839632,1519.0472774965956,13.069756140330355,0.16168742017652687
laliga,2007,levanteud,1517.7114125794715,1520.4244394984346,1510.5918954502536,-2.7130269189631235,-0.14059775667524077
laliga,2007,racingsantander,1510.1530511824458,1509.308375821066,1526.663691889807,0.8446753613798137,0.20210927522065858
laliga,2007,rcdeportivodecorunha,1513.4781393511232,1525.9610951257675,1507.6274155003075,-12.482955774644324,-0.16168742017652687
laliga,2007,rcdespanyol,1510.8688254655879,1520.5707150191645,1514.8203573310666,-9.70188955357662,-0.13884028471680024
laliga,2007,rcdmallorca,1512.2559862533788,1520.8412343592813,1513.0356041923274,-8.585248105902565,-0.16695983605184841
laliga,2007,realbetisbalompie,1516.4247736498735,1514.9253160830403,1518.3037853476403,1.4994575668331436,-0.18804949955313452
laliga,2007,realmadridcf,1511.1933543179596,1511.3795963596472,1507.309181213681,-0.18624204168759206,0.13356786884147873
laliga,2007,realmurciacf,1506.3504416320748,1515.9822755568568,1522.0946997493568,-9.631833924782086,-0.02018429329895681
laliga,2007,realvalladolidcf,1514.1808665714327,1513.05765528804,1517.7912354587663,1.1232112833927204,-0.10092146649478403
laliga,2007,realzaragoza,1511.946965067288,1510.687650478281,1518.2080303196128,1.2593145890068627,-0.09841842967266852
laliga,2007,recreativodehuelva,1508.9349921800438,1516.7043196427535,1518.270728760593,-7.769327462709725,-0.21792652284662317
laliga,2007,sevillafc,1524.1556663603396,1508.5998794852187,1502.2607435509292,15.55578687512093,0.35852427952186394
laliga,2007,udalmeria,1516.7324649569591,1513.0177956069108,1515.4757735532557,3.714669350048325,0.0772268613177478
laliga,2007,valenciacf,1513.3379728526245,1516.226880552986,1507.6672751814367,-2.8889077003614148,-0.003514943916881019
laliga,2008,athleticbilbao,1525.0836497143764,1526.3086279729057,1501.8427429663677,-1.2249782585292905,-0.03334796284175473
laliga,2008,atleticodemadrid,1524.4126239752359,1518.7692480946519,1503.5385514181519,5.643375880584017,-0.03510311878079445
laliga,2008,caosasuna,1516.3799663805814,1513.7539790043015,1527.4474128287673,2.625987376279909,0.05792014598831084
laliga,2008,cdnumancia,1528.5010136373146,1501.8385489136706,1523.1499441451888,26.662464723644007,0.4526315789473684
laliga,2008,fcbarcelona,1495.9259482709147,1518.7026088078478,1526.500578653828,-22.77666053693315,-0.2509872992826803
laliga,2008,fcvillarreal,1495.6198819166054,1518.5542253460515,1521.6926605674405,-22.934343429446017,-0.39139977440585805
laliga,2008,getafecf,1505.6845531399651,1525.3373256067923,1521.516580927511,-19.652772466827173,-0.37648094892402045
laliga,2008,malagacf,1535.6034868298764,1527.3185854813132,1499.8211845029664,8.284901348563153,0.16673981420877362
laliga,2008,racingsantander,1528.4699794727921,1495.6569686053165,1525.5189711616376,32.81301086747567,0.6774901924693328
laliga,2008,rcdeportivodecorunha,1522.2287722978851,1506.2858842510116,1522.775832381475,15.942888046873577,0.23694605177036254
laliga,2008,rcdespanyol,1531.2097856881626,1510.6642642634242,1516.6440602131295,20.545521424738354,0.17376043796493254
laliga,2008,rcdmallorca,1496.865133012423,1521.300689525005,1525.6878370358781,-24.435556512582025,-0.3580518115641033
laliga,2008,realbetisbalompie,1531.935076851092,1500.7570604186162,1522.49977694474,31.178016432475715,0.3738482150154609
laliga,2008,realmadridcf,1497.291274888772,1516.6102393168198,1518.4098536364954,-19.31896442804782,-0.13865731918413807
laliga,2008,realsportingdegijon,1532.7260555809862,1495.467481489843,1525.620972851781,37.258574091143146,0.5824561403508772
laliga,2008,realvalladolidcf,1525.1000495197306,1528.7594080731699,1500.707435548867,-3.659358553439233,-0.14567794294029696
laliga,2008,recreativodehuelva,1516.4701740897124,1530.2582915598905,1507.7741830545963,-13.788117470178122,-0.33347962841754725
laliga,2008,sevillafc,1496.445908203803,1518.5148521796227,1525.824470905235,-22.06894397581982,-0.2448442534960413
laliga,2008,udalmeria,1523.9982491170358,1530.947913991169,1496.958160337227,-6.949664874133077,-0.08249232913486697
laliga,2008,valenciacf,1503.479704119209,1527.62508380505,1519.5000766251896,-24.145379685841135,-0.33172447247850756
laliga,2009,athleticbilbao,1519.143665085365,1521.5728673159188,1522.45895643468,-2.4292022305537557,-0.07898201725678752
laliga,2009,atleticodemadrid,1520.8172177018748,1514.7968294528998,1513.696029435091,6.020388248974996,0.19833262111148867
laliga,2009,caosasuna,1520.7158734656941,1525.4866882033273,1515.6413090904853,-4.770814737633145,-0.0587977239578307
laliga,2009,cdtenerife,1519.5900765155873,1520.2519684544043,1520.0021090870152,-0.661891938817007,-0.06491228070175438
laliga,2009,fcbarcelona,1509.132056985337,1520.8881982057765,1510.4451195595334,-11.756141220439531,-0.3053971333929117
laliga,2009,fcvillarreal,1511.3671685793088,1513.1536569678804,1522.9775792526732,-1.7864883885715699,0.05792014598831084
laliga,2009,getafecf,1520.9386364354234,1522.6201748750584,1519.7183367511109,-1.6815384396350055,0.03334796284175473
laliga,2009,malagacf,1531.1066217212608,1512.925160789658,1516.922417300768,18.181460931602714,0.33347962841754725
laliga,2009,racingsantander,1525.22503262221,1515.4946881468577,1520.9460454588213,9.73034447535224,0.10004388852526418
laliga,2009,rcdeportivodecorunha,1518.752386919561,1513.0874692099383,1523.5932981465282,5.664917709622841,0.28784557400251454
laliga,2009,rcdespanyol,1519.7377750849255,1514.7703062698097,1524.797570273287,4.967468815115808,0.059675301927350564
laliga,2009,rcdmallorca,1521.763208303064,1520.4043714821903,1512.921480376375,1.3588368208736483,-0.03334796284175473
laliga,2009,realmadridcf,1522.7435145175393,1507.05026956568,1514.5161416460276,15.693244951859242,0.22465996019708448
laliga,2009,realsportingdegijon,1528.035212873817,1520.5008778550182,1517.3587656758018,7.534335018798856,0.12637122761086003
laliga,2009,realvalladolidcf,1517.9741248966327,1531.548414200331,1515.7534697685855,-13.574289303698379,-0.16147434639165448
laliga,2009,realzaragoza,1514.2608582116409,1526.0392728210952,1521.067624392958,-11.77841460945433,-0.2553751891302796
laliga,2009,sevillafc,1519.0981677803954,1513.8071568790294,1515.0507486375266,5.291010901366008,0.11935060385470113
laliga,2009,udalmeria,1508.8832536467983,1523.5541987644237,1528.8824136416838,-14.670945117625479,-0.461606011967447
laliga,2009,valenciacf,1512.9623602516233,1523.0736073844432,1517.912418449026,-10.111247132819926,-0.29311104181963366
laliga,2009,xerezcd,1516.9447515146924,1518.1657862690104,1524.5301297347737,-1.2210347543179978,0.19122807017543858
laliga,2010,athleticbilbao,1542.345994275897,1504.6559694828466,1506.0136693069376,37.6900247930505,0.46140350877192987
laliga,2010,atleticodemadrid,1534.7155679728987,1505.3598921455932,1511.7207033080012,29.355675827305504,0.3017543859649123
laliga,2010,caosasuna,1499.0340070554582,1518.9314729097403,1536.2144216139795,-19.897465854282018,-0.3666666666666667
laliga,2010,fcbarcelona,1510.0128802117486,1512.5725146677619,1499.281045152084,-2.5596344560133275,0.19473684210526312
laliga,2010,fcvillarreal,1505.4625886560805,1533.7926659258,1504.355831806148,-28.330077269719595,-0.37719298245614036
laliga,2010,getafecf,1505.4651271818423,1533.9499388056513,1507.5021424140737,-28.484811623809037,-0.31052631578947365
laliga,2010,herculescf,1537.4226942380753,1500.6154482190168,1515.0702083391286,36.80724601905854,0.543859649122807
laliga,2010,levanteud,1514.0071785867467,1510.3294288831612,1534.0928036024986,3.677749703585505,0.057894736842105256
laliga,2010,malagacf,1515.6637046303586,1515.7340665244153,1523.8093904229147,-0.07036189405675941,0.19122807017543858
laliga,2010,racingsantander,1533.3094471640509,1499.9331391660028,1524.7521043690342,33.376307998048105,0.4508771929824561
laliga,2010,rcdeportivodecorunha,1513.2147674746022,1507.9710318234622,1533.5036952005664,5.243735651140014,-0.028070175438596492
laliga,2010,rcdespanyol,1506.8152388741328,1513.2037743362723,1532.597113111187,-6.388535462139544,-0.15438596491228068
laliga,2010,rcdmallorca,1524.2609419029125,1501.1175057260646,1520.2789412852821,23.1434361768479,0.012280701754385965
laliga,2010,realmadridcf,1485.2314374002042,1518.7038411191786,1519.3312312624414,-33.47240371897442,-0.38947368421052625
laliga,2010,realsociedad,1506.002882251106,1511.850948641808,1535.8289922715485,-5.848066390701888,-0.22456140350877193
laliga,2010,realsportingdegijon,1544.1372172230547,1506.1493167196093,1510.1982853568634,37.98790050344542,0.6210526315789473
laliga,2010,realzaragoza,1521.801739342288,1535.6955054907014,1497.396188521696,-13.893766148413306,-0.01754385964912281
laliga,2010,sevillafc,1509.961347570347,1530.3246175088996,1502.6926058921676,-20.36326993855255,-0.3140350877192983
laliga,2010,udalmeria,1497.5245321411821,1538.6722326459417,1517.7410521131371,-41.14770050475954,-0.7315789473684211
laliga,2010,valenciacf,1520.1036389034123,1526.9296223144715,1494.112507706709,-6.825983411059269,0.07894736842105264
laliga,2011,athleticbilbao,1522.710173280745,1531.3584816964344,1502.7184399604541,-8.648308415689371,-0.02808249502463556
laliga,2011,atleticodemadrid,1518.882284248113,1505.542943157206,1530.9850989418544,13.339341090906828,0.3045195554233918
laliga,2011,caosasuna,1531.3826904220105,1511.710600415537,1518.6523223823622,19.672090006473354,0.25713034506931937
laliga,2011,fcbarcelona,1507.8433387395235,1507.2976426052987,1513.4590827334866,0.5456961342247268,0.2062308228371674
laliga,2011,fcvillarreal,1526.1020006232136,1509.5408629927992,1519.2177080293247,16.56113763041435,0.14129005309269768
laliga,2011,getafecf,1516.2121214620831,1522.1849572807955,1523.748547358047,-5.972835818712383,-0.05089952223215195
laliga,2011,granadacf,1525.1490492307541,1525.338075379357,1509.3340525484555,-0.18902614860280664,0.16315789473684209
laliga,2011,levanteud,1514.972367281572,1523.1359277700124,1523.9564825205844,-8.163560488440453,-0.2193944923799653
laliga,2011,malagacf,1508.393598550482,1528.9590169970184,1522.0802698259529,-20.56541844653634,-0.19218957532484962
laliga,2011,racingsantander,1536.6041157538402,1510.8186822357322,1516.0820681471882,25.785433518107993,0.41509437958289436
laliga,2011,rayovallecano,1505.4722716040396,1519.3311247895633,1533.5041824859852,-13.858853185523685,-0.23333333333333334
laliga,2011,rcdespanyol,1506.9018896652276,1521.7912687929224,1534.1829848931864,-14.889379127694838,-0.47564725947976483
laliga,2011,rcdmallorca,1521.192136189352,1535.1362945709557,1506.4525926419378,-13.944158381603756,-0.16410708030021404
laliga,2011,realbetisbalompie,1508.4688975254928,1533.879902851627,1518.050104041705,-25.411005326134273,-0.4010531320705766
laliga,2011,realmadridcf,1495.8588246152667,1522.983659904704,1511.9505523213093,-27.124835289437215,-0.4651163238455264
laliga,2011,realsociedad,1526.8395231038019,1514.2746534027076,1524.3277526906982,12.564869701094267,0.046511632384552644
laliga,2011,realsportingdegijon,1519.9459736988085,1511.215862345986,1528.7583404231991,8.730111352822632,0.05002194426263209
laliga,2011,realzaragoza,1534.0417984153385,1517.4269790954422,1510.5927373997233,16.61481931989624,0.1720052820258928
laliga,2011,sevillafc,1521.2173448807707,1519.5157100742383,1512.9305606167134,1.701634806532411,0.2308030059837235
laliga,2011,valenciacf,1529.864653330617,1504.8204805569674,1513.6251616862937,25.044172773649734,0.2869679960329946
laliga,2012,athleticbilbao,1519.3517554948137,1528.644104272354,1509.4005076885574,-9.292348777540383,0.06315789473684211
laliga,2012,atleticodemadrid,1495.58262145757,1532.4099557876036,1522.6947525195744,-36.827334330033636,-0.2456140350877193
laliga,2012,caosasuna,1514.6083679032308,1513.8829546797083,1526.381196667985,0.725413223522537,0.042105263157894736
laliga,2012,celtadevigo,1533.4122052996179,1526.120223806003,1500.9158112198343,7.291981493614912,0.24035087719298245
laliga,2012,fcbarcelona,1514.6764562499802,1512.3071099064719,1502.1667305917674,2.3693463435083686,0.028070175438596492
laliga,2012,getafecf,1533.0815578649724,1498.946908064798,1529.0514730893651,34.13464980017443,0.34210526315789475
laliga,2012,granadacf,1531.720576101133,1504.1787399990915,1527.5456271016567,27.541836102041543,-0.0017543859649122807
laliga,2012,levanteud,1518.8283727156686,1527.0106623247661,1512.340938075868,-8.182289609097552,0.0456140350877193
laliga,2012,malagacf,1496.044930963036,1527.1678139349626,1529.881349002399,-31.12288297192663,-0.10701754385964912
laliga,2012,rayovallecano,1528.5648417411148,1516.2396910552109,1519.8657728310473,12.325150685903964,-0.10350877192982455
laliga,2012,rcdeportivodecorunha,1532.187148619207,1510.8495190205804,1518.2450604126293,21.337629598626563,0.1701754385964912
laliga,2012,rcdespanyol,1504.6897131360527,1527.4980937200776,1529.0827724314329,-22.808380584024917,-0.07894736842105264
laliga,2012,rcdmallorca,1532.4177858056094,1524.3731757448597,1500.1817556086264,8.04461006074962,0.014035087719298246
laliga,2012,realbetisbalompie,1499.870033785324,1530.7433024009063,1527.2162148251589,-30.87326861558222,-0.23333333333333334
laliga,2012,realmadridcf,1512.476013090908,1515.2116247535014,1497.847032582111,-2.735611662593328,-0.10175438596491228
laliga,2012,realsociedad,1512.6219589302093,1514.696850952054,1531.9267238871664,-2.0748920218447893,0.11578947368421051
laliga,2012,realvalladolidcf,1501.9783647760178,1531.0203762444014,1527.1138692763964,-29.042011468383635,-0.1824561403508772
laliga,2012,realzaragoza,1531.2898420493057,1526.9116038954437,1502.3361380189672,4.3782381538619575,-0.16842105263157894
laliga,2012,sevillafc,1524.7416667838745,1504.5073065549566,1528.283066091371,20.23436022891792,-0.2912280701754386
laliga,2012,valenciacf,1530.2210173735757,1495.6452130234711,1525.8884382193075,34.57580435010459,0.38245614035087716
laliga,2013,athleticbilbao,1513.1580084768477,1523.8188229509121,1522.6058175454577,-10.66081447406441,-0.25263157894736843
laliga,2013,atleticodemadrid,1504.5916088388276,1525.4996463202488,1515.1829949905052,-20.90803748142116,-0.25789473684210523
laliga,2013,caosasuna,1522.7691657554744,1529.376153549758,1510.2352698523,-6.606987794283668,-0.03859649122807017
laliga,2013,celtadevigo,1517.631088753694,1537.36799173509,1509.8295920210244,-19.736902981396042,-0.13684210526315788
laliga,2013,elchecf,1503.8478896672832,1518.0701462622512,1535.4536895750387,-14.22225659496803,-0.37543859649122807
laliga,2013,fcbarcelona,1511.914323099683,1503.4649338479999,1511.1152938158189,8.449389251683215,0.04035087719298246
laliga,2013,fcvillarreal,1503.3184605237511,1527.5460858028675,1527.8303682128321,-24.22762527911641,-0.5280701754385965
laliga,2013,getafecf,1510.10276846974,1522.4027101697723,1529.1759957084296,-12.29994170003215,-0.3508771929824562
laliga,2013,granadacf,1515.340115743138,1517.2960018825195,1529.2102228652573,-1.9558861393813913,0.007017543859649123
laliga,2013,levanteud,1522.4625084783754,1515.6622230865212,1523.900407202319,6.800285391854231,-0.07894736842105264
laliga,2013,malagacf,1529.8171982057968,1504.7940684171824,1521.38478741859,25.02312978861437,0.18596491228070175
laliga,2013,rayovallecano,1541.3270871524908,1507.4113302735548,1513.0765006964234,33.91575687893601,0.419298245614035
laliga,2013,rcdespanyol,1521.0288226743312,1530.4600440092108,1509.8957240435373,-9.431221334879638,-0.1
laliga,2013,realbetisbalompie,1516.2233090254947,1516.266691685694,1524.1280969413465,-0.04338266019931325,0.1
laliga,2013,realmadridcf,1518.2437557677813,1519.3126186319487,1493.8999351268435,-1.0688628641673859,0.21052631578947367
laliga,2013,realsociedad,1518.3215514165486,1503.520003427196,1526.5833430154378,14.801547989352684,0.18596491228070175
laliga,2013,realvalladolidcf,1521.529187269832,1529.9920181261753,1512.3648080418739,-8.462830856343317,0.13859649122807016
laliga,2013,sevillafc,1537.0121791504405,1502.4176847077272,1520.483855182024,34.59449444271331,0.3315789473684211
laliga,2013,udalmeria,1528.1416655142446,1527.9207828581432,1509.0578177667219,0.2208826561013666,0.19473684210526312
laliga,2013,valenciacf,1514.2115769623072,1508.39231320131,1525.577750924302,5.8192637609972735,0.30526315789473685
laliga,2014,athleticbilbao,1518.360498063942,1519.8987804682533,1516.0685391067952,-1.5382824043113033,-0.049144366293112224
laliga,2014,atleticodemadrid,1510.2439635868184,1510.783632224817,1521.6687188978772,-0.5396686379986022,-0.005265467817119168
laliga,2014,celtadevigo,1523.3145108298384,1523.991931292974,1518.2188341490557,-0.6774204631356042,0.10092146649478403
laliga,2014,cordobacf,1519.3404468657438,1521.1106155054074,1524.0362887421254,-1.7701686396635523,0.06842105263157894
laliga,2014,elchecf,1517.3567711291596,1513.9147480602373,1536.3275611655877,3.4420230689222535,-0.043878898475993064
laliga,2014,fcbarcelona,1512.0015175634917,1517.9770064436934,1508.7142772875623,-5.975488880201738,-0.017551559390397226
laliga,2014,fcvillarreal,1516.6573271360403,1510.92652599244,1533.4259264193415,5.730801143600274,-0.05089952223215195
laliga,2014,getafecf,1510.2945566294127,1535.4719867038314,1521.9902284576356,-25.17743007441868,-0.15708645654405518
laliga,2014,granadacf,1522.603637336226,1520.0016198482174,1528.2963006391578,2.6020174880086415,-0.09828873258622445
laliga,2014,levanteud,1529.5404894550272,1518.263191598207,1518.759569938823,11.277297856820269,0.18429137359917086
laliga,2014,malagacf,1524.1074902185571,1518.5811434531292,1522.9863559130013,5.526346765427888,-0.014918825481837641
laliga,2014,rayovallecano,1536.005158624517,1520.9077237521028,1512.693059633189,15.09743487241417,0.1017990444643039
laliga,2014,rcdeportivodecorunha,1507.3502452539763,1530.3209140436816,1530.7640382526479,-22.970668789705314,-0.3685827471983417
laliga,2014,rcdespanyol,1517.2519912536793,1535.1058727385391,1517.962209040596,-17.853881484859812,-0.11320755806806208
laliga,2014,realmadridcf,1525.4623591233874,1508.0393286736548,1507.5200384638742,17.42303044973255,0.2869679960329946
laliga,2014,realsociedad,1517.4488868051005,1514.7357140477038,1525.4008150762509,2.7131727573967055,0.11408513603758197
laliga,2014,sdeibar,1537.9833082301702,1514.9655228649785,1512.97258627693,23.017785365191685,0.24035087719298245
laliga,2014,sevillafc,1526.889799223105,1517.783299973296,1513.4450763087045,9.106499249809076,-0.044756476445512915
laliga,2014,udalmeria,1522.1463078852587,1527.978576270137,1520.5547676375793,-5.832268384878262,-0.24835456537412073
laliga,2014,valenciacf,1515.138293589974,1528.7394248481241,1517.6923673966908,-13.60113125815019,0.009653357664718474
laliga,2015,athleticbilbao,1518.0499259779324,1507.1518234343703,1534.7355806868654,10.898102543562118,-0.03508771929824562
laliga,2015,atleticodemadrid,1530.0140901719717,1508.5779274516312,1511.0839089584038,21.436162720340462,0.2263157894736842
laliga,2015,celtadevigo,1532.1303450897751,1519.1039851326288,1515.1404807402143,13.02635995714627,0.010526315789473684
laliga,2015,fcbarcelona,1525.3765135261917,1508.748152123149,1505.7412255559875,16.628361403042618,0.28421052631578947
laliga,2015,fcvillarreal,1520.0490612754713,1526.827434857484,1515.389880321174,-6.778373582012591,-0.14736842105263157
laliga,2015,getafecf,1523.9804193553534,1532.2754036839594,1520.5600800334762,-8.294984328606006,0.05964912280701754
laliga,2015,granadacf,1509.4511727042839,1521.2066477408032,1542.9819445572925,-11.755475036519329,-0.3526315789473684
laliga,2015,levanteud,1536.247046597761,1522.5134375505081,1516.086815833779,13.733609047252912,0.16666666666666666
laliga,2015,malagacf,1529.4791436206863,1506.0784095986548,1535.536791892665,23.40073402203143,0.10701754385964912
laliga,2015,rayovallecano,1508.7261976795169,1522.739976746054,1537.3574221440872,-14.013779066537154,-0.03508771929824562
laliga,2015,rcdeportivodecorunha,1508.5023647823893,1535.1996078499974,1529.3186283545442,-26.697243067608042,-0.15789473684210528
laliga,2015,rcdespanyol,1509.9722803478032,1516.7949148179684,1541.2120174337417,-6.822634470165212,-0.05087719298245614
laliga,2015,realbetisbalompie,1529.365156739225,1517.762404236638,1530.5415396689389,11.602752502587009,0.21929824561403505
laliga,2015,realmadridcf,1523.7222628538736,1527.0188003902924,1490.8496427135437,-3.296537536418782,-0.1649122807017544
laliga,2015,realsociedad,1505.0603721911802,1541.024434112187,1518.5417828000539,-35.96406192100676,-0.38070175438596493
laliga,2015,realsportingdegijon,1519.595081951522,1521.476509048093,1529.143828941193,-1.8814270965710875,0.012280701754385965
laliga,2015,sdeibar,1527.7754004131614,1530.8800424742722,1518.9705275413205,-3.1046420611107806,0.11754385964912278
laliga,2015,sevillafc,1529.8237866893348,1520.4992932451594,1503.7837151108818,9.32449344417546,0.1280701754385965
laliga,2015,udlaspalmas,1546.92905598329,1505.0428597569933,1517.8625321211252,41.88619622629676,0.2614035087719298
laliga,2015,valenciacf,1496.209705156785,1539.5373188566648,1515.6210376982208,-43.32761369987975,-0.3526315789473684
laliga,2016,athleticbilbao,1524.8067569656184,1521.9902907255325,1515.702630590712,2.8164662400859015,-0.1087719298245614
laliga,2016,atleticodemadrid,1527.3514999600154,1511.9408803786387,1509.4176340281833,15.41061958137675,0.03508771929824562
laliga,2016,caosasuna,1518.022454818484,1517.5393112807017,1538.6018038859013,0.48314353778232544,0.18947368421052632
laliga,2016,cdleganes,1538.1259791495468,1511.4506094637143,1522.8563501150234,26.675369685832493,0.16842105263157894
laliga,2016,celtadevigo,1532.492535503425,1512.890760719799,1521.380957172296,19.60177478362607,0.10175438596491228
laliga,2016,deportivoalaves,1533.487826106402,1516.8143747409265,1522.0482410090965,16.673451365475557,0.04385964912280702
laliga,2016,fcbarcelona,1512.6308576779822,1509.6460170600856,1521.5579261199687,2.9848406178966798,0.11228070175438597
laliga,2016,fcvillarreal,1511.6692969714532,1519.4225855715433,1532.438397700013,-7.753288600090173,-0.015789473684210527
laliga,2016,granadacf,1523.7275768611023,1536.138462694315,1516.6772326751966,-12.41088583321266,-0.12280701754385966
laliga,2016,malagacf,1522.1674130003437,1541.1015697264231,1507.8416134298718,-18.934156726079436,-0.32105263157894737
laliga,2016,rcdeportivodecorunha,1525.2318860453743,1527.2772815744079,1523.3623297501827,-2.0453955290336125,-0.14385964912280702
laliga,2016,rcdespanyol,1519.869344037949,1519.2934271864508,1535.1932115226587,0.5759168514982775,0.27543859649122804
laliga,2016,realbetisbalompie,1526.218212788006,1523.2563756443026,1525.556414968424,2.9618371437034057,0.0456140350877193
laliga,2016,realmadridcf,1513.481126123046,1524.9777405812779,1504.1720211566828,-11.496614458231988,0.012280701754385965
laliga,2016,realsociedad,1522.8549603922793,1524.9777405812779,1522.5034647961304,-2.122780188998604,-0.019298245614035085
laliga,2016,realsportingdegijon,1531.8689242634703,1505.2713219530401,1539.2547106283987,26.597602310430148,0.39473684210526316
laliga,2016,sdeibar,1514.6256625729295,1540.887640158625,1522.8211084283807,-26.261977585695377,-0.22807017543859648
laliga,2016,sevillafc,1521.5426786346552,1533.376420819198,1512.878903497824,-11.83374218454287,-0.2157894736842105
laliga,2016,udlaspalmas,1511.941564273741,1521.7834758810363,1538.5312782495914,-9.841911607295287,0.019298245614035085
laliga,2016,valenciacf,1519.6345560132497,1536.6101469340335,1514.0595609182806,-16.975590920783816,-0.28947368421052627
laliga,2017,athleticbilbao,1524.9458181569619,1531.4013004799372,1514.5575270828142,-6.455482322975286,-0.14912280701754385
laliga,2017,atleticodemadrid,1533.9870344366934,1522.777048786036,1502.3671050650978,11.209985650657472,0.042105263157894736
laliga,2017,cdleganes,1532.8106984773976,1545.5541156856648,1508.0120366774738,-12.743417208267147,-0.07192982456140351
laliga,2017,celtadevigo,1518.237324891804,1539.6912656694117,1523.8825545284142,-21.453940777607613,-0.07719298245614034
laliga,2017,deportivoalaves,1522.048946591058,1510.5998043334291,1542.0295214503383,11.449142257628864,-0.10350877192982455
laliga,2017,fcbarcelona,1511.186109889212,1527.6937214215372,1511.6018980478148,-16.5076115323252,-0.10350877192982455
laliga,2017,fcvillarreal,1508.4991581542752,1536.3857580038607,1522.6786008047418,-27.886599849585537,-0.2210526315789474
laliga,2017,getafecf,1537.4129831133905,1517.636463311532,1532.1836102698169,19.776519801858512,0.2157894736842105
laliga,2017,gironafc,1549.6779734714967,1507.7270301187177,1524.043628326354,41.95094335277895,0.4859649122807017
laliga,2017,levanteud,1513.806715415017,1526.068442044232,1546.068382840995,-12.26172662921499,-0.05263157894736842
laliga,2017,malagacf,1529.6327929270767,1528.3223642512194,1522.0345161078335,1.310428675857338,0.09649122807017543
laliga,2017,rcdeportivodecorunha,1519.4537169057512,1527.347665423526,1539.1218068964545,-7.893948517774788,-0.10175438596491228
laliga,2017,rcdespanyol,1532.4234066228803,1520.5210248817582,1524.2329219213254,11.902381741122099,0.10350877192982455
laliga,2017,realbetisbalompie,1531.129813536734,1516.56691583987,1538.5857599270337,14.562897696863956,0.06491228070175438
laliga,2017,realmadridcf,1499.871465695592,1529.1046740410989,1519.775908867884,-29.23320834550691,-0.41754385964912283
laliga,2017,realsociedad,1508.8897629244439,1524.3286348851102,1538.3007533682778,-15.438871960666347,-0.2543859649122807
laliga,2017,sdeibar,1534.851967883768,1519.856123018974,1525.966791925412,14.995844864794208,0.22280701754385965
laliga,2017,sevillafc,1519.6071975334883,1528.8466065841753,1519.957773137794,-9.239409050687073,-0.07719298245614034
laliga,2017,udlaspalmas,1545.690256405489,1525.8898995939467,1517.3114643087106,19.800356811542315,0.2631578947368421
laliga,2017,valenciacf,1530.413977689418,1518.2582623479104,1531.8645591673617,12.15571534150763,0.11228070175438597
laliga,2018,athleticbilbao,1548.5349636813864,1526.098450079328,1525.4576042307904,22.43651360205854,0.16842105263157894
laliga,2018,atleticodemadrid,1521.6785198853856,1521.4958130882792,1534.8280231954927,0.182706797106448,0.09298245614035087
laliga,2018,cdleganes,1549.8265982940711,1529.4029661318127,1526.3262415977213,20.4236321622584,0.19473684210526312
laliga,2018,celtadevigo,1535.7283449771376,1539.6564966361861,1523.3353988646381,-3.9281516590485808,0.13508771929824562
laliga,2018,deportivoalaves,1534.5208554838891,1535.6053092086108,1527.907863520479,-1.0844537247216977,0.042105263157894736
laliga,2018,fcbarcelona,1517.8765359115735,1529.2921396985976,1521.1778631232385,-11.41560378702411,-0.26666666666666666
laliga,2018,fcvillarreal,1515.9675741362146,1525.508320954476,1547.0371726180117,-9.540746818261368,-0.16842105263157894
laliga,2018,getafecf,1531.5002645630946,1537.6835166939995,1526.9758739929166,-6.183252130904975,-0.010526315789473684
laliga,2018,gironafc,1535.2386686718721,1519.202062451895,1543.9414304812494,16.036606219977102,0.1701754385964912
laliga,2018,levanteud,1526.6935857441674,1533.8145481899376,1537.9103560620713,-7.120962445770147,0.057894736842105256
laliga,2018,rayovallecano,1534.920130630094,1539.0014771416838,1527.308029158543,-4.0813465115898,0.14385964912280702
laliga,2018,rcdespanyol,1523.3707476899388,1526.9803433789077,1544.6253569143144,-3.609595688968966,-0.08596491228070174
laliga,2018,realbetisbalompie,1531.8993539315497,1540.295430122175,1522.5582478652943,-8.396076190625308,-0.19824561403508772
laliga,2018,realmadridcf,1527.9361309852914,1522.5085135083204,1525.882370642064,5.427617476970909,-0.12456140350877193
laliga,2018,realsociedad,1535.7838290880197,1546.5712170499112,1514.7677862595303,-10.787387961891454,-0.0912280701754386
laliga,2018,realvalladolidcf,1537.544425958168,1528.797887673616,1534.6342949339823,8.746538284551889,0.04912280701754386
laliga,2018,sdeibar,1513.3594850911986,1544.4382574862257,1537.5288648219478,-31.078772395027045,-0.23859649122807017
laliga,2018,sdhuesca,1531.6451265191079,1537.308021547749,1529.3581509890844,-5.66289502864106,-0.07192982456140351
laliga,2018,sevillafc,1536.5349593721314,1514.4902764373082,1540.957756342069,22.044682934823186,0.11754385964912278
laliga,2018,valenciacf,1532.6407799897715,1525.0498331250442,1530.6821949906248,7.590946864727357,0.2508771929824561
laliga,2021,athleticbilbao,1529.5552653202612,1526.47914579093,1509.9541066769473,3.0761195293312085,0.03859649122807017
laliga,2021,atleticodemadrid,1530.7962292746463,1504.4875489112737,1516.396656158347,26.30868036337256,0.15964912280701754
laliga,2021,cadizcf,1515.7594034866045,1534.4213836534032,1519.4659333472605,-18.661980166798685,-0.30000000000000004
laliga,2021,caosasuna,1510.0362751295381,1535.8451121795338,1530.7763814903203,-25.808837049995645,-0.28070175438596495
laliga,2021,celtadevigo,1512.8420409926546,1540.2051111337682,1518.7969946856354,-27.363070141113667,-0.031578947368421054
laliga,2021,deportivoalaves,1538.1689896269606,1505.8509321260838,1527.3897669843811,32.318057500876876,0.28771929824561404
laliga,2021,elchecf,1525.8234981807973,1525.354217587343,1520.3255472773128,0.4692805934541866,0.2070175438596491
laliga,2021,fcbarcelona,1519.2892108041822,1505.1783711813457,1518.1209928673147,14.110839622836465,0.16842105263157894
laliga,2021,fcvillarreal,1523.046326362327,1521.7890819500742,1522.0728582668874,1.2572444122527031,0.04385964912280702
laliga,2021,getafecf,1526.6045337978283,1522.4725947850552,1513.96141609317,4.131939012773046,0.21929824561403505
laliga,2021,granadacf,1523.6708252058095,1516.1916666959135,1539.7271916219922,7.479158509896024,0.03333333333333333
laliga,2021,levanteud,1528.0487622992266,1523.1013765867635,1520.7447987492874,4.947385712463074,-0.09649122807017543
laliga,2021,rayovallecano,1513.9314298997667,1534.6558560989836,1529.2797365346207,-20.72442619921685,-0.28070175438596495
laliga,2021,rcdespanyol,1523.8613851982573,1512.8464307223987,1528.3024230111719,11.01495447585853,0.0824561403508772
laliga,2021,rcdmallorca,1520.5026220604557,1525.1212986506541,1525.2562941353005,-4.618676590198447,0.010526315789473684
laliga,2021,realbetisbalompie,1517.595212213085,1535.0938339896052,1515.773419294056,-17.498621776520167,-0.0824561403508772
laliga,2021,realmadridcf,1513.8885744134352,1523.1962051354503,1518.9579586850173,-9.30763072201512,-0.25263157894736843
laliga,2021,realsociedad,1521.3239770240773,1531.04459399338,1515.3347367270123,-9.720616969302682,-0.16315789473684209
laliga,2021,sevillafc,1497.5789800035761,1524.7064231777726,1539.707323484362,-27.127443174196515,-0.37543859649122807
laliga,2021,valenciacf,1523.8368441868263,1494.4572275462865,1539.8887009214882,29.37961664053978,0.1280701754385965
laliga,2022,athleticbilbao,1518.5275720083202,1516.1559367172003,1523.5452014116988,2.371635291119901,-0.30701754385964913
laliga,2022,atleticodemadrid,1524.7804077624378,1507.6224041345995,1515.153302239883,17.158003627838298,0.4070175438596491
laliga,2022,cadizcf,1520.8082287695015,1522.3570811223237,1521.242863732778,-1.548852352822223,0.08771929824561404
laliga,2022,caosasuna,1515.3300800165832,1517.708137931203,1532.8236925536344,-2.3780579146198306,0.057894736842105256
laliga,2022,celtadevigo,1532.1529542774124,1522.9454636472403,1510.4237690099958,9.20749063017206,0.256140350877193
laliga,2022,elchecf,1527.7529280728138,1520.1795939221165,1519.1837406934983,7.573334150697292,0.15614035087719297
laliga,2022,fcbarcelona,1517.2782217701224,1509.680431046909,1516.079840078732,7.597790723213393,-0.13684210526315788
laliga,2022,fcvillarreal,1528.9121582162718,1519.524915326484,1508.843607863656,9.387242889787785,0.27543859649122804
laliga,2022,getafecf,1518.2103218763007,1525.2689269379687,1519.6037675856953,-7.058605061668004,-0.08421052631578947
laliga,2022,gironafc,1520.2202178031805,1523.7221759987483,1524.399784439026,-3.501958195567795,-0.1719298245614035
laliga,2022,rayovallecano,1519.8243324335283,1528.8933984540913,1521.630753639216,-9.069066020563014,-0.1736842105263158
laliga,2022,rcdespanyol,1512.0641360853388,1525.6063545587892,1527.2265018128671,-13.542218473450475,0.01754385964912281
laliga,2022,rcdmallorca,1529.087915042411,1513.3882302445086,1526.5246554137505,15.699684797902364,0.1
laliga,2022,realbetisbalompie,1513.0296517333861,1518.3295053928198,1523.1482402526537,-5.299853659433666,-0.32807017543859646
laliga,2022,realmadridcf,1516.9171613424785,1515.7777533350227,1509.2419784564806,1.1394080074558133,-0.11754385964912278
laliga,2022,realsociedad,1514.7458419522761,1532.5660509637278,1508.555036027284,-17.820209011451652,0.03684210526315789
laliga,2022,realvalladolidcf,1519.5159569355073,1530.1839332741438,1515.8809516866777,-10.667976338636436,0.14210526315789473
laliga,2022,sevillafc,1525.3196288890347,1516.1249544978755,1509.7724505261149,9.194674391159197,0.09824561403508772
laliga,2022,udalmeria,1512.364354591825,1515.2513001518132,1537.3186404008984,-2.886945559988135,-0.14210526315789473
laliga,2022,valenciacf,1512.5086767711482,1518.0641986922924,1528.751968525338,-5.555521921144191,-0.27368421052631575
laliga,2023,athleticbilbao,1524.6243793034907,1523.2234227401977,1501.6158208658826,1.4009565632929935,0.1842105263157895
laliga,2023,atleticodemadrid,1507.2931466313005,1513.6482289577577,1509.900032411485,-6.35508232645725,-0.13508771929824562
laliga,2023,cadizcf,1520.6342590187417,1522.126935949866,1509.6125284386667,-1.4926769311243788,0.1456140350877193
laliga,2023,caosasuna,1524.4959982002226,1509.5563992444763,1515.6564218278438,14.939598955746305,0.1736842105263158
laliga,2023,celtadevigo,1526.9366098650062,1511.2403030918795,1515.765887815391,15.696306773126707,0.13859649122807016
laliga,2023,deportivoalaves,1510.6076515869927,1511.325378956848,1534.2096934477242,-0.7177273698553108,-0.19824561403508772
laliga,2023,fcbarcelona,1518.916924876826,1514.1516478969647,1496.1210738269208,4.765276979861255,0.22982456140350876
laliga,2023,fcvillarreal,1496.6994288884,1519.571122741861,1523.0938877550614,-22.87169385346101,-0.07192982456140351
laliga,2023,getafecf,1527.552159459372,1513.4402627155953,1511.4845070189383,14.111896743776697,0.2719298245614035
laliga,2023,gironafc,1508.778279813201,1511.434358050962,1529.3724435211216,-2.656078237760994,-0.11929824561403508
laliga,2023,granadacf,1525.6228722061962,1511.1273465055538,1518.7197614178933,14.495525700642474,0.15087719298245614
laliga,2023,rayovallecano,1521.1167828390317,1504.059728432755,1527.9108650190135,17.05705440627662,-0.11754385964912278
laliga,2023,rcdmallorca,1513.0604785759062,1513.9859439122908,1523.2592087087664,-0.9254653363846046,-0.1719298245614035
laliga,2023,realbetisbalompie,1513.0081319633473,1519.7173423847971,1509.9420267474795,-6.709210421449825,0.18596491228070175
laliga,2023,realmadridcf,1518.8145751195837,1515.5040565403337,1498.409589999956,3.3105185792499014,0.06491228070175438
laliga,2023,realsociedad,1516.38782772552,1521.7105118022055,1498.8821783749556,-5.322684076685391,-0.13684210526315788
laliga,2023,sevillafc,1507.0191663844446,1519.661258072448,1517.9160391012808,-12.642091688003347,-0.343859649122807
laliga,2023,udalmeria,1498.9923792581214,1525.3730827006405,1528.2557460153946,-26.380703442519007,-0.2964912280701754
laliga,2023,udlaspalmas,1521.1669946017164,1511.429129851949,1524.2872026635278,9.737864749767368,-0.04736842105263158
laliga,2023,valenciacf,1507.8488336188566,1521.0540713932714,1522.3997572789267,-13.205237774414854,-0.16842105263157894
laliga,2024,athleticbilbao,1515.246928481383,1523.8845891460116,1516.0792755911389,-8.637660664628584,-0.04736842105263158
laliga,2024,atleticodemadrid,1523.6841760542302,1511.2702138054215,1513.7974548429213,12.41396224880873,0.22456140350877193
laliga,2024,caosasuna,1508.7520703050488,1525.6302194878845,1531.3869248181597,-16.878149182835614,-0.24912280701754386
laliga,2024,cdleganes,1504.550644147029,1520.9588265454818,1538.3828877917101,-16.40818239845271,-0.42105263157894735
laliga,2024,celtadevigo,1524.430895945223,1521.0040453942563,1522.28895596852,3.4268505509667193,0.16842105263157894
laliga,2024,deportivoalaves,1514.3362203852787,1524.9222071222493,1526.836423241153,-10.585986736970654,-0.28771929824561404
laliga,2024,fcbarcelona,1513.6017528306672,1533.4151474003486,1494.1916295326116,-19.81339456968135,-0.07894736842105264
laliga,2024,fcvillarreal,1516.4656169846119,1531.951833185218,1508.7566588467914,-15.486216200606123,-0.05087719298245614
laliga,2024,getafecf,1517.66437854149,1511.7020559410146,1540.0400730720494,5.962322600475318,0.18771929824561404
laliga,2024,gironafc,1519.385014231545,1518.7267928898289,1513.5877266224707,0.6582213417161711,0.2070175438596491
laliga,2024,rayovallecano,1515.614124334703,1517.4349356403573,1537.4994067912014,-1.8208113056541606,-0.04912280701754386
laliga,2024,rcdespanyol,1541.2599072096034,1516.2099569969664,1512.5914167431397,25.049950212636986,0.2157894736842105
laliga,2024,rcdmallorca,1518.047707362926,1524.8487867381175,1524.0720022674636,-6.801079375191421,0.13508771929824562
laliga,2024,realbetisbalompie,1519.0342702989783,1526.7367364856104,1512.3356056373236,-7.702466186632137,0.09298245614035087
laliga,2024,realmadridcf,1517.4578701587814,1513.3958081198693,1506.7599617655235,4.062062038912018,-0.15964912280701754
laliga,2024,realsociedad,1512.2125292091725,1531.6419190153404,1511.6878640255093,-19.42938980616782,-0.2508771929824561
laliga,2024,realvalladolidcf,1521.2835091918475,1519.0399329381,1528.1941984180107,2.2435762537475057,0.019298245614035085
laliga,2024,sevillafc,1520.4784854217585,1523.2574116302958,1522.8621514535869,-2.778926208537314,-0.23333333333333334
laliga,2024,udlaspalmas,1534.2953963677892,1503.8718585663378,1535.2638969355876,30.423537801451403,0.32631578947368417
laliga,2024,valenciacf,1532.897437001695,1507.727308739824,1526.645288031144,25.170128261871014,0.3456140350877193
laliga2,2007,albacetebalompie,1500.0,1500.0,1500.0,0.0,
laliga2,2007,cadizcf,1500.0,1500.0,1500.0,0.0,
laliga2,2007,cdcastellon,1500.0,1500.0,1500.0,0.0,
laliga2,2007,cdnumancia,1500.0,1500.0,1500.0,0.0,
laliga2,2007,cdtenerife,1500.0,1500.0,1500.0,0.0,
laliga2,2007,celtadevigo,1500.0,1500.0,1500.0,0.0,
laliga2,2007,cordobacf,1500.0,1500.0,1500.0,0.0,
laliga2,2007,deportivoalaves,1500.0,1500.0,1500.0,0.0,
laliga2,2007,elchecf,1500.0,1500.0,1500.0,0.0,
laliga2,2007,gimnasticdetarragona,1500.0,1500.0,1500.0,0.0,
laliga2,2007,granada74cf,1500.0,1500.0,1500.0,0.0,
laliga2,2007,herculescf,1500.0,1500.0,1500.0,0.0,
laliga2,2007,malagacf,1500.0,1500.0,1500.0,0.0,
laliga2,2007,polideportivoejido,1500.0,1500.0,1500.0,0.0,
laliga2,2007,racingferrol,1500.0,1500.0,1500.0,0.0,
laliga2,2007,realsociedad,1500.0,1500.0,1500.0,0.0,
laliga2,2007,realsportingdegijon,1500.0,1500.0,1500.0,0.0,
laliga2,2007,sdeibar,1500.0,1500.0,1500.0,0.0,
laliga2,2007,sevilhaatletico,1500.0,1500.0,1500.0,0.0,
laliga2,2007,udlaspalmas,1500.0,1500.0,1500.0,0.0,
laliga2,2007,udsalamanca,1500.0,1500.0,1500.0,0.0,
laliga2,2007,xerezcd,1500.0,1500.0,1500.0,0.0,
laliga2,2008,albacetebalompie,1494.6419498056223,1501.197496214659,1502.7147924137157,-6.555546409036651,-0.2738564853952923
laliga2,2008,alicantecf,1495.9932636479975,1500.511730788485,1502.7147924137157,-4.518467140487473,-0.08604837739027583
laliga2,2008,cdcastellon,1503.5232352317166,1499.6796829731015,1493.932579382066,3.843552258615091,0.3188377438660166
laliga2,2008,cdtenerife,1499.1214103088803,1505.7720946500704,1495.852927122244,-6.650684341190072,-0.42070706452030404
laliga2,2008,celtadevigo,1499.9810147505214,1505.062724226514,1498.1330447917333,-5.081709475992739,-0.20506161949889032
laliga2,2008,cordobacf,1498.5781039764079,1499.4916811760033,1503.0734908761472,-0.9135771995954656,-0.194477793976367
laliga2,2008,deportivoalaves,1503.8999103542499,1495.2103850198826,1500.3510525023394,8.689525334367318,0.3042849837725469
laliga2,2008,elchecf,1499.1055242719951,1504.5353039309268,1499.5648882651908,-5.429779658931693,-0.25533479073087634
laliga2,2008,gimnasticdetarragona,1502.8806931293552,1501.656999113698,1495.0257923940278,1.2236940156572018,0.06614890951577107
laliga2,2008,gironafc,1502.5046955974424,1500.7218276047586,1495.9932636479975,1.782867992683805,0.21741994592504807
laliga2,2008,herculescf,1501.3422952092828,1495.8156880897664,1500.5229013957808,5.526607119516484,0.011906803712838794
laliga2,2008,levanteud,1496.749795107602,1499.4002323250393,1503.069759417557,-2.6504372174372293,-0.09984239208642692
laliga2,2008,rayovallecano,1497.0825693157028,1498.3580876933822,1503.7791298411132,-1.2755183776794183,-0.12743042147872907
laliga2,2008,realmurciacf,1501.4851502202566,1496.8469083095436,1500.887728320398,4.638241910713077,0.24303740178932864
laliga2,2008,realsociedad,1498.1475111414052,1495.4137334782106,1500.4809766045314,2.733777663194587,0.2751794635856077
laliga2,2008,realzaragoza,1500.7218276047586,1496.9676888226802,1501.5302704227597,3.754138782078371,0.16224388714044374
laliga2,2008,sdeibar,1500.118277242714,1504.1047110959244,1498.173479823341,-3.9864338532104284,-0.2566577689211918
laliga2,2008,sdhuesca,1499.4002323250393,1505.062724226514,1494.7568302986451,-5.662491901474823,-0.26537056844024
laliga2,2008,sevilhaatletico,1504.0882990518314,1495.7753699329194,1501.3931971339964,8.312929118912052,0.4246759990912503
laliga2,2008,udlaspalmas,1499.3241115709554,1497.986228456955,1499.1140147546823,1.3378831140005332,0.04498125847072433
laliga2,2008,udsalamanca,1493.3584088398818,1499.3921936596932,1503.478115029214,-6.033784819811444,-0.33074454757885535
laliga2,2008,xerezcd,1502.4902292477702,1495.5750161626613,1499.9954811001933,6.915213085108917,0.49214788679733684
laliga2,2009,albacetebalompie,1502.7910202544278,1505.138854888711,1506.9499810118239,-2.3478346342831173,0.0235299143527201
laliga2,2009,cadizcf,1506.9796754192541,1502.0071353848246,1505.952434165744,4.972540034429585,0.2705940150562811
laliga2,2009,cdcastellon,1498.0469048269629,1498.6151283400748,1510.698811884002,-0.5682235131118887,0.0039216523921200164
laliga2,2009,cdnumancia,1499.5576394486332,1507.622844574006,1500.504884949148,-8.065205125372813,-0.35687036768292146
laliga2,2009,celtadevigo,1512.0336674426271,1500.3641692342965,1503.8277466024028,11.669498208330651,0.44053228538148187
laliga2,2009,cordobacf,1496.7256143478219,1513.3823827207436,1502.6199896559576,-16.65676837292176,-0.41569515356472175
laliga2,2009,elchecf,1512.0661559163589,1499.4178727573671,1502.8545497843454,12.648283158991717,0.3085033215134413
laliga2,2009,fccartagena,1498.3801973858065,1503.9684623172543,1509.9089798792859,-5.5882649314478385,-0.14983792845720334
laliga2,2009,gimnasticdetarragona,1509.6734576573829,1503.461903474936,1499.2257447769225,6.211554182446889,0.21830531649468088
laliga2,2009,gironafc,1509.9185627358172,1500.7302330468847,1505.8582189263273,9.188329688932527,0.4692910695903619
laliga2,2009,herculescf,1501.2986991768169,1504.298084924186,1496.0135763418452,-2.9993857473691605,-0.13595061626016056
laliga2,2009,levanteud,1500.3482249687809,1511.7330869354007,1497.244616922761,-11.384861966619837,-0.45229724255784187
laliga2,2009,rayovallecano,1495.19995285416,1503.9387679098243,1506.764017887673,-8.73881505566419,-0.35294871529080146
laliga2,2009,realbetisbalompie,1501.3372159115947,1499.1740116134754,1511.7464120572768,2.1632042981193536,-0.037133747487219954
laliga2,2009,realmurciacf,1515.2718967129967,1501.5723894826829,1497.5675281668002,13.699507230313884,0.516350898295802
laliga2,2009,realsociedad,1504.7881925455247,1506.5038168409633,1494.4506822756882,-1.7156242954386016,-0.10065574473108041
laliga2,2009,realunionclub,1495.1199293594198,1503.9387679098243,1513.1989423131029,-8.818838550404507,-0.24299803180233412
laliga2,2009,recreativodehuelva,1499.8328437991147,1508.04566650561,1504.379129277622,-8.212822706495217,-0.1250820967990567
laliga2,2009,sdhuesca,1505.136060822409,1507.7635602888574,1501.9746469110926,-2.6274994664483984,-0.06797530813008028
laliga2,2009,udlaspalmas,1515.323629876444,1496.695987347745,1503.3901383348082,18.627642528699198,0.5255014205440821
laliga2,2009,udsalamanca,1501.594806336451,1509.722194342986,1500.5020908828462,-8.127388006535057,-0.5333447253283222
laliga2,2009,villarrealcfb,1504.379129277622,1497.7081562357732,1510.1703540689512,6.670973041848811,0.11205271171582162
laliga2,2010,adalcorcon,1501.695508887112,1512.4464822153884,1501.340954451127,-10.750973328276359,-0.4358329310342132
laliga2,2010,albacetebalompie,1506.1654588024842,1501.3310458228082,1508.3423537769106,4.834412979676017,0.23922079591932097
laliga2,2010,cdnumancia,1506.62441056676,1503.5599047219039,1504.463434761535,3.0645058448560576,0.22222696888680088
laliga2,2010,cdtenerife,1500.3796577091582,1501.7943538600882,1505.1886364303446,-1.4146961509300127,-0.12810731147592053
laliga2,2010,celtadevigo,1506.4501947043284,1508.058517529853,1503.4721099857838,-1.6083228255245103,-0.10327017965916042
laliga2,2010,cordobacf,1506.2583464886527,1505.0215343330408,1505.606234182059,1.236812155611915,0.11764957176360048
laliga2,2010,elchecf,1503.938681411841,1500.820188189139,1508.9398242930342,3.118493222702,0.24183523084740097
laliga2,2010,fcbarcelonab,1507.1458460438193,1499.3959182195406,1508.9411812902674,7.749927824278757,0.2951155721352744
laliga2,2010,fccartagena,1511.6244053969008,1500.4488286213202,1501.7655578984309,11.175576775580566,0.49151376647904205
laliga2,2010,gimnasticdetarragona,1504.5250203875637,1509.644169269084,1505.9174533668772,-5.119148881520232,-0.3921652392120016
laliga2,2010,gironafc,1505.5689858291244,1505.9979877906628,1506.1498824886676,-0.4290019615384608,0.061439220809880256
laliga2,2010,granadacf,1503.9889066834423,1507.0420083184742,1504.4520305517105,-3.053101635031908,-0.28338912556036283
laliga2,2010,rayovallecano,1504.9623768072997,1506.1845999854963,1504.5436442115217,-1.2222231781966002,-0.03921652392120016
laliga2,2010,realbetisbalompie,1502.4466621734653,1503.5476806563697,1501.3852070469918,-1.1010184829044647,0.057517568417760234
laliga2,2010,realvalladolidcf,1506.809579196684,1501.3310458228082,1507.342320534135,5.4785333738757345,0.2260598311941285
laliga2,2010,recreativodehuelva,1505.5826172383117,1504.6646359337833,1503.4042068344245,0.9179813045284391,0.024837131816760102
laliga2,2010,sdhuesca,1502.7655911412062,1508.706816841214,1505.0953765483896,-5.9412257000078625,-0.35556315021888146
laliga2,2010,sdponferradina,1501.340954451127,1502.5876347169185,1511.554356385582,-1.2466802657916105,0.11596152724079214
laliga2,2010,udlaspalmas,1501.775861946376,1506.377301348896,1510.305418052413,-4.6014394025201,-0.16209496554096067
laliga2,2010,udsalamanca,1503.4278237781716,1507.0678637931958,1506.1262655449204,-3.6400400150241694,-0.12941452893996053
laliga2,2010,villarrealcfb,1503.9973576220605,1510.4687269456867,1499.5592271128146,-6.471369323626277,-0.39739410906816164
laliga2,2010,xerezcd,1507.272271522816,1501.8833739397182,1498.119043214137,5.388897583097787,0.26275071027204105
laliga2,2011,adalcorcon,1504.2341334111272,1509.673913952185,1508.219007464642,-5.439780541057871,-0.010457739712320042
laliga2,2011,cdalcoyano,1509.019741243756,1511.052073641172,1502.7463138616572,-2.032332397415985,-0.07296455646611641
laliga2,2011,cdguadalajara,1505.663689126826,1513.2534959184832,1503.9009437012758,-7.589806791657111,-0.13550560486564475
laliga2,2011,cdnumancia,1507.7627350022126,1512.95919623446,1502.2033377266634,-5.1964612322474295,-0.28889505955284117
laliga2,2011,celtadevigo,1508.6578756908889,1502.924307628186,1508.8029563954908,5.733568062702943,0.24837131816760102
laliga2,2011,cesabadellfc,1504.62057277215,1506.333768931707,1511.863787042728,-1.7131961595571283,0.016938200608205594
laliga2,2011,cordobacf,1511.2502633838278,1504.996289333679,1508.8467537585962,6.253974050148827,0.05098148109756021
laliga2,2011,elchecf,1501.6704215612042,1504.0083263845695,1509.367611036155,-2.3379048233653066,0.024837131816760102
laliga2,2011,fcbarcelonab,1499.5260294718396,1506.0341396805106,1510.2952077713223,-6.508110208671042,-0.16340218300500067
laliga2,2011,fccartagena,1509.3967108989152,1505.4377644904728,1510.055829130315,3.9589464084424435,0.08235470023452035
laliga2,2011,gimnasticdetarragona,1507.3643785014995,1511.1706155942315,1506.5923943300916,-3.80623709273209,-0.06274643827392026
laliga2,2011,gironafc,1512.121220940522,1503.1708090499258,1507.8529060893975,8.950411890596342,0.26013627534396105
laliga2,2011,herculescf,1500.6782255703129,1506.0538021515806,1509.7251512274772,-5.375576581267751,-0.10980626697936045
laliga2,2011,rcdeportivodecorunha,1510.015985754613,1503.7824017482162,1509.019741243756,6.233584006396768,0.23322599298990782
laliga2,2011,realmurciacf,1513.7765836827787,1502.9652100298933,1506.5912028295008,10.811373652885322,0.3804002820356416
laliga2,2011,realvalladolidcf,1503.2363422131616,1506.8183189664446,1508.3606230123562,-3.5819767532830156,-0.3071961040494013
laliga2,2011,recreativodehuelva,1513.7958793705213,1498.2469053204284,1507.4646185711222,15.548974050092966,0.6575303844121227
laliga2,2011,sdhuesca,1508.364088169244,1509.509170776513,1504.2144709400575,-1.1450826072689324,-0.10980626697936045
laliga2,2011,udalmeria,1504.4016766039138,1507.3643785014995,1511.052073641172,-2.9627018975857027,-0.13420266635732125
laliga2,2011,udlaspalmas,1507.8938084911047,1513.9808897511161,1501.3520426410391,-6.087081260011473,-0.3032744516572813
laliga2,2011,villarrealcfb,1511.5981331762266,1507.8277068468967,1507.9350895301905,3.7704263293298936,-0.030066001672920124
laliga2,2011,xerezcd,1504.6784061894505,1512.1634162939245,1503.2648392810897,-7.485010104473986,-0.22614862127892094
laliga2,2012,adalcorcon,1495.3929095036285,1494.3042906476355,1502.9287256037164,1.0886188559929906,-0.05882478588180024
laliga2,2012,cdguadalajara,1509.3766014445887,1496.5540141707227,1499.5910618214136,12.82258727386602,0.4496828076297618
laliga2,2012,cdlugo,1503.8195349396028,1495.85530876146,1501.7079417446928,7.9642261781427806,0.2931611643727891
laliga2,2012,cdmirandes,1501.3901358176224,1507.4796825055182,1492.5129671226148,-6.0895466878957905,-0.35961102829728797
laliga2,2012,cdnumancia,1502.451649309612,1506.4469517099244,1492.5417498190104,-3.995302400312312,-0.20392592439024085
laliga2,2012,cesabadellfc,1503.905087973059,1501.8407853445008,1501.7002233999085,2.0643026285581527,0.18170322750156073
laliga2,2012,cordobacf,1499.9184455832135,1497.784304365105,1497.7070087878342,2.134141218108425,0.07581861291432032
laliga2,2012,elchecf,1501.9924985993434,1499.7286223472856,1501.7817736655932,2.2638762520577984,0.06666809066604028
laliga2,2012,fcbarcelonab,1496.556341184821,1500.6231615508093,1500.9009113433397,-4.066820365988406,-0.015686609568480066
laliga2,2012,fcvillarreal,1493.4213084510054,1502.4228666132165,1505.5386103815338,-9.00155816221104,-0.32638609633503857
laliga2,2012,gironafc,1493.4213084510054,1501.3163038967218,1506.4975092562272,-7.894995445716404,-0.32549714854596135
laliga2,2012,herculescf,1502.4125975845666,1489.3869543256476,1503.3312079416069,13.02564325891899,0.29150949448092117
laliga2,2012,racingsantander,1500.6935221426354,1499.010104254823,1501.6791590482972,1.6834178878123112,0.06840427168698412
laliga2,2012,realmadridcastilla,1500.799600416302,1504.7278762679932,1495.85530876146,-3.9282758516912963,-0.007817631049941045
laliga2,2012,realmurciacf,1505.7459794142856,1503.4604383551232,1499.1196320365136,2.2855410591623695,0.027451566744840113
laliga2,2012,realsportingdegijon,1496.763650089851,1499.7668696207081,1502.7868041440088,-3.0032195308572227,0.0235299143527201
laliga2,2012,recreativodehuelva,1500.7380137595371,1508.2154967774945,1496.5398614417518,-7.477483017957411,-0.22745583874296096
laliga2,2012,sdhuesca,1499.5769090924427,1501.1976726484595,1501.256684327367,-1.6207635560167546,-0.06666809066604028
laliga2,2012,sdponferradina,1509.3846001797197,1495.326226125207,1502.298477146013,14.05837405451257,0.2810517547686011
laliga2,2012,udalmeria,1497.635784986091,1501.601863471026,1495.8750715210076,-3.9660784849349966,-0.12287844161976051
laliga2,2012,udlaspalmas,1502.4817364349062,1495.577639264604,1503.1826885625928,6.904097170302293,0.3176538437617213
laliga2,2012,xerezcd,1491.8012827624495,1507.0520650963022,1504.3461202437852,-15.250782333852612,-0.36079202007504146
laliga2,2013,adalcorcon,1501.5609507984948,1496.3787853722274,1502.0366811592828,5.182165426267375,-0.007794738962582237
laliga2,2013,cdlugo,1497.6484294606341,1498.3986485255114,1508.8918491824745,-0.7502190648772284,0.09028905964991091
laliga2,2013,cdmirandes,1507.4362317415041,1501.251177381728,1495.5811003520505,6.185054359776132,0.07015265066324013
laliga2,2013,cdnumancia,1498.830344931597,1505.704111479589,1499.8570668174186,-6.873766547992091,0.031828517430544136
laliga2,2013,cdtenerife,1507.4722675119642,1499.0255327638772,1501.379948195697,8.44673474808701,0.36505360808093473
laliga2,2013,cesabadellfc,1505.881637910952,1501.1668539276102,1503.6216747596077,4.714783983341704,0.1766807498185307
laliga2,2013,cordobacf,1504.2489744745333,1497.3944779285316,1505.920970268408,6.854496546001656,0.1526469713505688
laliga2,2013,deportivoalaves,1498.3012342128352,1504.7051759612727,1504.0995193978417,-6.403941748437546,-0.0285807095294682
laliga2,2013,fcbarcelonab,1506.279165258282,1502.9362267231065,1496.439925166979,3.3429385351755627,0.1286131928826069
laliga2,2013,gironafc,1493.4018537690476,1502.7358175654801,1504.162102125811,-9.3339637964325,-0.34491719909426394
laliga2,2013,herculescf,1506.4816789799515,1495.701149277848,1502.71553622014,10.78052970210365,0.10652809915529056
laliga2,2013,rcdeportivodecorunha,1496.081730177105,1500.4142096530736,1497.4294661077724,-4.332479475968512,-0.16498864137465732
laliga2,2013,rcdmallorca,1502.6357447470696,1506.3816061615412,1495.7214306231879,-3.7458614144716194,-0.24285714285714283
laliga2,2013,realjaen,1498.7599674731246,1504.51793607859,1501.4608779800842,-5.757968605465521,-0.17272727272727273
laliga2,2013,realmadridcastilla,1504.6239188669485,1499.0505761747856,1499.1040469016043,5.573342692162896,0.25982463208607454
laliga2,2013,realmurciacf,1501.925125426405,1502.8101302067655,1506.0028568605048,-0.8850047803605321,-0.05196492641721491
laliga2,2013,realsportingdegijon,1500.1307687874262,1499.129090312513,1505.7291548904975,1.0016784749132057,0.07924651278625273
laliga2,2013,realzaragoza,1501.566566292926,1503.016018196177,1496.2461257461532,-1.4494519032509743,0.031178955850328947
laliga2,2013,recreativodehuelva,1506.0271665915823,1503.0701813114867,1498.8600402915347,2.956985280095523,-0.0025982463208607458
laliga2,2013,sdeibar,1499.9105375442377,1507.7162741220338,1500.738950025406,-7.805736577796097,-0.055212734318290844
laliga2,2013,sdponferradina,1494.2312598573405,1505.7511824001253,1501.5863862283966,-11.519922542784798,-0.3715492238830866
laliga2,2013,udlaspalmas,1499.7359159086318,1495.916309198719,1505.5857614217396,3.819606709912705,-0.048717118516138976
laliga2,2014,adalcorcon,1498.892928070858,1498.6321784799054,1500.05404691902,0.26074959095262784,0.07022112569239042
laliga2,2014,albacetebalompie,1505.6586310867028,1500.2936201325226,1500.2340341972108,5.365010954180207,0.29128763250176765
laliga2,2014,caosasuna,1497.6327055994368,1500.5235239635253,1502.6266353414323,-2.8908183640885454,-0.1097759070563665
laliga2,2014,cdleganes,1493.7340527228178,1504.9292424990715,1502.1195696825048,-11.195189776253756,-0.27996104107274533
laliga2,2014,cdlugo,1503.0011683621494,1496.4502659279058,1503.7877186693836,6.550902434243653,0.1924579000458108
laliga2,2014,cdmirandes,1502.2793314545484,1500.754610664082,1501.6130237845684,1.52472079046629,-0.13914186016825508
laliga2,2014,cdnumancia,1504.9546989948228,1502.2199513407518,1493.6591275603223,2.734747654071043,0.2756829379034587
laliga2,2014,cdtenerife,1498.9229418229265,1503.0981472778462,1501.9327861066708,-4.1752054549197055,-0.1846555527466563
laliga2,2014,cesabadellfc,1497.703313576043,1500.7842486050342,1502.4960660398108,-3.0809350289912345,-0.0481144750114527
laliga2,2014,deportivoalaves,1502.3696397719239,1500.447662613393,1499.6286448187798,1.921977158530808,0.02860860676356647
laliga2,2014,fcbarcelonab,1497.9017622994506,1501.7562842945724,1496.4602745148509,-3.854521995121786,-0.23277002775810898
laliga2,2014,gironafc,1501.6338327793717,1498.770476555657,1500.3344158554576,2.863356223714618,0.007802347299154492
laliga2,2014,racingsantander,1501.494256668632,1498.833342135546,1503.0573024889288,2.660914533086043,0.2678805906043042
laliga2,2014,rcdmallorca,1503.3130269234305,1494.8271283054967,1505.0296241573183,8.485898617933799,0.4330302751030743
laliga2,2014,realbetisbalompie,1499.9905609098544,1500.2230121559166,1495.6178289419915,-0.23245124606228273,-0.0481144750114527
laliga2,2014,realsportingdegijon,1500.090942568101,1499.9066896310226,1497.5224147231704,0.1842529370783268,-0.045513692578401196
laliga2,2014,realvalladolidcf,1495.5254755383353,1496.3622127339688,1501.6384802803198,-0.8367371956335319,-0.23537081019116046
laliga2,2014,realzaragoza,1501.8562417899113,1500.447662613393,1499.1661598282697,1.4085791765182876,0.0026007824330514973
laliga2,2014,recreativodehuelva,1495.3225035586304,1503.6068593574794,1501.69254668097,-8.284355798848992,-0.31469467439923116
laliga2,2014,sdponferradina,1504.8854672865903,1501.8734059928743,1496.4202521758368,3.0120612937159876,0.1014305148890084
laliga2,2014,udlaspalmas,1498.1939420485544,1501.4060290342572,1499.062367173757,-3.212086985702854,-0.1898571176127593
laliga2,2014,uellagostera,1500.1226304976697,1498.0935603903076,1502.5666740164172,2.029070107362031,0.16239039505379657
laliga2,2015,adalcorcon,1500.9100519661151,1502.0104385852633,1496.8931582860673,-1.1003866191481393,-0.04157194113377193
laliga2,2015,albacetebalompie,1499.7046857110963,1502.6055029108663,1501.8922216506483,-2.9008171997700174,-0.13835661658583467
laliga2,2015,bilbaoathletic,1508.3673434747288,1491.4130695967938,1501.231808454473,16.954273877935066,0.45714285714285713
laliga2,2015,caosasuna,1506.9758759147778,1499.8514159403708,1499.3694303840014,7.124459974407046,0.27281586369037825
laliga2,2015,cdleganes,1503.7758513047504,1504.1347219419806,1493.907623766709,-0.3588706372302113,0.024683340048177082
laliga2,2015,cdlugo,1503.3444309320387,1500.589226593353,1500.761953400851,2.755204338685644,0.24488471574112525
laliga2,2015,cdmirandes,1500.2725978845763,1502.2419681554254,1497.7215271895839,-1.96937027084914,-0.24293603100047967
laliga2,2015,cdnumancia,1505.4969202556,1494.1290236836235,1502.635052908046,11.367896571976416,0.32478079010759314
laliga2,2015,cdtenerife,1493.5046360229867,1502.5855642276838,1507.6295328217468,-9.080928204697102,-0.23319260729725186
laliga2,2015,cordobacf,1491.1421418193515,1498.2806490176895,1510.1138093829902,-7.138507198337948,-0.05586229589850602
laliga2,2015,deportivoalaves,1504.0788229050029,1498.8230182970997,1500.771527657408,5.255804607903201,0.10198116809378427
laliga2,2015,elchecf,1494.1095093634092,1501.6375201939275,1500.513556178242,-7.528010830518269,-0.11562196127830318
laliga2,2015,gimnasticdetarragona,1505.1522140786985,1497.1101600216396,1503.2755274361537,8.042054057058976,0.153296532930784
laliga2,2015,gironafc,1492.7668253700047,1498.0385401336518,1499.538209167587,-5.271714763647196,-0.12471582340131579
laliga2,2015,rcdmallorca,1496.039369374442,1504.6595647511913,1505.4786396004026,-8.62019537674928,-0.2364404151983278
laliga2,2015,realoviedo,1498.0097212402472,1501.4997640538331,1501.502736231915,-3.4900428135858874,-0.13116883116883118
laliga2,2015,realvalladolidcf,1498.6188747275476,1500.764925578933,1495.8666425669437,-2.1460508513853256,0.14030530132648025
laliga2,2015,realzaragoza,1502.7582141871676,1502.1515634204682,1493.5921961144234,0.6066507666994312,-0.00909386212301261
laliga2,2015,sdhuesca,1501.926389687043,1494.9323806768189,1506.8277773495136,6.99400901022409,0.04546931061506304
laliga2,2015,sdponferradina,1502.882442683533,1497.3717806848067,1501.2628189174613,5.510661998726391,0.19227022774369515
laliga2,2015,udalmeria,1500.4939978014907,1506.2262883681738,1490.009825143221,-5.732290566683105,-0.23254304571703674
laliga2,2015,uellagostera,1496.7546339773598,1500.5397644970503,1501.7786754249057,-3.785130519690483,-0.39623256393126366
laliga2,2016,adalcorcon,1503.298271262133,1498.5022100324602,1509.5901755539526,4.796061229672887,0.33680132508016886
laliga2,2016,cadizcf,1500.3395251151794,1511.4807078237538,1503.0539324944898,-11.141182708574433,-0.3680107142767868
laliga2,2016,cdlugo,1501.6504485336952,1503.429833436212,1512.7901980549989,-1.7793849025167674,-0.0481144750114527
laliga2,2016,cdmirandes,1510.4065569471502,1505.2158415768426,1502.9277456615614,5.190715370307544,0.02470743311398922
laliga2,2016,cdnumancia,1512.7536820787325,1498.973334769975,1501.5288460952247,13.780347308757428,0.5097533568780934
laliga2,2016,cdtenerife,1501.3409306351125,1511.4668825415122,1502.5687009560315,-10.125951906399678,-0.4538365345674861
laliga2,2016,cfreusdeportiu,1501.7676600824175,1510.4828895145117,1502.2955837203874,-8.715229432094247,-0.3046443811209224
laliga2,2016,cordobacf,1503.573056835496,1501.954637916978,1506.5632498974887,1.6184189185178184,0.02470743311398922
laliga2,2016,elchecf,1511.3662258621878,1502.1302992881785,1499.5303738704338,9.235926574009227,0.4538365345674861
laliga2,2016,getafecf,1507.2083850841811,1504.1555159824807,1503.1822322506548,3.0528691017004803,-0.05586229589850602
laliga2,2016,gimnasticdetarragona,1499.5230566650475,1499.0530107070733,1508.5885069898432,0.47004595797420734,0.1235371655699461
laliga2,2016,gironafc,1495.1207178858217,1507.7018584595755,1502.5687009560315,-12.581140573753828,-0.6228873927158336
laliga2,2016,levanteud,1503.8123129810592,1497.933479909168,1511.3827535622097,5.878833071891222,0.29388841493481915
laliga2,2016,rayovallecano,1498.1639397008164,1510.1845082700022,1504.2308743098263,-12.020568569185798,-0.3862161913081473
laliga2,2016,rcdmallorca,1511.6341512808272,1504.9637816668112,1501.448091417853,6.670369614015954,0.06762034325933891
laliga2,2016,realoviedo,1499.5010116404826,1513.013943539272,1503.875971226807,-13.512931898789475,-0.5175557041772479
laliga2,2016,realvalladolidcf,1511.4464118079575,1505.4092069423252,1499.4667156246862,6.037204865632248,0.2652798081712527
laliga2,2016,realzaragoza,1501.3725345271814,1500.2806050407503,1509.2103905182998,1.0919294864311269,0.13133951286910062
laliga2,2016,sdhuesca,1502.2447812497446,1499.98462203216,1511.9349559854797,2.2601592175847145,0.227568462892006
laliga2,2016,sevilhaatletico,1512.2393973803853,1503.4069563995688,1501.1225248957253,8.8324409808165,0.3250978041314371
laliga2,2016,ucammurciacf,1502.5370970639628,1507.2083850841811,1504.8006511691729,-4.671288020218299,-0.20980839040950522
laliga2,2016,udalmeria,1510.5227786016458,1504.8904222874244,1499.1617580100585,5.632356314221397,0.18335516153013054
laliga2,2017,adalcorcon,1503.9895316782893,1502.8319477036257,1502.8287697527937,1.1575839746635666,0.15914258715272064
laliga2,2017,albacetebalompie,1501.184167937499,1507.5502392140536,1507.0713615436543,-6.366071276554521,-0.10717766073550573
laliga2,2017,cadizcf,1500.6230542112612,1502.2146722247503,1501.1665406578811,-1.5916180134890965,-0.005846054221936677
laliga2,2017,caosasuna,1502.8795690915672,1499.4610786363064,1504.7596173977004,3.4184904552607804,-0.08769081332905015
laliga2,2017,cdleonesa,1503.7770180607333,1501.7847082710407,1502.6976000567925,1.9923097896926265,0.09480519480519481
laliga2,2017,cdlugo,1504.1628897028509,1503.5623493693092,1502.26358594144,0.6005403335416304,0.1188697691793791
laliga2,2017,cdnumancia,1502.784120613078,1501.267522193722,1506.2996508358353,1.516598419355887,0.12796363130239174
laliga2,2017,cdtenerife,1497.1091060792296,1503.7402350895075,1501.1851202449136,-6.631129010277846,-0.12536538498153096
laliga2,2017,cfreusdeportiu,1508.1580689644888,1505.1582319597721,1494.9348852940736,2.99983700471671,-0.07599870488517681
laliga2,2017,cordobacf,1499.410279297533,1503.825715909903,1503.762671240591,-4.415436612370058,-0.16563820295487253
laliga2,2017,fcbarcelonab,1506.5397610824166,1501.3876146029677,1506.0128525913065,5.152146479448902,0.20785970566885964
laliga2,2017,gimnasticdetarragona,1502.147169862152,1505.3643230342861,1498.1051698269475,-3.2171531721342035,0.016888601085594843
laliga2,2017,granadacf,1495.8831336020135,1506.6487069303112,1504.5971182335343,-10.765573328297705,-0.34361807593383364
laliga2,2017,lorcafc,1503.6488699255947,1496.4483174133672,1508.1621390496045,7.200552512227432,0.0987012987012987
laliga2,2017,rayovallecano,1502.7551529378013,1503.0265078627842,1502.185878019061,-0.2713549249829157,-0.08769081332905015
laliga2,2017,realoviedo,1501.6589695279508,1503.2573163063967,1502.4590528903032,-1.5983467784458298,-0.014939916344949287
laliga2,2017,realsportingdegijon,1501.506156360285,1500.560009541949,1498.527177148509,0.9461468183360466,-0.14485223238798656
laliga2,2017,realvalladolidcf,1505.3176703985027,1500.167015039351,1499.7477767121256,5.150655359151642,0.029230271109683383
laliga2,2017,realzaragoza,1505.1722227475832,1500.6498906001905,1504.4997903486917,4.522332147392717,0.1435531092275562
laliga2,2017,sdhuesca,1497.1721190285236,1501.955069575449,1504.239171949159,-4.782950546925349,-0.1760311882383155
laliga2,2017,sevilhaatletico,1505.8069640791855,1501.7806381859245,1503.601248537653,4.026325893260946,0.25073076996306193
laliga2,2017,udalmeria,1506.129289531427,1505.1731750549975,1498.708106447394,0.9561144764295477,0.05781098063915159
laliga2,2018,adalcorcon,1504.2657081578134,1497.7775251789838,1510.1128484540054,6.488182978829627,0.27411498685080865
laliga2,2018,albacetebalompie,1504.8992167105148,1501.687141968249,1508.7686710947116,3.212074742265713,0.011692108443873354
laliga2,2018,cadizcf,1494.6683933299298,1507.4996265391042,1505.1984106765656,-12.831233209174343,-0.36505360808093473
laliga2,2018,caosasuna,1504.1317023262134,1499.3809472198252,1503.696753830434,4.750755106388169,-0.20915882882929002
laliga2,2018,cdlugo,1500.9220843804221,1505.6550103031072,1508.2101671656535,-4.732925922685126,-0.018837285826240405
laliga2,2018,cdnumancia,1507.9988189077674,1506.1285662214148,1495.4600080174916,1.8702526863526145,0.14160442448691063
laliga2,2018,cdtenerife,1500.3726304823924,1504.19238932698,1503.688015944373,-3.819758844587568,-0.20656058250842924
laliga2,2018,cfrayomajadahonda,1504.580510308202,1500.4283913281372,1506.168842231669,4.15211898006487,0.04935064935064935
laliga2,2018,cfreusdeportiu,1504.1235646759171,1511.077271707569,1497.8171017783154,-6.953707031651902,-0.05196492641721491
laliga2,2018,cordobacf,1506.4301181772876,1507.6571437120745,1497.1092228646592,-1.2270255347868897,0.048717118516138976
laliga2,2018,elchecf,1508.4803453463635,1510.607216964417,1498.3534744556816,-2.1268716180534284,0.09678467545206278
laliga2,2018,extremaduraud,1505.0037404891239,1501.0398091788568,1505.1341942000279,3.9639313102670712,0.2545454545454545
laliga2,2018,gimnasticdetarragona,1512.0321301302022,1499.0376809778627,1501.6097399869411,12.994449152339484,0.5138032099502124
laliga2,2018,granadacf,1499.8540291085849,1506.5365761526452,1504.658607176522,-6.682547044060357,-0.3046443811209224
laliga2,2018,malagacf,1500.4639549945246,1504.8735211118933,1505.588504316692,-4.40956611736874,-0.3195842974658717
laliga2,2018,rcdeportivodecorunha,1499.1551737802197,1502.6446098420486,1507.2480125265552,-3.489436061828883,-0.10003248335313869
laliga2,2018,rcdmallorca,1505.1291182526675,1509.2329208137976,1499.7797297814475,-4.103802561130124,-0.03767457165248081
laliga2,2018,realoviedo,1502.7242926385388,1505.766210149198,1499.7657831393622,-3.041917510659232,-0.14550179396820176
laliga2,2018,realsportingdegijon,1505.043317271869,1496.873182271249,1502.1502397943225,8.170135000619894,0.2059110209282141
laliga2,2018,realzaragoza,1495.4649033227856,1502.1906105374794,1505.5812429935597,-6.725707214693784,-0.21305619831058112
laliga2,2018,udalmeria,1513.7153997445205,1499.6657283030356,1501.6541483730707,14.049671441484861,0.5800584911321615
laliga2,2018,udlaspalmas,1498.785054540199,1498.2921272681308,1510.4904882739975,0.4929272720683002,-0.20461189776778368
laliga2,2021,adalcorcon,1509.0985306165323,1509.637659027339,1507.1651618107212,-0.5391284108065975,-0.12287844161976051
laliga2,2021,burgoscf,1505.4427727227726,1508.4897960811684,1506.4280172382055,-3.0470233583957906,0.14136882815310053
laliga2,2021,cdleganes,1499.4230013467222,1508.9910323783733,1508.5103609023893,-9.568031031651117,-0.23268470859912097
laliga2,2021,cdlugo,1513.6759655903882,1506.79429913034,1502.5432789910428,6.881666460048109,0.23268470859912097
laliga2,2021,cdmirandes,1506.7350221313288,1506.909024341515,1510.928385967575,-0.17400221018624507,0.2640579277360811
laliga2,2021,cdtenerife,1509.3180781891738,1510.3807542722393,1500.5100154338886,-1.0626760830655257,0.3176538437617213
laliga2,2021,fccartagena,1507.7690538269233,1504.3519514039192,1508.9744721217744,3.417102423004053,0.10327017965916042
laliga2,2021,fuenlabradacf,1504.6636413407948,1508.4945959253087,1507.2023487760428,-3.8309545845138473,-0.3061905494560242
laliga2,2021,gironafc,1506.2942990012339,1504.833869428156,1505.8182717815373,1.4604295730778176,0.21176922917448085
laliga2,2021,malagacf,1504.2594198829738,1508.5951318446719,1500.2560840778194,-4.335711961698053,-0.23007027367104094
laliga2,2021,realoviedo,1509.2692404454924,1504.8613055006758,1502.8196156745619,4.4079349448165885,0.053595916025640226
laliga2,2021,realsociedadssbsanse,1506.1574639127025,1506.7080002431417,1507.4951218863023,-0.5505363304391722,-0.20130399953598185
laliga2,2021,realsportingdegijon,1506.0796206276077,1505.935740091427,1504.1477519809048,0.14388053618063168,0.07189696052220029
laliga2,2021,realvalladolidcf,1504.8696393078765,1502.8581548140953,1508.1386446254305,2.011484493781154,-0.1856248798936808
laliga2,2021,realzaragoza,1504.6804573826591,1505.706722362773,1510.1361964551193,-1.026264980113865,-0.22222696888680088
laliga2,2021,sdamorebieta,1509.9576178486666,1504.2017852777117,1506.201182915768,5.755832570954908,0.05993517138288134
laliga2,2021,sdeibar,1508.1571227131196,1500.0851325354522,1510.6135268361504,8.07199017766743,0.03398765406504014
laliga2,2021,sdhuesca,1505.160956191138,1507.8490997191916,1501.3253574558785,-2.6881435280536152,-0.0732041779862403
laliga2,2021,sdponferradina,1510.842095128521,1502.708443343397,1508.9025124740951,8.133651785123902,0.13333618133208056
laliga2,2021,udalmeria,1505.5093565782277,1505.6349452806357,1507.5779834402445,-0.12558870240809483,-0.015686609568480066
laliga2,2021,udibiza,1504.9154580116176,1508.879521898452,1506.565606132077,-3.9640638868343103,0.04299697077467574
laliga2,2021,udlaspalmas,1500.2452894985522,1509.6171373950403,1510.2642053174957,-9.371847896488134,-0.07581861291432032
laliga2,2022,albacetebalompie,1508.0182187117618,1516.646764196747,1507.4467866488612,-8.628545484985125,-0.2038961038961039
laliga2,2022,burgoscf,1506.1796731280429,1507.0338534556215,1522.8147656197361,-0.8541803275786606,-0.2701298701298701
laliga2,2022,cdleganes,1515.4085754927985,1508.2449852515122,1510.1689954410956,7.163590241286329,0.32857142857142857
laliga2,2022,cdlugo,1515.3801774421597,1509.9311014118223,1512.6679209041645,5.449076030337437,0.212987012987013
laliga2,2022,cdmirandes,1513.736942164954,1511.9548939575666,1512.9558848334584,1.7820482073873336,-0.10389610389610389
laliga2,2022,cdtenerife,1506.7447923865489,1514.1991886882718,1511.1529834240425,-7.454396301722909,-0.14415584415584418
laliga2,2022,deportivoalaves,1504.740398820637,1509.6280442890402,1518.640382156516,-4.887645468403207,-0.22077922077922077
laliga2,2022,fcandorra,1517.2747727673936,1507.3686536104817,1510.8871914929837,9.906119156911927,0.21168831168831168
laliga2,2022,fccartagena,1518.1975204350294,1501.2613361658166,1515.2870216245954,16.936184269212845,0.34935064935064936
laliga2,2022,granadacf,1509.6916717683218,1510.3939071498642,1507.800772799776,-0.702235381542323,-0.04935064935064935
laliga2,2022,levanteud,1506.656837670748,1512.8224750965437,1511.9043813223452,-6.165637425795694,0.016883116883116882
laliga2,2022,malagacf,1514.2449995446882,1508.5852754254945,1516.8572793439419,5.659724119193697,-0.10259740259740259
laliga2,2022,racingsantander,1520.3334542329653,1512.68907523557,1503.9645238533572,7.644378997395279,0.40389610389610386
laliga2,2022,realoviedo,1502.6796321371764,1514.1839468690916,1510.7095406237854,-11.504314731915201,-0.1753246753246753
laliga2,2022,realsportingdegijon,1513.657758154792,1518.1929185174686,1508.1617984432094,-4.535160362676606,-0.3506493506493506
laliga2,2022,realzaragoza,1515.4857926664483,1520.9023113312735,1496.5372081345013,-5.416518664825162,0.11948051948051949
laliga2,2022,sdeibar,1500.841965495582,1514.1395943492867,1510.4678286506276,-13.297628853704737,-0.12857142857142856
laliga2,2022,sdhuesca,1511.9183282722115,1507.2360241416093,1515.5965466875161,4.682304130602233,0.031168831168831172
laliga2,2022,sdponferradina,1515.678610960829,1509.0926156073322,1510.178183312762,6.585995353496855,0.22857142857142856
laliga2,2022,udibiza,1520.1417184740385,1505.0567944963113,1512.152188698505,15.084923977727158,0.3077922077922078
laliga2,2022,udlaspalmas,1501.5641387946412,1517.1551285873104,1508.738891693666,-15.590989792669234,-0.22987012987012984
laliga2,2022,villarrealcfb,1510.1383455742432,1511.995437261977,1513.6232493865662,-1.8570916877338277,-0.2311688311688312
laliga2,2023,adalcorcon,1514.299789157416,1510.2526544315567,1507.4789213614422,4.047134725859223,0.01818772424602522
laliga2,2023,albacetebalompie,1506.0412053198233,1505.8783411391378,1505.1311444450766,0.16286418068557396,0.10003248335313869
laliga2,2023,burgoscf,1518.6083171008156,1504.8999180911865,1503.619295428034,13.708399009629147,0.35011369173598544
laliga2,2023,cdeldense,1507.6289840070035,1508.6292967832057,1507.7250593136007,-1.000312776202236,-0.0025974025974025974
laliga2,2023,cdleganes,1502.1143936951132,1504.5886734382082,1518.1628724157472,-2.4742797430949395,-0.07859695120603755
laliga2,2023,cdmirandes,1507.692788350172,1509.7767355934814,1507.6569028708848,-2.083947243309467,-0.2877557800353276
laliga2,2023,cdtenerife,1518.1726828637445,1511.7883174459862,1490.568927700802,6.384365417758318,0.3734979086237321
laliga2,2023,elchecf,1514.8623888828874,1503.3584034442088,1505.846786653888,11.503985438678683,0.13186100078368285
laliga2,2023,fcandorra,1509.7341535315425,1510.2544122949346,1501.7797745727507,-0.5202587633921212,-0.1292627544628221
laliga2,2023,fccartagena,1507.6850647968874,1511.3319538422795,1505.281946428679,-3.646889045392072,0.3182851743054413
laliga2,2023,levanteud,1499.2073632925385,1500.5469765365385,1514.7665809945254,-1.3396132440000201,-0.29620008057812497
laliga2,2023,racingferrol,1505.1150136911845,1503.3228876878297,1515.5968660746043,1.7921260033547242,-0.24553427732134045
laliga2,2023,racingsantander,1501.008720237652,1501.0683509220019,1520.9362312497967,-0.059630684349940566,0.0
laliga2,2023,rcdespanyol,1513.4880467151522,1504.8722175445612,1505.6230758440968,8.615829170591041,0.16493506493506493
laliga2,2023,realoviedo,1507.2186354487294,1509.6970929599847,1501.9495917318238,-2.4784575112553284,0.20266321302713813
laliga2,2023,realsportingdegijon,1510.280183071898,1505.6807768603887,1510.8424206177242,4.5994062115091765,0.04546931061506304
laliga2,2023,realvalladolidcf,1506.2070577925726,1504.389185569102,1504.2717653490731,1.8178722234706584,-0.03637544849205044
laliga2,2023,realzaragoza,1505.175184057803,1513.236805683553,1504.093893174148,-8.061621625749922,-0.046118872195278236
laliga2,2023,sdamorebieta,1513.3897867651851,1507.3176062226323,1506.0218865309914,6.072180542552815,0.28385841055403643
laliga2,2023,sdeibar,1503.0611775740622,1507.2842951522991,1504.865083580542,-4.223117578236952,-0.025332901628392267
laliga2,2023,sdhuesca,1501.3034803970731,1517.1331226821671,1506.0735129672187,-15.829642285093996,-0.41117248027621295
laliga2,2023,villarrealcfb,1495.5889639774136,1511.2973902156532,1520.8688076069918,-15.708426238239554,-0.43000976610245334
laliga2,2024,albacetebalompie,1510.8658619229357,1503.2262638888637,1509.5011829068967,7.639598034071923,-0.016883116883116882
laliga2,2024,burgoscf,1506.6003510002527,1503.5154203446584,1515.2101240332754,3.084930655594235,-0.212987012987013
laliga2,2024,cadizcf,1505.369399984666,1511.6777575613607,1505.879494585634,-6.308357576694789,-0.1935064935064935
laliga2,2024,cdcastellon,1513.5288273959839,1507.837300491186,1503.882111472165,5.691526904797911,0.48181818181818176
laliga2,2024,cdeldense,1516.5128416473672,1500.6076180859948,1510.8057620175339,15.905223561372395,0.3987012987012987
laliga2,2024,cdmirandes,1506.4010515828593,1508.9725884685524,1512.221878279764,-2.571536885693149,-0.5168831168831168
laliga2,2024,cdtenerife,1511.1961780768531,1517.782436963537,1495.5224873507152,-6.586258886683936,0.17272727272727273
laliga2,2024,cordobacf,1502.3434691250804,1511.1810108628067,1515.5606179723145,-8.83754173772627,-0.5779220779220778
laliga2,2024,elchecf,1506.8954242002553,1506.9521306930376,1511.6906588809775,-0.05670649278226847,-0.3064935064935065
laliga2,2024,fccartagena,1500.946952914974,1513.830958772594,1510.7117963051735,-12.884005857619968,-0.2753246753246753
laliga2,2024,granadacf,1495.9758629438854,1509.4382568930766,1511.7375995378177,-13.46239394919121,-0.44155844155844154
laliga2,2024,levanteud,1514.8103737800186,1505.6992690444874,1499.706280495982,9.111104735531171,0.374025974025974
laliga2,2024,malagacf,1507.8517835310774,1511.1343305028756,1508.8560077576676,-3.282546971798183,-0.1883116883116883
laliga2,2024,racingferrol,1506.1775311541276,1513.2160996162634,1505.8196177741556,-7.0385684621358,-0.21818181818181817
laliga2,2024,racingsantander,1512.482077062484,1509.2245548807302,1500.4160521122615,3.2575221817537567,0.5558441558441559
laliga2,2024,rcdeportivodecorunha,1508.2944404034388,1505.9082619254852,1508.4683326132713,2.3861784779535355,-0.014285714285714285
laliga2,2024,realoviedo,1509.8400548201519,1507.3554751437957,1502.909565717636,2.484579676356134,0.3155844155844156
laliga2,2024,realsportingdegijon,1511.415384294885,1496.246357090419,1514.913862331508,15.16902720446592,0.38051948051948054
laliga2,2024,realzaragoza,1508.7369305325847,1509.3547908706346,1508.5321308420334,-0.6178603380499226,-0.17142857142857143
laliga2,2024,sdeibar,1508.742343204824,1506.007703749376,1502.3833382911757,2.7346394554479048,0.37922077922077924
laliga2,2024,sdhuesca,1504.357215736411,1508.9716296913182,1512.9262183051371,-4.61441395490715,-0.312987012987013
laliga2,2024,udalmeria,1509.8754719080341,1507.1351481079835,1502.2295417376274,2.7403238000506462,0.27662337662337666
ligaportugal,2004,academicadecoimbra,1500.0,1500.0,1500.0,0.0,
ligaportugal,2004,boavistafc,1500.0,1500.0,1500.0,0.0,
ligaportugal,2004,cdnacional,1500.0,1500.0,1500.0,0.0,
ligaportugal,2004,cfosbelenenses,1500.0,1500.0,1500.0,0.0,
ligaportugal,2004,clubsportmaritimo,1500.0,1500.0,1500.0,0.0,
ligaportugal,2004,fcporto,1500.0,1500.0,1500.0,0.0,
ligaportugal,2004,futebolclubepenafiel,1500.0,1500.0,1500.0,0.0,
ligaportugal,2004,gdestorilpraia,1500.0,1500.0,1500.0,0.0,
ligaportugal,2004,gilvicentefutebolclube,1500.0,1500.0,1500.0,0.0,
ligaportugal,2004,moreirensefutebolclube,1500.0,1500.0,1500.0,0.0,
ligaportugal,2004,rioavefutebolclube,1500.0,1500.0,1500.0,0.0,
ligaportugal,2004,scbeiramar,1500.0,1500.0,1500.0,0.0,
ligaportugal,2004,scbraga,1500.0,1500.0,1500.0,0.0,
ligaportugal,2004,slbenfica,1500.0,1500.0,1500.0,0.0,
ligaportugal,2004,sportingcp,1500.0,1500.0,1500.0,0.0,
ligaportugal,2004,udleiria,1500.0,1500.0,1500.0,0.0,
ligaportugal,2004,vitoriafutebolclube,1500.0,1500.0,1500.0,0.0,
ligaportugal,2004,vitoriasportclube,1500.0,1500.0,1500.0,0.0,
ligaportugal,2005,academicadecoimbra,1508.8267017276098,1510.2910660117632,1506.9568140820745,-1.464364284153362,-0.1916467701195279
ligaportugal,2005,boavistafc,1501.6883913220859,1513.0356978852144,1508.6540427540494,-11.34730656312854,-0.22358789847278254
ligaportugal,2005,cdnacional,1506.438320233431,1514.5326845480843,1507.330567873534,-8.094364314653149,-0.33906736251916475
ligaportugal,2005,cfosbelenenses,1513.0077084463164,1504.604404914841,1507.6032327918088,8.40330353147533,0.28009912555931
ligaportugal,2005,clubefutebolestreladaamadora,1511.5006683144145,1503.4428314803092,1509.730169421454,8.057836834105274,0.3801349580222765
ligaportugal,2005,clubsportmaritimo,1510.2065426056363,1508.6797826153909,1503.2711078048417,1.5267599902454094,0.04176916784656377
ligaportugal,2005,fcpacosdeferreira,1502.5027822254458,1516.302478272489,1504.6993499189537,-13.799696047043199,-0.5702024370334147
ligaportugal,2005,fcporto,1505.7333451462735,1503.9335841110349,1505.8744176186692,1.799761035238589,0.18181873062621878
ligaportugal,2005,futebolclubepenafiel,1508.4244237916835,1503.2195323133592,1515.0688827227498,5.204891478324271,0.04176916784656377
ligaportugal,2005,gilvicentefutebolclube,1505.5369071392759,1509.764568580501,1511.2889390690418,-4.227661441225109,-0.08353833569312755
ligaportugal,2005,naval1odemaio,1514.5452365827032,1503.4754205151405,1506.6500494788042,11.06981606756267,0.5432251174318338
ligaportugal,2005,rioavefutebolclube,1513.5614183077944,1504.5948209300993,1504.6090889298619,8.966597377695052,0.36855148099909213
ligaportugal,2005,scbraga,1510.979327936427,1505.0930303365392,1502.291052980073,5.886297599887712,0.044226177719891055
ligaportugal,2005,slbenfica,1509.518440176081,1508.4636353733868,1495.610797325686,1.054804802694207,-0.09090936531310939
ligaportugal,2005,sportingcp,1496.9861740193192,1505.3105857780722,1514.3335073373303,-8.324411758753058,-0.24324397745940082
ligaportugal,2005,udleiria,1507.7343456696537,1507.7407360145007,1514.2514964298236,-0.006390344846977314,-0.054054217213200174
ligaportugal,2005,vitoriafutebolclube,1505.7482421114016,1510.5688757935886,1509.563576973223,-4.820633682187008,-0.218673878726128
ligaportugal,2005,vitoriasportclube,1504.487620673581,1504.3728609548186,1509.6395029171547,0.11475971876234325,0.13267853315967318
ligaportugal,2006,academicadecoimbra,1507.8685644315992,1532.548915262804,1515.5294939750809,-24.680350831204805,-0.6142857142857142
ligaportugal,2006,boavistafc,1509.4571944988104,1512.310627293664,1525.8559307140026,-2.8534327948536884,-0.10714285714285714
ligaportugal,2006,cdnacional,1512.1490364385888,1509.7655178080006,1528.5836316714726,2.3835186305882416,0.049999999999999996
ligaportugal,2006,cfosbelenenses,1508.2219719913455,1524.3663732301447,1524.0654435674865,-16.14440123879922,-0.6249999999999999
ligaportugal,2006,clubedesportivodasaves2020,1515.2940592167022,1505.5602857426143,1530.4760713321975,9.733773474087911,-0.07142857142857141
ligaportugal,2006,clubefutebolestreladaamadora,1523.3792486903992,1513.3833703219352,1513.7601210931857,9.995878368463991,0.1607142857142857
ligaportugal,2006,clubsportmaritimo,1520.972889356814,1523.9119406401933,1503.804306409058,-2.9390512833792855,0.13928571428571426
ligaportugal,2006,fcpacosdeferreira,1516.7082298256403,1504.636956956661,1530.8919103604576,12.07127286897935,0.3
ligaportugal,2006,fcporto,1514.0833072573182,1514.6379955559212,1497.7541525111787,-0.5546882986029686,0.05714285714285713
ligaportugal,2006,naval1odemaio,1511.200823470334,1523.363712977079,1520.9115677053137,-12.16288950674516,-0.0964285714285714
ligaportugal,2006,scbeiramar,1532.3060809693957,1518.3277333306244,1507.6706310705829,13.97834763877131,0.20357142857142854
ligaportugal,2006,scbraga,1526.7863335574946,1509.531477511393,1507.6331296732205,17.254856046101622,-0.014285714285714282
ligaportugal,2006,slbenfica,1516.236803116789,1517.9121305214808,1499.9841682144736,-1.6753274046918705,0.38928571428571423
ligaportugal,2006,sportingcp,1516.236803116789,1513.800184777522,1501.3276243854546,2.4366183392669427,0.3607142857142856
ligaportugal,2006,udleiria,1527.305424513524,1501.665447769713,1522.2275145907997,25.639976743811076,0.3107142857142856
ligaportugal,2006,vitoriafutebolclube,1506.256460461645,1530.92941175782,1518.3652347279867,-24.672951296174915,-0.39642857142857135
ligaportugal,2007,academicadecoimbra,1522.3170907394583,1521.509679175098,1524.4788648718663,0.8074115643603363,0.27499999999999997
ligaportugal,2007,boavistafc,1516.2306357031985,1535.2368084084765,1507.1593238019875,-19.006172705278004,-0.1714285714285714
ligaportugal,2007,cdnacional,1518.0064042531026,1524.5307038236444,1516.340533497281,-6.524299570541871,-0.25357142857142856
ligaportugal,2007,cfosbelenenses,1521.932676512795,1513.27329161043,1517.5371896771007,8.659384902364991,0.1857142857142857
ligaportugal,2007,clubefutebolestreladaamadora,1521.4634619367935,1513.9174359752851,1523.8121261860442,7.546025961508349,0.04285714285714285
ligaportugal,2007,clubsportmaritimo,1515.8713189212795,1520.5871930371459,1527.5807071836894,-4.715874115866427,-0.12857142857142856
ligaportugal,2007,fcpacosdeferreira,1511.977926779744,1523.1852203479953,1520.1508585793015,-11.207293568251316,-0.2714285714285714
ligaportugal,2007,fcporto,1514.5202736448193,1497.8446903173867,1519.476698872642,16.675583327432605,0.4535714285714285
ligaportugal,2007,leixoessc,1523.2681431876642,1517.5890286288789,1517.0820406054813,5.679114558785386,0.1928571428571428
ligaportugal,2007,naval1odemaio,1526.8504708008074,1525.1287123896059,1513.2905301372361,1.721758411201563,-0.11071428571428568
ligaportugal,2007,scbraga,1530.1475832723718,1501.726320920064,1515.8868579573796,28.42126235230785,0.2071428571428571
ligaportugal,2007,slbenfica,1511.9987572383675,1517.1338795572594,1503.8463603594,-5.135122318891945,0.0964285714285714
ligaportugal,2007,sportingcp,1516.3264679928989,1510.7517356384876,1503.4067503238807,5.574732354411253,-0.049999999999999996
ligaportugal,2007,udleiria,1510.893465110975,1518.479512139535,1526.5718617053008,-7.58604702855996,-0.11785714285714284
ligaportugal,2007,vitoriafutebolclube,1506.8155460561686,1521.2328017024229,1540.58275215352,-14.417255646254262,-0.25357142857142856
ligaportugal,2007,vitoriasportclube,1521.0758399596784,1527.5690484384077,1512.4926061980116,-6.49320847872923,-0.0964285714285714
ligaportugal,2008,academicadecoimbra,1526.0102064378852,1533.76095731661,1498.5220329627264,-7.75075087872483,-0.11785714285714284
ligaportugal,2008,cdnacional,1495.1266010242252,1535.404857178941,1526.9559691225484,-40.27825615471579,-0.48214285714285704
ligaportugal,2008,cfosbelenenses,1516.43496079892,1508.9628114041557,1521.79121783465,7.472149394764301,-0.07142857142857141
ligaportugal,2008,clubedesportivotrofense,1500.4202024574397,1521.3569055340042,1531.8323105043598,-20.936703076564527,-0.1357142857142857
ligaportugal,2008,clubefutebolestreladaamadora,1517.6832488749437,1531.3234084398032,1508.4600548055573,-13.64015956485946,0.024999999999999998
ligaportugal,2008,clubsportmaritimo,1499.2648832263035,1527.7957614326374,1524.3244182421818,-28.53087820633391,-0.1607142857142857
ligaportugal,2008,fcpacosdeferreira,1533.634820232975,1502.8577513342468,1525.5969641394263,30.777068898728203,0.38214285714285706
ligaportugal,2008,fcporto,1511.1474667515245,1495.625145486077,1515.0802789479226,15.522321265447545,0.017857142857142853
ligaportugal,2008,leixoessc,1528.980682249024,1517.9766621074475,1514.6105745100017,11.004020141576575,0.15357142857142855
ligaportugal,2008,naval1odemaio,1531.345488106785,1524.6811987343233,1503.1713903925922,6.664289372461781,0.20357142857142854
ligaportugal,2008,rioavefutebolclube,1523.8375958446072,1510.3656435964247,1524.281276808386,13.47195224818256,0.0857142857142857
ligaportugal,2008,scbraga,1498.6176927288245,1521.1338650560735,1528.7889561687002,-22.516172327249024,-0.47142857142857136
ligaportugal,2008,slbenfica,1512.8852341247725,1502.814609900451,1519.9063039893756,10.070624224321591,-0.22499999999999998
ligaportugal,2008,sportingcp,1521.5563503205306,1486.413085732745,1526.1058662039834,35.14326458778555,0.2571428571428571
ligaportugal,2008,vitoriafutebolclube,1511.594362284522,1527.438980940496,1513.41874857344,-15.844618655974045,0.08928571428571427
ligaportugal,2008,vitoriasportclube,1535.9034016407927,1520.135448284583,1488.8046246481113,15.767953356209773,0.39642857142857135
ligaportugal,2009,academicadecoimbra,1518.7204613783304,1510.2596326497708,1514.563549480234,8.46082872855959,0.22142857142857136
ligaportugal,2009,cdnacional,1525.937666907757,1493.1130538854381,1516.9701252334546,32.82461302231877,0.34642857142857136
ligaportugal,2009,cfosbelenenses,1540.171794315548,1516.4762471145914,1495.2900310460989,23.695547200956526,0.36785714285714277
ligaportugal,2009,clubsportmaritimo,1534.4816769394486,1510.0053085171735,1500.8728286798596,24.476368422275073,0.11071428571428568
ligaportugal,2009,fcpacosdeferreira,1520.6494397877943,1497.8149321781086,1530.450446406296,22.834507609685716,0.2785714285714285
ligaportugal,2009,fcporto,1509.4232626297937,1504.1673371573502,1497.2739276690832,5.2559254724435505,0.18214285714285713
ligaportugal,2009,leixoessc,1506.4643084219563,1513.3299922398332,1524.55312335882,-6.86568381787697,-0.24642857142857136
ligaportugal,2009,naval1odemaio,1507.4115474877726,1518.6893668253583,1527.948874529577,-11.277819337585697,-0.2928571428571428
ligaportugal,2009,rioavefutebolclube,1503.6244281220208,1535.0870514263902,1512.4276428422231,-31.462623304369345,-0.4964285714285714
ligaportugal,2009,scbraga,1526.3395571638937,1492.000027901468,1514.9413481165234,34.339529262425685,0.24285714285714283
ligaportugal,2009,slbenfica,1486.6626934505325,1527.070381012723,1511.2032213217287,-40.407687562190404,-0.35
ligaportugal,2009,sportingclubeolhanense,1515.1990545154326,1515.8325218039456,1512.7971563977371,-0.6334672885129748,-0.11428571428571425
ligaportugal,2009,sportingcp,1515.621064660168,1502.3010194249764,1500.2346445442015,13.320045235191628,0.5464285714285714
ligaportugal,2009,udleiria,1493.1632058270413,1527.507928535952,1534.5378331063207,-34.344722708910695,-0.4142857142857142
ligaportugal,2009,vitoriafutebolclube,1502.2028553900013,1531.015893323034,1520.4678394459163,-28.813037933032774,-0.18214285714285713
ligaportugal,2009,vitoriasportclube,1513.0706465880862,1524.472969589464,1504.611071407503,-11.402323001377681,-0.16428571428571426
ligaportugal,2010,academicadecoimbra,1517.34906902125,1524.650522004083,1515.4163060296444,-7.301452982833098,-0.13214285714285715
ligaportugal,2010,cdnacional,1521.1687023535294,1502.6231527164487,1528.8034442414016,18.54554963708074,0.2071428571428571
ligaportugal,2010,clubsportmaritimo,1510.7832745388318,1518.4673738813626,1524.2381470228945,-7.6840993425307715,-0.2285714285714285
ligaportugal,2010,fcpacosdeferreira,1520.7718708422356,1513.8158011008481,1524.430691953277,6.9560697413874095,-0.1464285714285714
ligaportugal,2010,fcporto,1512.4555734965954,1507.9076239607787,1503.4634619762815,4.54794953581677,-0.16428571428571426
ligaportugal,2010,naval1odemaio,1520.7479214384532,1514.9480407931917,1524.3802346460197,5.79988064526151,0.25357142857142856
ligaportugal,2010,portimonensesad,1514.3238207607722,1526.4177276195335,1514.0083428336247,-12.09390685876133,0.0035714285714285704
ligaportugal,2010,rioavefutebolclube,1525.4517554247745,1515.272075292982,1521.7425662336325,10.179680131792566,0.33571428571428563
ligaportugal,2010,scbeiramar,1518.8218560385938,1525.2723247432286,1515.5583259933805,-6.450468704634886,-0.1964285714285714
ligaportugal,2010,scbraga,1511.8126053524788,1507.7186434918856,1511.4163957975532,4.093961860593254,-0.075
ligaportugal,2010,slbenfica,1527.3200026889515,1510.5955903769618,1486.197491625214,16.72441231198968,0.42499999999999993
ligaportugal,2010,sportingclubeolhanense,1521.711306641632,1527.0792878465238,1510.535823239301,-5.367981204891748,0.04285714285714285
ligaportugal,2010,sportingcp,1500.3837646753182,1511.3474536086917,1528.6902863673272,-10.963688933373533,-0.09285714285714285
ligaportugal,2010,udleiria,1513.0238041020862,1536.4187263778729,1513.312327944755,-23.394922275786712,-0.2571428571428571
ligaportugal,2010,vitoriafutebolclube,1516.2873715667163,1510.84208039191,1540.025936465844,5.445291174806243,0.014285714285714282
ligaportugal,2010,vitoriasportclube,1521.3367571274332,1520.3730318633493,1511.529673699501,0.9637252640839051,0.010714285714285713
ligaportugal,2011,academicadecoimbra,1535.957559397027,1524.8946864602353,1508.2105002480591,11.062872936791564,0.007142857142857141
ligaportugal,2011,cdfeirense,1536.6963723586439,1497.5533010268111,1526.7866210011152,39.14307133183274,0.35
ligaportugal,2011,cdnacional,1530.8879870942699,1518.9689227112356,1508.2801204829932,11.91906438303431,0.36428571428571427
ligaportugal,2011,clubsportmaritimo,1498.445529613251,1526.6591525353444,1537.7160694108547,-28.213622922093464,-0.175
ligaportugal,2011,fcpacosdeferreira,1530.3144801929673,1528.8728964095185,1500.5161160901919,1.4415837834487775,-0.017857142857142853
ligaportugal,2011,fcporto,1503.1779037355607,1515.5740639219332,1501.5665268861867,-12.396160186372526,-0.07857142857142857
ligaportugal,2011,gilvicentefutebolclube,1532.493589532136,1497.9512204108833,1531.5044069462815,34.542369121252705,0.2178571428571428
ligaportugal,2011,rioavefutebolclube,1498.1834430031656,1526.6338518274329,1537.7458165865037,-28.450408824267242,-0.43214285714285705
ligaportugal,2011,scbeiramar,1512.3131690291923,1533.9195511631178,1520.7146492507813,-21.606382133925536,-0.1714285714285714
ligaportugal,2011,scbraga,1502.895225626221,1528.2784514440943,1517.4870160709536,-25.38322581787338,-0.1857142857142857
ligaportugal,2011,slbenfica,1520.1152932188468,1520.091784809547,1495.7706699814569,0.0235084092996658,0.3071428571428571
ligaportugal,2011,sportingclubeolhanense,1533.564297537077,1531.1258100331052,1500.4249064950127,2.438487503971828,0.05357142857142857
ligaportugal,2011,sportingcp,1488.6010497275743,1531.0975632720224,1530.5282462997825,-42.496513544448135,-0.44999999999999996
ligaportugal,2011,udleiria,1519.2009078285105,1520.4761872773092,1527.6038970374284,-1.2752794487987558,-0.38928571428571423
ligaportugal,2011,vitoriafutebolclube,1522.3884743356539,1511.0530939472887,1533.1010276585716,11.335380388365138,0.049999999999999996
ligaportugal,2011,vitoriasportclube,1539.9461897027536,1492.0309346829715,1527.2248814866782,47.91525501978208,0.532142857142857
ligaportugal,2012,academicadecoimbra,1535.7097384587246,1532.7263035646956,1513.5491724375559,2.98343489402896,-0.024999999999999998
ligaportugal,2012,cdnacional,1497.8092361415986,1525.3200717142333,1543.1660924757418,-27.510835572634733,-0.25
ligaportugal,2012,clubsportmaritimo,1519.1152336527289,1536.1268459955502,1510.995477431531,-17.01161234282131,-0.15357142857142855
ligaportugal,2012,fcpacosdeferreira,1516.7156439277576,1513.2833866322883,1545.7025082234265,3.4322572954692987,-0.04642857142857142
ligaportugal,2012,fcporto,1506.2189213153445,1524.8131625157494,1501.5824518272589,-18.594241200404895,-0.09999999999999999
ligaportugal,2012,gdestorilpraia,1525.5330671458053,1524.796469770644,1523.5122947864452,0.7365973751611818,0.09999999999999999
ligaportugal,2012,gilvicentefutebolclube,1545.4268105380202,1511.486134055536,1518.7486429403516,33.94067648248415,0.47857142857142854
ligaportugal,2012,moreirensefutebolclube,1503.2596024746624,1540.465763137095,1529.149092064105,-37.206160662432694,-0.28928571428571426
ligaportugal,2012,rioavefutebolclube,1546.3566640783092,1504.7289476926785,1529.0492116627458,41.62771638563072,0.38928571428571423
ligaportugal,2012,scbeiramar,1536.393097715399,1522.2773956807148,1523.84722450456,14.115702034684318,-0.035714285714285705
ligaportugal,2012,scbraga,1534.7798849184355,1522.4050613139277,1496.908140740343,12.37482360450781,0.0035714285714285704
ligaportugal,2012,slbenfica,1492.2215956926339,1521.513575365078,1530.7469604308576,-29.291979672444086,-0.3142857142857143
ligaportugal,2012,sportingclubeolhanense,1527.9229900112814,1523.0117986513928,1519.8820477934564,4.911191359888562,-0.13214285714285715
ligaportugal,2012,sportingcp,1517.103151370099,1529.4354876346633,1508.575712465518,-12.33233626456422,0.10714285714285714
ligaportugal,2012,vitoriafutebolclube,1517.9394525818252,1530.1217262018567,1533.1302735996785,-12.182273620031538,-0.10714285714285714
ligaportugal,2012,vitoriasportclube,1538.2165836678773,1498.2095437643984,1532.1763703069269,40.007039903478926,0.3714285714285714
ligaportugal,2013,academicadecoimbra,1520.013753184393,1540.3606863635691,1522.6484121704948,-20.346933179176176,-0.1607142857142857
ligaportugal,2013,cdnacional,1535.384330726713,1538.4819558298973,1494.5055828398456,-3.0976251031843276,-0.028571428571428564
ligaportugal,2013,cfosbelenenses,1536.8484687169832,1534.5792165920743,1506.667288945597,2.269252124908917,-0.014285714285714282
ligaportugal,2013,clubsportmaritimo,1532.0025526023594,1510.7744866902624,1527.2051706768104,21.22806591209701,0.1857142857142857
ligaportugal,2013,fcarouca,1525.422460381787,1520.8357978001075,1526.6833880933302,4.586662581679548,0.3107142857142856
ligaportugal,2013,fcpacosdeferreira,1526.5975497044803,1497.782559875564,1537.387704900057,28.814989828916396,0.2321428571428571
ligaportugal,2013,fcporto,1501.8310740008462,1519.3282667993656,1510.1476291357158,-17.497192798519336,-0.21071428571428572
ligaportugal,2013,gdestorilpraia,1531.2615528194215,1509.5363919545698,1527.014217070618,21.72516086485166,0.15714285714285714
ligaportugal,2013,gilvicentefutebolclube,1535.3200836419533,1507.4306307726588,1542.5176422356972,27.889452869294473,0.06428571428571428
ligaportugal,2013,rioavefutebolclube,1496.0319023090901,1540.9564570701036,1537.0808837274901,-44.924554761013496,-0.5035714285714286
ligaportugal,2013,scbraga,1518.685414671707,1530.7511191216818,1510.8889823211994,-12.065704449974874,0.03214285714285714
ligaportugal,2013,slbenfica,1510.2413392691733,1512.2177524762863,1515.3782336981014,-1.9764132071129552,0.0857142857142857
ligaportugal,2013,sportingclubeolhanense,1503.9332741888552,1534.2033262838047,1543.671872585938,-30.270052094949506,-0.021428571428571425
ligaportugal,2013,sportingcp,1529.7331677443913,1523.9153492325888,1509.210873261796,5.817818511802443,-0.11785714285714284
ligaportugal,2013,vitoriafutebolclube,1526.942528225006,1515.5369488785063,1544.7477749909626,11.405579346499735,0.0857142857142857
ligaportugal,2013,vitoriasportclube,1534.4587791889633,1528.0172856350832,1508.9525747224695,6.441493553880036,-0.0964285714285714
ligaportugal,2014,academicadecoimbra,1529.2807575075428,1510.2486801153661,1515.4866627754716,19.03207739217669,0.37990196078431376
ligaportugal,2014,boavistafc,1513.6025807039434,1500.6964209887728,1538.7073426172517,12.906159715170588,-0.004901960784313726
ligaportugal,2014,cdnacional,1517.5949257975817,1522.6669477103296,1504.2742450181393,-5.072021912747914,-0.21568627450980393
ligaportugal,2014,cfosbelenenses,1508.5051383334642,1516.1794035918003,1533.0091850731114,-7.674265258336163,0.17647058823529413
ligaportugal,2014,clubsportmaritimo,1503.0384409242731,1520.6756877277087,1524.2607747477807,-17.637246803435573,-0.2524509803921569
ligaportugal,2014,fcarouca,1535.4373425421838,1509.9150177853999,1511.2562130499934,25.522324756783973,0.4754901960784314
ligaportugal,2014,fcpacosdeferreira,1534.7681091839922,1507.8174536675767,1515.780900562012,26.95065551641551,0.17892156862745098
ligaportugal,2014,fcporto,1508.9845627130608,1519.0731686572215,1498.3315420801866,-10.08860594416069,0.07843137254901962
ligaportugal,2014,futebolclubepenafiel,1503.8097776696932,1532.1937095236146,1516.0659466697616,-28.383931853921467,-0.35539215686274517
ligaportugal,2014,gdestorilpraia,1515.137078885598,1520.5098669656174,1503.3182700836326,-5.372788080019518,-0.04166666666666667
ligaportugal,2014,gilvicentefutebolclube,1510.410389758078,1523.558623969824,1526.3780591046611,-13.148234211746058,-0.06617647058823531
ligaportugal,2014,moreirensefutebolclube,1519.8427761457656,1499.4186802472634,1540.424296639298,20.424095898502173,0.21568627450980393
ligaportugal,2014,rioavefutebolclube,1530.1619951428283,1527.0475599717322,1498.4749068703875,3.1144351710961473,0.02696078431372549
ligaportugal,2014,scbraga,1523.0846010772593,1519.8734397030166,1506.4209147627116,3.2111613742426925,0.022058823529411766
ligaportugal,2014,slbenfica,1506.9526674911833,1506.8534548311054,1506.0850845321118,0.09921266007791019,0.004901960784313726
ligaportugal,2014,sportingcp,1511.8662543733756,1510.538320043781,1509.4691605036205,1.3279343295946546,-0.09558823529411767
ligaportugal,2014,vitoriafutebolclube,1513.5427385048094,1519.2122134168774,1520.7901602054872,-5.669474912067926,-0.19117647058823534
ligaportugal,2014,vitoriasportclube,1505.990702094302,1525.5321899319276,1523.4771735533163,-19.54148783762571,-0.3357843137254902
ligaportugal,2015,academicadecoimbra,1502.8852238616275,1528.8675424437904,1542.458420612391,-25.98231858216286,-0.18884123721106635
ligaportugal,2015,boavistafc,1528.9048356223334,1540.1856904221643,1503.6307128402805,-11.280854799830877,-0.15941143400934174
ligaportugal,2015,cdnacional,1506.1134005194056,1517.6611529121037,1538.5531954385237,-11.547752392698158,-0.1459227742085513
ligaportugal,2015,cfosbelenenses,1542.8794914595965,1515.203529697559,1508.6510736784614,27.67596176203756,0.0760269916044553
ligaportugal,2015,cfuniaodamadeira2021,1513.035182785336,1533.4545005357775,1519.5949082291297,-20.41931775044145,0.11274509803921569
ligaportugal,2015,clubedesportivotondela,1540.986440314647,1517.2870821268605,1509.280834418637,23.69935818778663,0.31127450980392163
ligaportugal,2015,clubsportmaritimo,1508.1082258006152,1518.485537904915,1539.47332752727,-10.37731210429979,-0.047823430202802525
ligaportugal,2015,fcarouca,1538.296582751187,1509.5514670999157,1532.8146597649938,28.745115651271362,0.04291846300251508
ligaportugal,2015,fcpacosdeferreira,1520.8001512821284,1532.8245387982533,1512.407075479284,-12.024387516124989,-0.07725323340452715
ligaportugal,2015,fcporto,1511.9548701388667,1504.4651728920246,1522.1902232407376,7.48969724684207,0.20968734781228798
ligaportugal,2015,gdestorilpraia,1537.0199526577474,1499.6424962233068,1529.975379897609,37.377456434440546,0.27099943781588093
ligaportugal,2015,moreirensefutebolclube,1517.3628066633266,1521.784180593392,1530.668591147881,-4.421373930065329,-0.13366035620783268
ligaportugal,2015,rioavefutebolclube,1507.5923380767156,1521.5178765963662,1539.603108813159,-13.925538519650672,-0.0760269916044553
ligaportugal,2015,scbraga,1528.3969169119139,1528.4270241207753,1502.9137221385436,-0.030107208861409163,0.13366035620783268
ligaportugal,2015,slbenfica,1518.4131087328622,1507.9838928555375,1508.8614047880326,10.429215877324623,-0.08951565140524576
ligaportugal,2015,sportingcp,1508.853148041523,1521.4366557582207,1510.5818079158134,-12.583507716697795,-0.1459227742085513
ligaportugal,2015,vitoriafutebolclube,1506.131407562003,1541.3043981391093,1528.4430130891888,-35.17299057710625,-0.43776832262565385
ligaportugal,2015,vitoriasportclube,1522.0327735422363,1520.1097646741528,1520.5166918444431,1.9230088680835706,0.1851625118108508
ligaportugal,2016,boavistafc,1531.076441686585,1531.7163588503445,1514.533641375415,-0.6399171637594918,0.11519607843137256
ligaportugal,2016,cdfeirense,1508.7253781852598,1540.6681274680984,1522.7068973560147,-31.942749282838577,-0.3308823529411765
ligaportugal,2016,cdnacional,1546.7385274149688,1518.888496148217,1507.3628053490793,27.850031266751785,0.37254901960784315
ligaportugal,2016,cfosbelenenses,1521.6204984579244,1546.9397023375352,1500.7189347016597,-25.319203879610768,-0.41666666666666674
ligaportugal,2016,clubedesportivotondela,1541.7703369782678,1510.3621591200408,1525.9122288999324,31.408177858226964,0.17892156862745098
ligaportugal,2016,clubsportmaritimo,1508.6417750267997,1523.2276109978166,1545.703549880989,-14.585835971016877,-0.20098039215686278
ligaportugal,2016,fcarouca,1538.2201317085228,1524.6555822280045,1502.5481714876055,13.56454948051828,-0.09803921568627452
ligaportugal,2016,fcpacosdeferreira,1526.9739410790105,1523.5952786265068,1516.7924769269312,3.378662452503704,0.03186274509803922
ligaportugal,2016,fcporto,1525.2584795023113,1507.4522015152736,1515.2814878162942,17.806277987037674,0.13725490196078433
ligaportugal,2016,gdchaves,1507.4371460803077,1544.1276770351105,1517.1470922908186,-36.69053095480285,-0.4387254901960785
ligaportugal,2016,gdestorilpraia,1524.6512046790124,1518.677152265217,1524.8914484201896,5.974052413795334,0.19607843137254904
ligaportugal,2016,moreirensefutebolclube,1520.7234213554175,1522.1746135801338,1532.6877739663357,-1.4511922247163511,-0.24264705882352944
ligaportugal,2016,rioavefutebolclube,1518.8123065279499,1505.8362490808197,1544.6555448766276,12.976057447130188,0.13970588235294118
ligaportugal,2016,scbraga,1507.7477550842384,1513.1536874128221,1540.777249853272,-5.405932328583731,0.09313725490196079
ligaportugal,2016,slbenfica,1506.1379491659077,1519.580893518726,1509.0032450618592,-13.442944352818358,-0.11764705882352941
ligaportugal,2016,sportingcp,1505.098620691007,1509.7029402994303,1523.80676512352,-4.604319608423339,0.012254901960784315
ligaportugal,2016,vitoriafutebolclube,1532.7760661644577,1519.218094741339,1531.8626436444536,13.557971423118715,0.41666666666666674
ligaportugal,2016,vitoriasportclube,1527.5693934639087,1520.0025480264223,1523.5874162208602,7.566845437486336,0.16911764705882354
ligaportugal,2017,boavistafc,1531.3655703113538,1528.2240250591665,1514.5632673393918,3.1415452521873704,0.18627450980392157
ligaportugal,2017,cdfeirense,1519.3187093518916,1530.0718378610911,1519.318192542562,-10.753128509199541,-0.4264705882352942
ligaportugal,2017,cfosbelenenses,1529.0035971322914,1523.0346910911442,1527.5663511339924,5.968906041147193,0.10784313725490197
ligaportugal,2017,clubedesportivodasaves2020,1531.9870850948455,1524.5881002989945,1517.5745388630783,7.398984795850993,0.31617647058823534
ligaportugal,2017,clubedesportivotondela,1522.7136704270329,1528.4472572859297,1529.4264119162806,-5.733586858896842,0.03431372549019608
ligaportugal,2017,clubsportmaritimo,1512.9046223434227,1536.5315568414055,1520.13796099328,-23.626934497982802,-0.2303921568627451
ligaportugal,2017,fcpacosdeferreira,1525.464997886576,1531.1647941129095,1518.5451071987584,-5.699796226333547,0.06372549019607844
ligaportugal,2017,fcporto,1503.2615287509602,1525.7552853091568,1518.0623858096476,-22.493756558196537,-0.35539215686274517
ligaportugal,2017,gdchaves,1540.8063209735467,1505.6902882546217,1532.337490335424,35.116032718925,0.1985294117647059
ligaportugal,2017,gdestorilpraia,1523.1544789503082,1527.9088272666595,1523.5872991417898,-4.754348316351297,0.07843137254901962
ligaportugal,2017,moreirensefutebolclube,1515.9001633283415,1531.556278172521,1531.613705156747,-15.656114844179456,-0.35294117647058826
ligaportugal,2017,portimonensesad,1536.2551757149645,1513.9587433556817,1525.7320571212774,22.29643235928279,0.45098039215686275
ligaportugal,2017,rioavefutebolclube,1537.078070917866,1519.7150970344012,1513.6887505035506,17.362973883464747,0.15441176470588236
ligaportugal,2017,scbraga,1533.625637525964,1508.783656849692,1525.9315764319704,24.841980676271987,0.11519607843137256
ligaportugal,2017,slbenfica,1506.8528546941752,1519.2003472643567,1513.5189164652074,-12.34749257018143,0.01715686274509804
ligaportugal,2017,sportingcp,1511.8646030203986,1521.4041031096713,1515.5869681726233,-9.539500089272678,-0.17401960784313728
ligaportugal,2017,vitoriafutebolclube,1508.8020430007286,1531.4493167217136,1541.6809920821092,-22.647273720984913,-0.21078431372549022
ligaportugal,2017,vitoriasportclube,1526.6559046060074,1522.0729095574616,1514.460792187453,4.582995048545854,0.02696078431372549
ligaportugal,2018,boavistafc,1540.3553164951,1521.251184203529,1504.663519921493,19.104132291570977,0.12752914720747338
ligaportugal,2018,bsad,1526.5463376840037,1525.3564205212115,1514.2978787808765,1.1899171627921987,0.014705882352941176
ligaportugal,2018,cdfeirense,1531.9794169729635,1525.3975652392971,1516.2060137413757,6.581851733666326,0.10177806940596434
ligaportugal,2018,cdnacional,1508.43163310932,1524.2195576040642,1545.0172574680626,-15.787924494744175,-0.3396689786199051
ligaportugal,2018,clubedesportivodasaves2020,1514.6684944910028,1516.128611892139,1542.4754333089832,-1.4601174011361309,0.024524836001437192
ligaportugal,2018,clubedesportivosantaclara,1516.2060137413757,1521.8309329802398,1528.4841891318372,-5.624919238864095,0.14215686274509806
ligaportugal,2018,clubedesportivotondela,1512.0585426361283,1538.3100797158247,1519.915118938192,-26.25153707969639,-0.27958313041638394
ligaportugal,2018,clubsportmaritimo,1515.9523303418673,1530.9101568183814,1516.8814581445179,-14.957826476514128,0.0882894096051739
ligaportugal,2018,fcporto,1513.2379398592564,1522.715361181985,1496.9191508834408,-9.47742132272856,-0.06008584820352112
ligaportugal,2018,gdchaves,1554.0614105681564,1507.547660314531,1504.7396187754102,46.5137502536254,0.6854691662401695
ligaportugal,2018,moreirensefutebolclube,1538.275086794665,1515.2742016691536,1522.0122410517738,23.00088512551133,-0.07234826620423972
ligaportugal,2018,portimonensesad,1501.005936779629,1530.420001768481,1538.8124504219254,-29.414064988851806,-0.10055182760589249
ligaportugal,2018,rioavefutebolclube,1507.4535164351191,1536.5856073453917,1517.264975144079,-29.13209091027261,-0.08583692600503016
ligaportugal,2018,scbraga,1515.9523303418673,1517.7418417235594,1513.9573113095407,-1.7895113816921366,-0.14469653240847943
ligaportugal,2018,slbenfica,1512.1591763160527,1511.8646487339329,1511.1543588479233,0.29452758211982655,0.006131209000359298
ligaportugal,2018,sportingcp,1515.0658660563408,1506.7818485095238,1519.3600691451795,8.28401754681704,-0.16186391760948546
ligaportugal,2018,vitoriafutebolclube,1521.8684010233012,1515.806032605278,1538.0268046990832,6.062368418023198,-0.2060086224120724
ligaportugal,2018,vitoriasportclube,1531.503964037961,1508.6400008575874,1526.5938639704154,22.863963180373503,0.25996326161523425
ligaportugal,2021,boavistafc,1530.6833865350375,1542.8515412152235,1498.2287030014536,-12.168154680186035,-0.19987741341171308
ligaportugal,2021,bsad,1518.5059738669627,1508.1808511408337,1550.6027867577498,10.325122726128939,0.11036176200646736
ligaportugal,2021,clubedesportivosantaclara,1534.9982559215853,1523.7126893221705,1516.8422220977895,11.285566599414778,-0.0453709466026588
ligaportugal,2021,clubedesportivotondela,1532.226959485826,1527.6326605208876,1521.187365667324,4.594298964938389,0.040465979402371365
ligaportugal,2021,clubsportmaritimo,1528.2743169815412,1519.3698980484542,1531.3981271228558,8.904418933087072,0.14469653240847943
ligaportugal,2021,fcarouca,1535.8381836440333,1509.6326105861065,1535.1411796656123,26.205573057926813,0.1753525774102759
ligaportugal,2021,fcfamalicao,1521.3649250453107,1512.93647825438,1541.4630879495473,8.428446790930593,-0.056372549019607844
ligaportugal,2021,fcpacosdeferreira,1529.7957136388497,1536.01361982202,1514.6589171214075,-6.217906183170271,-0.03556101220208392
ligaportugal,2021,fcporto,1499.11652782415,1512.0406056404097,1529.9626993781392,-12.924077816259796,-0.13366035620783268
ligaportugal,2021,futebolclubedevizela,1517.9323341157142,1526.3742369855506,1530.236305717867,-8.44190286983644,-0.07107843137254903
ligaportugal,2021,gdestorilpraia,1517.364268494216,1546.426114767263,1515.4349709794124,-29.061846273046967,-0.3899448924228513
ligaportugal,2021,gilvicentefutebolclube,1532.8676141454584,1523.1822929788534,1523.4784493193802,9.685321166605036,0.16186391760948546
ligaportugal,2021,moreirensefutebolclube,1549.5782965461528,1512.2999345456576,1514.0525756585737,37.278362000495235,0.4855917528284564
ligaportugal,2021,portimonensesad,1515.4278999596108,1543.7075153612986,1519.4014394189335,-28.279615401687806,-0.22685473301329404
ligaportugal,2021,scbraga,1519.1994442467765,1519.3981698008265,1520.6186086145667,-0.19872555405004277,-0.03556101220208392
ligaportugal,2021,slbenfica,1496.2059602143506,1526.384057820308,1515.8389238502402,-30.17809760595742,-0.19251996261128193
ligaportugal,2021,sportingcp,1515.8757045976577,1500.8707104700552,1534.6683140452542,15.004994127602458,0.27099943781588093
ligaportugal,2021,vitoriasportclube,1527.9171757347665,1532.1589537177022,1509.958264631893,-4.241777982935673,0.013488659800790455
ligaportugal,2022,boavistafc,1517.4158004241608,1531.2783249714048,1534.6614566502387,-13.862524547243993,-0.13235294117647062
ligaportugal,2022,casapiaac,1521.7443844899135,1528.1818235477522,1533.7618994825511,-6.437439057838674,0.022058823529411766
ligaportugal,2022,clubedesportivosantaclara,1526.7576796891774,1544.9834138046235,1509.5974765916626,-18.22573411544613,-0.17892156862745098
ligaportugal,2022,clubsportmaritimo,1532.2468506682512,1520.3631550660593,1536.2012180999673,11.883695602191892,0.20098039215686278
ligaportugal,2022,fcarouca,1538.3675891558007,1520.6203015158342,1533.9232791357617,17.747287639966544,0.465686274509804
ligaportugal,2022,fcfamalicao,1514.4561761245945,1535.0717047058706,1533.3545785172937,-20.615528581276067,-0.09068627450980393
ligaportugal,2022,fcpacosdeferreira,1505.8037446948683,1532.8698394783075,1549.1670573031647,-27.066094783439212,-0.24509803921568632
ligaportugal,2022,fcporto,1527.9302232486925,1509.6031557989154,1509.0112636355996,18.327067449777132,0.004901960784313726
ligaportugal,2022,futebolclubedevizela,1536.9763279340025,1511.28171175402,1543.021513883116,25.694616179982404,0.12745098039215688
ligaportugal,2022,gdchaves,1551.5558621052144,1529.0962943979919,1507.7525224423357,22.459567707222504,0.24754901960784317
ligaportugal,2022,gdestorilpraia,1538.1655395191194,1526.8606332670859,1524.7719206156596,11.304906252033561,0.26715686274509803
ligaportugal,2022,gilvicentefutebolclube,1527.9420201456567,1528.9062581724772,1523.4343689837244,-0.964238026820567,-0.25490196078431376
ligaportugal,2022,portimonensesad,1525.6307138792135,1544.3855670514904,1518.4704379948707,-18.754853172276853,-0.02696078431372549
ligaportugal,2022,rioavefutebolclube,1548.3853728050526,1514.0567152885203,1520.1956563875742,34.3286575165323,0.14215686274509806
ligaportugal,2022,scbraga,1525.2965354839037,1520.9313129860786,1520.4688492224013,4.365222497825016,0.11274509803921569
ligaportugal,2022,slbenfica,1508.7285015554407,1535.4680254070802,1510.845474475328,-26.739523851639433,-0.3921568627450981
ligaportugal,2022,sportingcp,1518.7166402897396,1503.1916397287598,1532.793011265862,15.525000560979834,0.2058823529411765
ligaportugal,2022,vitoriasportclube,1508.2555409222653,1537.2256261927967,1532.9435184479566,-28.9700852705314,-0.4730392156862746
ligaportugal,2023,boavistafc,1527.5818457113864,1538.788422772698,1525.2477903215413,-11.206577061311464,-0.15695895040919802
ligaportugal,2023,casapiaac,1526.7736779983134,1531.0789898891526,1539.0260080166654,-4.305311890839221,0.07725323340452715
ligaportugal,2023,cfestrelaamadora,1550.3970034422912,1517.2842583121694,1526.3213171916757,33.112745130121766,0.24019607843137256
ligaportugal,2023,fcarouca,1528.125165494076,1537.3721545178353,1521.833384366466,-9.24698902375917,-0.4009810686234981
ligaportugal,2023,fcfamalicao,1523.3150269242715,1534.1264168192122,1534.359302486597,-10.811389894940703,0.1729000938101322
ligaportugal,2023,fcporto,1503.6642430304544,1528.3500481025328,1523.224206020726,-24.685805072078438,-0.3543838802207674
ligaportugal,2023,futebolclubedevizela,1542.1493501934708,1514.6448715165807,1542.8571105044618,27.50447867689013,0.2501533272146593
ligaportugal,2023,gdchaves,1523.1984098427447,1536.1578668791583,1532.2759408194659,-12.959457036413596,-0.11404048740668293
ligaportugal,2023,gdestorilpraia,1528.6290061079208,1547.7265887852573,1523.6250407619796,-19.097582677336504,-0.07112202440416784
ligaportugal,2023,gilvicentefutebolclube,1536.1876800179978,1538.5946517659277,1520.6114326489012,-2.4069717479299015,-0.030656045001796486
ligaportugal,2023,moreirensefutebolclube,1550.7886076370305,1504.9290862573187,1546.5345338327265,45.85952137971185,0.6952791006407444
ligaportugal,2023,portimonensesad,1544.9121938982228,1544.8239200229493,1512.047519790398,0.08827387527344399,0.1066830366062518
ligaportugal,2023,rioavefutebolclube,1534.5224512470234,1532.598637420717,1527.2474010114013,1.9238138263062865,0.013488659800790455
ligaportugal,2023,scbraga,1506.2405169671174,1522.2348825042473,1540.5927355158178,-15.994365537129852,-0.06621705720388042
ligaportugal,2023,scfarense,1539.3988519648049,1516.5624453040361,1538.1069010416713,22.836406660768716,0.3382352941176471
ligaportugal,2023,slbenfica,1520.7184286790414,1529.6755777872625,1509.4613095528077,-8.957149108221074,-0.19497244621142565
ligaportugal,2023,sportingcp,1522.5138207088348,1528.0201517833357,1514.1144539982442,-5.506331074500849,-0.07480074980438343
ligaportugal,2023,vitoriasportclube,1516.5400334948324,1534.5862786712476,1535.1892682945036,-18.04624517641514,-0.41079100302407295
ligaportugal,2024,avsfutebol,1524.2957623884372,1543.9352861387877,1516.5809534259754,-19.639523750350463,-0.10539215686274511
ligaportugal,2024,boavistafc,1519.1714304760376,1542.6101703553502,1530.6898215413423,-23.438739879312607,-0.2132352941176471
ligaportugal,2024,casapiaac,1523.9596811424783,1536.6490377246953,1529.0660353010367,-12.689356582216988,-0.17401960784313728
ligaportugal,2024,cdnacional,1510.8229498065011,1531.1813476484922,1550.2032284003915,-20.358397841991064,-0.16421568627450983
ligaportugal,2024,cfestrelaamadora,1537.0440405199026,1524.1539563622318,1530.53070402945,12.890084157670799,0.13725490196078433
ligaportugal,2024,clubedesportivosantaclara,1520.2071564845196,1523.934633684874,1552.5681967377675,-3.727477200354315,-0.2034313725490196
ligaportugal,2024,fcarouca,1542.5118694924558,1516.5463867901274,1524.2038343325294,25.965482702328472,0.4264705882352942
ligaportugal,2024,fcfamalicao,1533.3637948806338,1528.204684844324,1524.3906467068832,5.159110036309812,0.10784313725490197
ligaportugal,2024,fcporto,1539.4374577122644,1519.4274988819295,1499.8239067706124,20.00995883033488,0.14950980392156862
ligaportugal,2024,gdestorilpraia,1524.8233228126358,1551.9227271598231,1516.216827360027,-27.099404347187374,-0.34313725490196084
ligaportugal,2024,gilvicentefutebolclube,1524.9459466638257,1524.048692440948,1542.3363018511043,0.8972542228777911,-0.04656862745098039
ligaportugal,2024,moreirensefutebolclube,1516.8149610051116,1516.7672240422114,1549.3086941712606,0.047736962900216895,0.13480392156862747
ligaportugal,2024,rioavefutebolclube,1548.2931279054183,1510.796797155309,1527.723484483672,37.49633075010934,0.4534313725490197
ligaportugal,2024,scbraga,1529.4994698786065,1530.9513904562534,1504.251227516079,-1.451920577646888,-0.11519607843137256
ligaportugal,2024,scfarense,1553.848503639874,1513.494061168809,1524.925493608346,40.35444247106511,0.38970588235294124
ligaportugal,2024,slbenfica,1500.8693944742015,1533.0640068554949,1520.4758018636521,-32.19461238129338,-0.29901960784313725
ligaportugal,2024,sportingcp,1512.927397665374,1513.6549981733813,1524.4463294975192,-0.7276005080072991,-0.11519607843137256
ligaportugal,2024,vitoriasportclube,1511.2703038650056,1527.0907539289549,1535.0192492130618,-15.820450063949238,-0.06617647058823531
ligaportugal2,2007,cdfatima,1500.0,1500.0,1500.0,0.0,
ligaportugal2,2007,cdfeirense,1500.0,1500.0,1500.0,0.0,
ligaportugal2,2007,clubedesportivodasaves2020,1500.0,1500.0,1500.0,0.0,
ligaportugal2,2007,clubedesportivosantaclara,1500.0,1500.0,1500.0,0.0,
ligaportugal2,2007,clubedesportivotrofense,1500.0,1500.0,1500.0,0.0,
ligaportugal2,2007,futebolclubedevizela,1500.0,1500.0,1500.0,0.0,
ligaportugal2,2007,futebolclubepenafiel,1500.0,1500.0,1500.0,0.0,
ligaportugal2,2007,gdestorilpraia,1500.0,1500.0,1500.0,0.0,
ligaportugal2,2007,gilvicentefutebolclube,1500.0,1500.0,1500.0,0.0,
ligaportugal2,2007,gondomarsc,1500.0,1500.0,1500.0,0.0,
ligaportugal2,2007,olhanense,1500.0,1500.0,1500.0,0.0,
ligaportugal2,2007,portimonensesad,1500.0,1500.0,1500.0,0.0,
ligaportugal2,2007,rioavefutebolclube,1500.0,1500.0,1500.0,0.0,
ligaportugal2,2007,scbeiramar,1500.0,1500.0,1500.0,0.0,
ligaportugal2,2007,scfreamunde,1500.0,1500.0,1500.0,0.0,
ligaportugal2,2007,varzimsc,1500.0,1500.0,1500.0,0.0,
ligaportugal2,2008,boavistafc,1499.3266405523075,1495.6957115954183,1503.8916488231484,3.6309289568891927,0.27028123880866767
ligaportugal2,2008,cdfeirense,1505.1883157595223,1496.5335923704122,1502.2156151153308,8.654723389110131,0.16002645283972775
ligaportugal2,2008,clubedesportivodasaves2020,1498.7975967656832,1495.6957115954183,1503.362605036524,3.10188517026495,0.28004629246952356
ligaportugal2,2008,clubedesportivosantaclara,1503.5377940962917,1503.478041411599,1496.09431798355,0.05975268469273942,0.12365680446706236
ligaportugal2,2008,futebolclubedevizela,1493.1948323993574,1498.2329847772007,1501.0727176767004,-5.038152377843289,0.036369648372665396
ligaportugal2,2008,gdestorilpraia,1497.2829105561182,1504.677438459939,1498.5252312283983,-7.3945279038207445,-0.2945941518185897
ligaportugal2,2008,gilvicentefutebolclube,1492.681408299852,1500.0759362036727,1498.5252312283983,-7.3945279038207445,-0.31277897600492244
ligaportugal2,2008,gondomarsc,1500.5053407674075,1506.7912118727038,1493.2204219093073,-6.285871105296337,-0.23640271442232508
ligaportugal2,2008,portimonensesad,1499.8835064404313,1501.0005209145093,1496.427154968115,-1.117014474077905,-0.040006613209931936
ligaportugal2,2008,scbeiramar,1503.090239499239,1498.3533597477651,1495.5238401147851,4.736879751473907,0.007273929674533079
ligaportugal2,2008,sccovilha,1497.010545018833,1500.4664370314663,1501.437018920575,-3.455892012633285,-0.13153686955355162
ligaportugal2,2008,scfreamunde,1503.090239499239,1502.2228085573654,1499.3932889243854,0.8674309418736357,-0.2473136089341247
ligaportugal2,2008,sportingclubeolhanense,1501.437018920575,1497.8119543427424,1499.6650277075569,3.625064577832518,0.10991437044885818
ligaportugal2,2008,udleiria,1500.4664370314663,1500.6356095966655,1497.8119543427424,-0.16917256519923285,-0.2234324907484986
ligaportugal2,2008,udoliveirense,1504.2794507355081,1493.9962417232668,1500.6383085120992,10.283209012241286,0.4865062298556019
ligaportugal2,2008,varzimsc,1494.7977285125392,1498.902444654226,1506.7656223627541,-4.104716141686822,0.01091089451179962
ligaportugal2,2009,adcarregado,1493.3519948393443,1488.4736079626684,1498.5581047212406,4.878386876675904,0.12142857142857141
ligaportugal2,2009,cdfatima,1498.4036128980563,1491.146130763778,1500.203346914063,7.257482134278234,0.32886518940665577
ligaportugal2,2009,cdfeirense,1497.8436030754333,1488.6702123063899,1495.317376566892,9.173390769043408,0.12689906765148132
ligaportugal2,2009,clubedesportivodasaves2020,1493.5336645957948,1491.4997059191344,1499.1589645050078,2.0339586766604043,0.07685436491568585
ligaportugal2,2009,clubedesportivosantaclara,1488.3657529857978,1497.5780153299602,1490.0006069417875,-9.212262344162355,-0.43431652731422477
ligaportugal2,2009,clubedesportivotrofense,1487.0557273933925,1494.859233227738,1491.640892742977,-7.803505834345515,-0.3163540137227069
ligaportugal2,2009,futebolclubepenafiel,1492.2691000694444,1492.2104315520514,1500.5662405211037,0.05866851739301637,0.0661305000437297
ligaportugal2,2009,gdchaves,1491.4655160736397,1494.525432525904,1494.3927589237098,-3.0599164522643605,-0.18214285714285713
ligaportugal2,2009,gdestorilpraia,1499.1211319128868,1494.086634727103,1485.7469375916485,5.034497185783721,0.18230570282325484
ligaportugal2,2009,gilvicentefutebolclube,1486.461439237456,1497.9790345211752,1495.30323647553,-11.517595283719174,-0.47721198680204935
ligaportugal2,2009,portimonensesad,1497.429192333983,1488.2487296037261,1496.2429037021232,9.180462730256977,0.47899929761404214
ligaportugal2,2009,scbeiramar,1493.624279195978,1500.2948488749773,1489.9380677597715,-6.6705696789993,-0.1537087298313717
ligaportugal2,2009,sccovilha,1495.5248785856415,1494.0344596235586,1491.4701623336737,1.490418962082913,0.14477217577140825
ligaportugal2,2009,scfreamunde,1487.0557273933925,1501.1080157683507,1493.192830719642,-14.052288374958152,-0.47542467599005667
ligaportugal2,2009,udoliveirense,1500.4624184695826,1492.998690358952,1490.6553219996422,7.4637281106306546,0.4075068651343343
ligaportugal2,2009,varzimsc,1499.950498556444,1494.2053545508002,1489.5307851974546,5.745144005643851,0.24307427043100643
ligaportugal2,2010,cdfatima,1494.5839171787843,1501.481726504915,1500.9633062519356,-6.897809326130755,0.0072074997015644715
ligaportugal2,2010,cdfeirense,1497.137271515852,1493.2253457211511,1495.465643079236,3.911925794700892,0.1117162453742493
ligaportugal2,2010,cfosbelenenses,1501.0110431807825,1499.8296546451463,1493.2253457211511,1.181388535636188,0.11469607723722462
ligaportugal2,2010,clubedesportivodasaves2020,1494.4856716443844,1501.4391132983324,1501.8504158117148,-6.953441653947948,-0.09910312089651148
ligaportugal2,2010,clubedesportivosantaclara,1496.0619020163801,1492.6310930407085,1496.649037871574,3.4308089756716527,0.1009049958219026
ligaportugal2,2010,clubedesportivotrofense,1497.3442373365713,1494.2793723087814,1497.8645372746253,3.0648650277898923,0.037839373433213475
ligaportugal2,2010,fcarouca,1500.9083615437842,1489.0234957927091,1504.134186210587,11.88486575107504,0.40860477515761273
ligaportugal2,2010,futebolclubepenafiel,1486.8420203969192,1500.8348546608072,1505.31037063666,-13.992834263887971,-0.3783937343321348
ligaportugal2,2010,gdestorilpraia,1497.6952105820371,1501.8384762499513,1497.3853736873436,-4.143265667914193,-0.17658374268832958
ligaportugal2,2010,gilvicentefutebolclube,1503.5951739181562,1499.9532240014564,1491.4603875150638,3.6419499166997866,0.10811249552346708
ligaportugal2,2010,leixoessc,1495.3629614422377,1495.579279130484,1503.1238029743581,-0.2163176882463631,-0.032258271722969425
ligaportugal2,2010,moreirensefutebolclube,1500.0552180187892,1493.663155240582,1500.347670287709,6.392062778207219,0.04301102896395923
ligaportugal2,2010,sccovilha,1504.2392154270583,1496.9408025208281,1501.043961982789,7.298412906230169,0.08648999641877367
ligaportugal2,2010,scfreamunde,1494.6917776308997,1502.4278122650273,1502.71285563914,-7.736034634127691,-0.1801874925391118
ligaportugal2,2010,udoliveirense,1502.6527330163094,1503.0366865821695,1485.092471009715,-0.38395356586011076,-0.08468812149338255
ligaportugal2,2010,varzimsc,1503.6635028864544,1504.1461257723504,1493.7008517817983,-0.48262288589603486,-0.09910312089651148
ligaportugal2,2011,atleticoclubedeportugal,1502.6309856602118,1496.608806428888,1500.8291665264428,6.022179231323662,-0.021447729743912333
ligaportugal2,2011,cfosbelenenses,1504.6283138298543,1502.1121439210206,1496.2198786590097,2.5161699088337173,-0.09677481516890828
ligaportugal2,2011,cfuniaodamadeira2021,1496.2659615846362,1500.5213437007455,1503.281653330161,-4.255382116109331,-0.47542467599005667
ligaportugal2,2011,clubedesportivodasaves2020,1495.1924629766286,1501.0223850261368,1505.0758646636423,-5.829922049508241,-0.021505514481979616
ligaportugal2,2011,clubedesportivosantaclara,1502.3859570602015,1497.0447717892903,1500.8051138564883,5.341185270911183,0.2544819213700921
ligaportugal2,2011,clubedesportivotrofense,1495.6628929205617,1496.5461165875581,1496.9119650129805,-0.8832236669964004,-0.2974929503340514
ligaportugal2,2011,fcarouca,1495.6867121271744,1503.1826249326834,1500.1332884920143,-7.495912805509079,0.02508976689564289
ligaportugal2,2011,futebolclubepenafiel,1507.5076405949799,1497.4015949394295,1497.783676554112,10.10604565555036,0.1792126206831635
ligaportugal2,2011,gdestorilpraia,1499.3583247556987,1503.8339586979841,1498.9813846774266,-4.475633942285413,-0.358425241366327
ligaportugal2,2011,leixoessc,1495.171101783513,1503.1826249326834,1499.6176781483528,-8.011523149170444,0.14337009654653077
ligaportugal2,2011,moreirensefutebolclube,1507.2626119949696,1497.5425269322852,1494.803803792802,9.720085062684348,0.47670557101721495
ligaportugal2,2011,naval1odemaio,1500.4071016311952,1502.9820282361075,1496.6798287482397,-2.574926604912207,0.010723864871956167
ligaportugal2,2011,portimonensesad,1493.041833983644,1499.5827741673443,1501.8379846788398,-6.540940183700286,-0.15412285378752058
ligaportugal2,2011,sccovilha,1503.4771047282495,1504.3815455929907,1501.9636181638384,-0.9044408647412183,0.1792126206831635
ligaportugal2,2011,scfreamunde,1505.5431099586176,1497.5021755582802,1500.0482827926714,8.040934400337392,0.34767248412533713
ligaportugal2,2011,udoliveirense,1496.1226774875765,1496.8973716342848,1505.3716049806912,-0.7746941467082706,-0.18279687309682677
ligaportugal2,2012,atleticoclubedeportugal,1494.645015309851,1503.1565199978543,1498.7717332523064,-8.511504688003242,-0.3783717624302106
ligaportugal2,2012,cdfeirense,1497.1382868792857,1491.4160842400859,1498.618746588325,5.72220263919985,0.21299948864078289
ligaportugal2,2012,cfosbelenenses,1502.151309260853,1493.6317771658069,1496.2532248078528,8.519532095046088,0.27914839815655396
ligaportugal2,2012,cfuniaodamadeira2021,1501.7771033955357,1498.0739123855287,1494.1878960559832,3.7031910100070036,0.1283288844605959
ligaportugal2,2012,clubedesportivodasaves2020,1498.9281833343673,1494.3466311761156,1494.4482498971472,4.581552158251725,0.25798074711150715
ligaportugal2,2012,clubedesportivosantaclara,1497.2831461967526,1495.2201645654063,1504.4187934937347,2.062981631346247,0.14552760093469636
ligaportugal2,2012,clubedesportivotondela,1502.610929272773,1497.41921265876,1493.2762338824375,5.191716614013103,0.2725960047096524
ligaportugal2,2012,clubedesportivotrofense,1492.708313160848,1495.6881632088057,1503.062971434399,-2.979850047957598,-0.22226033597299083
ligaportugal2,2012,csmaritimob,1490.5261388724882,1503.1565199978543,1499.623716943628,-12.630381125366057,-0.4992119604321345
ligaportugal2,2012,fcarouca,1493.1157345876952,1500.5351907989175,1502.2390937130574,-7.419456211222268,-0.2897322236790773
ligaportugal2,2012,fcportob,1493.3778088466527,1494.7820804514602,1505.1464865158578,-1.4042716048074908,-0.10509725482781779
ligaportugal2,2012,futebolclubepenafiel,1501.487777021713,1501.1563934577619,1493.535567255129,0.331383563951249,-0.07937869141892528
ligaportugal2,2012,leixoessc,1498.7314179216635,1497.8806430170705,1497.4957776904648,0.8507749045929813,0.20506161949889032
ligaportugal2,2012,naval1odemaio,1502.2051425617876,1493.6317771658069,1494.4816928247508,8.573365395980773,0.2937011582500236
ligaportugal2,2012,portimonensesad,1502.1745896014456,1498.0509695213038,1494.9061819752574,4.123620080141791,0.21167651045046743
ligaportugal2,2012,scbragab,1497.1382868792857,1496.2039560476148,1499.96413288707,0.9343308316708772,0.13531271559081542
ligaportugal2,2012,sccovilha,1496.168143810545,1504.04761023309,1498.6023087025358,-7.879466422544965,-0.28576328910813104
ligaportugal2,2012,scfreamunde,1494.641015320853,1498.630031275705,1502.786341550582,-3.9890159548519932,-0.37572580604957967
ligaportugal2,2012,slbenficab,1501.8383623054433,1489.0322572416756,1502.4357562668517,12.806105063767745,0.5215451270830459
ligaportugal2,2012,sportingcpb,1496.3428629355744,1501.687465267814,1495.276047610582,-5.344602332239674,-0.22595909787980825
ligaportugal2,2012,udoliveirense,1496.2532248078528,1503.986435439358,1493.619975334394,-7.733210631505244,-0.21299948864078289
ligaportugal2,2012,vitoriaguimaraesscb,1497.2545251091203,1501.410835383997,1494.641015320853,-4.15631027487666,-0.047293764672518016
ligaportugal2,2013,academicodeviseufc,1497.625363895972,1503.397815738928,1494.1934480062812,-5.772451842956116,-0.3155844155844156
ligaportugal2,2013,atleticoclubedeportugal,1503.5612331638763,1496.8369419091755,1502.8505307825446,6.724291254700802,0.34101982961297284
ligaportugal2,2013,cdfeirense,1500.8585007537074,1492.7926406567565,1499.5274684506937,8.065860096950928,0.23189348413682154
ligaportugal2,2013,cfuniaodamadeira2021,1499.9548047322007,1500.0867228129741,1496.0543491496185,-0.13191808077340283,-0.1097759070563665
ligaportugal2,2013,clubedesportivodasaves2020,1500.168923350946,1498.3348727892317,1491.9423320321016,1.8340505617143208,-0.004546931061506305
ligaportugal2,2013,clubedesportivosantaclara,1499.647098286168,1501.5460311787106,1494.4209709460865,-1.8989328925424616,-0.0038973694812911184
ligaportugal2,2013,clubedesportivotondela,1487.523486227195,1503.6254930169132,1504.1379973006897,-16.10200678971819,-0.5872036685145284
ligaportugal2,2013,clubedesportivotrofense,1505.5093492177382,1498.5394820904548,1497.1647391640568,6.969867127283351,0.23319260729725186
ligaportugal2,2013,csmaritimob,1491.3435680443629,1504.6018968950066,1502.4736943571697,-13.258328850643693,-0.5092562788887062
ligaportugal2,2013,fcportob,1501.2708917367588,1495.0697753931693,1500.2825998206513,6.201116343589547,0.24098734625983415
ligaportugal2,2013,futebolclubepenafiel,1499.6528096539926,1497.2493269293936,1497.2705373465396,2.4034827245989163,0.08184475910711349
ligaportugal2,2013,gdchaves,1499.448949134196,1501.0842345672493,1497.8118521461379,-1.635285433053241,-0.07534914330496162
ligaportugal2,2013,leixoessc,1499.7960930577706,1496.136052933584,1494.3301954403014,3.66004012418648,0.17343294191745476
ligaportugal2,2013,moreirensefutebolclube,1492.9789749255438,1502.1106814439065,1495.8819214657142,-9.131706518362762,-0.2565768241849986
ligaportugal2,2013,portimonensesad,1503.3544998342918,1495.7092946078876,1492.5291789241794,7.645205226404187,0.24033778467961894
ligaportugal2,2013,scbeiramar,1501.546035559177,1499.2047980578059,1492.4657606345277,2.341237501371097,0.13056187762325247
ligaportugal2,2013,scbragab,1493.2319008657432,1503.5884312924354,1500.4810535598488,-10.356530426692188,-0.2708671789497327
ligaportugal2,2013,sccovilha,1496.2783114941633,1503.8374402657341,1502.4388826817521,-7.55912877157084,-0.34361807593383364
ligaportugal2,2013,scfarense,1501.7873428922287,1488.488328470222,1504.9409562787307,13.299014422006621,0.40649350649350646
ligaportugal2,2013,slbenficab,1497.9193101051903,1495.149704279252,1499.5938001827533,2.7696058259382426,0.10457941441464501
ligaportugal2,2013,sportingcpb,1497.3974850404124,1497.499978220229,1497.2979269498226,-0.10249317981651984,0.12406626182110059
ligaportugal2,2013,udoliveirense,1501.486134470176,1491.6264499392487,1502.6015249145241,9.859684530927325,0.2533290162839227
ligaportugal2,2014,academicodeviseufc,1479.961243908184,1493.851595514646,1496.5348227229576,-13.89035160646199,-0.3191699604743083
ligaportugal2,2014,atleticoclubedeportugal,1481.520866109536,1492.9402313899022,1501.7263351178728,-11.419365280366264,-0.3942687747035573
ligaportugal2,2014,cdfeirense,1492.444965168926,1481.9715373019255,1494.1408913977402,10.47342786700051,0.2806324110671937
ligaportugal2,2014,cfuniaodamadeira2021,1496.3826647670926,1479.9884010595883,1495.5568168382486,16.39426370750425,0.42193675889328064
ligaportugal2,2014,clubedesportivodasaves2020,1484.74762516396,1491.985207286195,1483.6493841607085,-7.237582122234926,-0.13339920948616601
ligaportugal2,2014,clubedesportivosantaclara,1504.832672666983,1478.3192129121621,1489.2813730616497,26.513459754820815,0.5968379446640316
ligaportugal2,2014,clubedesportivotondela,1476.6804151895199,1499.316748876374,1492.4016752039777,-22.636333686854186,-0.4891304347826087
ligaportugal2,2014,clubedesportivotrofense,1484.6960448630387,1498.9563505325436,1487.2844663209553,-14.260305669504987,-0.3112648221343874
ligaportugal2,2014,clubeorientallisboa,1498.6342141377465,1482.3868298665498,1487.871133728155,16.24738427119678,0.3488142292490119
ligaportugal2,2014,csmaritimob,1487.832984464307,1486.1314884210833,1504.03129616308,1.7014960432236421,0.0009881422924901185
ligaportugal2,2014,fcportob,1494.4311456842931,1489.7556540913304,1477.4818065415566,4.675491592962771,0.12549407114624506
ligaportugal2,2014,gdchaves,1482.757304421277,1498.9578523005302,1481.3395910741544,-16.200547879253236,-0.33992094861660077
ligaportugal2,2014,leixoessc,1488.903921866656,1484.7881411261976,1500.631985481796,4.115780740458376,0.01482213438735178
ligaportugal2,2014,portimonensesad,1495.233165379587,1491.450848507296,1478.6565937696575,3.7823168722909486,0.14525691699604742
ligaportugal2,2014,scbeiramar,1495.187922899431,1493.0870626746967,1480.3778449075944,2.1008602247343333,0.14031620553359686
ligaportugal2,2014,scbragab,1489.5788204068338,1488.569030999522,1498.1051847699227,1.0097894073117004,-0.005928853754940711
ligaportugal2,2014,sccovilha,1499.1213376036621,1481.6351924021728,1496.0367605621452,17.486145201489308,0.41996047430830047
ligaportugal2,2014,scfarense,1499.84081637033,1485.5103985316566,1483.0395413387362,14.330417838673384,0.3191699604743083
ligaportugal2,2014,scfreamunde,1482.1885866659204,1505.2150579238482,1486.9811168537146,-23.026471257927824,-0.47134387351778656
ligaportugal2,2014,slbenficab,1486.4157175960504,1496.9320061358203,1479.6821786874775,-10.516288539769903,-0.22134387351778656
ligaportugal2,2014,sportingclubeolhanense,1489.4825330600336,1494.635621024022,1482.2123586142095,-5.153087963988355,0.048418972332015815
ligaportugal2,2014,sportingcpb,1487.782527871649,1475.5674404429983,1500.000496325122,12.215087428650804,0.32411067193675897
ligaportugal2,2014,udoliveirense,1486.5096004119741,1485.3138430445222,1500.6922793565784,1.1957573674519608,-0.12845849802371542
ligaportugal2,2014,vitoriaguimaraesscb,1492.7176512496662,1500.618995561074,1480.1688149286479,-7.901344311407684,-0.21541501976284588
ligaportugal2,2015,academicodeviseufc,1486.5387232901478,1500.827924224074,1504.8807706402067,-14.289200933926168,-0.39140104975461776
ligaportugal2,2015,atleticoclubedeportugal,1502.8919227462127,1500.0309738984743,1495.4939670536048,2.8609488477384275,0.12799605036167425
ligaportugal2,2015,cdfeirense,1492.6618798719237,1490.8637241586484,1503.128486476666,1.7981557132752641,-0.01186063787135205
ligaportugal2,2015,cdmafra,1497.3620368933778,1490.2100945846637,1504.247035038007,7.151942308714069,0.10869565217391304
ligaportugal2,2015,clubedesportivodasaves2020,1492.8830238425792,1495.7546156814637,1504.8257882550179,-2.8715918388845694,-0.20459600328082292
ligaportugal2,2015,clubedesportivosantaclara,1506.345568731596,1500.0954400889511,1488.3663051943274,6.250128642644768,0.041512232549732186
ligaportugal2,2015,clubeorientallisboa,1500.3748105017216,1493.7182832229328,1500.2726595126967,6.656527278788872,0.005930318935676025
ligaportugal2,2015,fcfamalicao,1503.4195131658782,1498.419875057512,1489.4324595944681,4.999638108366298,0.18280632411067196
ligaportugal2,2015,fcportob,1488.7751212656922,1502.3699337994929,1502.4672847995867,-13.594812533800678,-0.3953545957117351
ligaportugal2,2015,futebolclubepenafiel,1494.792468375799,1504.3611872612116,1486.0533379580022,-9.568718885412636,-0.17148505588996507
ligaportugal2,2015,gdchaves,1487.0040574052932,1498.3569323716708,1497.5338487533566,-11.352874966377613,-0.1092167070653668
ligaportugal2,2015,gilvicentefutebolclube,1493.1627406243183,1497.6558179271233,1498.239309072212,-4.493077302804977,-0.05584383664428258
ligaportugal2,2015,leixoessc,1501.8188129814087,1495.652655442642,1501.936746495899,6.1661575387665835,0.17642698833636178
ligaportugal2,2015,portimonensesad,1500.224289164578,1492.8688386560264,1501.6691419035753,7.355450508551712,0.12157153818135853
ligaportugal2,2015,scbragab,1500.4027537173426,1498.9344592513448,1497.565198781299,1.4682944659978148,0.11465283275640316
ligaportugal2,2015,sccovilha,1508.9131431898234,1483.107345293226,1494.4828762279535,25.80579789659737,0.45218681884529704
ligaportugal2,2015,scfarense,1495.075346450914,1494.1785172028472,1502.5070351284448,0.8968292480667515,-0.015319990583829735
ligaportugal2,2015,scfreamunde,1499.3466168382365,1497.4854224244712,1493.9565203571788,1.8611944137653609,-0.051396097442525567
ligaportugal2,2015,slbenficab,1499.2207673019066,1500.8897596954278,1485.5867194985553,-1.6689923935211937,0.07264640696203131
ligaportugal2,2015,sportingclubeolhanense,1504.9268938298958,1497.5032841712277,1490.5539224225288,7.423609658668056,0.1803805342934791
ligaportugal2,2015,sportingcpb,1490.3793240166744,1493.647156873477,1499.6961307648419,-3.2678328568024426,0.13046701658487256
ligaportugal2,2015,udoliveirense,1500.1991540146728,1500.2680751544435,1498.8667020900555,-0.06892113977073677,-0.10971090031000648
ligaportugal2,2015,varzimsc,1496.797677157585,1499.0480414248075,1496.9557396801201,-2.250364267222494,0.029651594678380133
ligaportugal2,2015,vitoriaguimaraesscb,1490.2321507851186,1507.5004382965365,1495.030810464091,-17.26828751141784,-0.29651594678380133
ligaportugal2,2016,academicadecoimbra,1509.55070911457,1499.2266109540299,1512.1509106036735,10.324098160540188,0.1864241735217585
ligaportugal2,2016,academicodeviseufc,1501.43883860327,1509.4114342704977,1512.9158242571168,-7.972595667227779,-0.13003912165257484
ligaportugal2,2016,adfafe,1513.1104114281916,1509.6605759231995,1498.1572433208821,3.449835504992052,0.11757064601894873
ligaportugal2,2016,cdcovadapiedade,1510.1383995152933,1509.6918245301972,1501.0980066267828,0.4465749850960492,-0.09938292177292352
ligaportugal2,2016,cfuniaodamadeira2021,1512.1063516426043,1500.744359214317,1502.4805544069047,11.361992428287294,0.4122240156386623
ligaportugal2,2016,clubedesportivodasaves2020,1499.984850559061,1509.4114342704977,1511.4618362129074,-9.426583711436706,-0.1937582912623365
ligaportugal2,2016,clubedesportivosantaclara,1501.0458038713746,1506.5977258627343,1515.231214693146,-5.551921991359677,-0.3172954568322826
ligaportugal2,2016,fcfamalicao,1511.0979003398113,1509.484379939431,1496.3209282162709,1.6135204003803665,0.08452542907417365
ligaportugal2,2016,fcportob,1510.182778377334,1505.4141208486728,1498.1094410336987,4.7686575286611514,0.1443434250343581
ligaportugal2,2016,futebolclubedevizela,1500.9316452383039,1517.755572309011,1501.969344647772,-16.823927070707214,-0.5240576602598767
ligaportugal2,2016,futebolclubepenafiel,1508.1799603224463,1498.4214712560608,1510.6541688845434,9.758489066385437,0.3381017162966946
ligaportugal2,2016,gilvicentefutebolclube,1502.5689944635196,1513.2385625731715,1506.8643574259438,-10.669568109651891,-0.3693111054933126
ligaportugal2,2016,leixoessc,1503.4318038371323,1506.376383842739,1515.5054065818465,-2.9445800056066673,-0.14694420746740958
ligaportugal2,2016,portimonensesad,1510.185965927267,1501.0992787784242,1502.563167471669,9.086687148842884,0.377113452792467
ligaportugal2,2016,scbragab,1504.4375667407237,1507.691698699142,1514.5279532627185,-3.254131958418384,-0.10273090610553413
ligaportugal2,2016,sccovilha,1512.8096917312216,1502.2852534475642,1505.3193018584873,10.524438283657446,0.43172988388654854
ligaportugal2,2016,scfreamunde,1501.5157705422826,1500.5276452445994,1514.112814953876,0.9881252976831547,0.02340704189746347
ligaportugal2,2016,slbenficab,1507.7315161972256,1510.7244114624336,1504.3913046616503,-2.9928952652080625,-0.13524068651867782
ligaportugal2,2016,sportingclubeolhanense,1506.8299381696602,1499.9306012709133,1510.634588636849,6.899336898746924,0.15474655476656407
ligaportugal2,2016,sportingcpb,1505.1092294767707,1504.112514303424,1510.0162754270575,0.996715173346729,0.22236689802590298
ligaportugal2,2016,varzimsc,1503.9267102305166,1517.4583157441518,1498.6770230907,-13.531605513635213,-0.4707416203823209
ligaportugal2,2016,vitoriaguimaraesscb,1510.182778377334,1507.2334399607014,1503.335948431418,2.9493384166325995,0.013003912165257484
ligaportugal2,2017,academicadecoimbra,1499.3049988231767,1499.8279361812392,1510.2363664389597,-0.5229373580625634,0.08688021898246627
ligaportugal2,2017,academicodeviseufc,1499.8888952955788,1505.7716257280156,1507.9122226866932,-5.8827304324368015,-0.07634928334822792
ligaportugal2,2017,cdcovadapiedade,1505.9705418031024,1503.4676449776891,1505.386457695245,2.502896825413245,-0.19394473126388934
ligaportugal2,2017,cdnacional,1501.2066819686027,1508.2449525556865,1502.5136851884372,-7.038270587083844,0.05964912280701754
ligaportugal2,2017,cfuniaodamadeira2021,1497.5854141563116,1499.7490069438795,1507.0191945498811,-2.16359278756795,0.09565599867766487
ligaportugal2,2017,clubedesportivosantaclara,1515.9622221768593,1495.1916640825696,1502.1967589262495,20.770558094289754,0.5537516987670325
ligaportugal2,2017,fcarouca,1511.7118180933019,1502.9410668630708,1496.2107511307768,8.770751230231099,0.11320755806806208
ligaportugal2,2017,fcfamalicao,1501.263594850645,1509.1954627514783,1501.2592340153026,-7.9318679008333675,0.03422554081127459
ligaportugal2,2017,fcportob,1494.789432956072,1509.4891201129828,1501.5634270336402,-14.69968715691084,-0.360684545472663
ligaportugal2,2017,futebolclubepenafiel,1509.5814268675103,1500.9066588444814,1498.7506610332134,8.674768023028946,0.12286091573278059
ligaportugal2,2017,gilvicentefutebolclube,1508.3239101987265,1498.8065182861417,1505.3497680615496,9.517391912584799,0.19218957532484962
ligaportugal2,2017,leixoessc,1511.4400693824239,1501.0110473322025,1504.0906496562372,10.42902205022142,0.16147434639165448
ligaportugal2,2017,realsc,1503.5341073326817,1501.4959890198563,1507.1142560805024,2.038118312825418,0.15438596491228068
ligaportugal2,2017,scbragab,1502.4829141567807,1499.22373073061,1507.9556981251335,3.2591834261706936,0.07547170537870808
ligaportugal2,2017,sccovilha,1496.6749794968346,1510.5676498688579,1497.9555034944651,-13.892670372023304,-0.3492760318689048
ligaportugal2,2017,slbenficab,1499.4168879513793,1512.6901364197556,1498.6609605030685,-13.273248468376323,-0.44580960851608953
ligaportugal2,2017,sportingcpb,1507.1897683868376,1500.9408425909967,1503.8868087166961,6.2489257958409326,-0.07371654943966835
ligaportugal2,2017,udoliveirense,1514.458536012049,1504.0809861903763,1508.4542286369165,10.377549821672801,0.2694164366425974
ligaportugal2,2017,varzimsc,1499.2230017824747,1504.0446141853138,1507.6461022211954,-4.821612402839037,-0.07283897147014848
ligaportugal2,2017,vitoriaguimaraesscb,1500.4513472537628,1508.3240092797262,1501.172789345423,-7.872662025963336,-0.1720052820258928
ligaportugal2,2018,academicadecoimbra,1505.0699223049253,1507.4106058619636,1495.1688578508451,-2.3406835570383464,-0.24754901960784317
ligaportugal2,2018,academicodeviseufc,1500.9326427142469,1505.4732363014054,1499.8971924033247,-4.5405935871585825,-0.05392156862745098
ligaportugal2,2018,cdcovadapiedade,1503.9842234391822,1504.4322867298943,1504.5234734481128,-0.44806329071207074,-0.20098039215686278
ligaportugal2,2018,cdmafra,1505.1654325452548,1508.8255480839591,1500.865209046017,-3.6601155387043036,-0.13235294117647062
ligaportugal2,2018,fcarouca,1507.5459826932142,1501.5403116982334,1500.3039659539047,6.0056709949808464,0.20833333333333337
ligaportugal2,2018,fcfamalicao,1505.2747914049132,1500.7070018668403,1513.016135214857,4.56778953807293,0.04901960784313726
ligaportugal2,2018,fcpacosdeferreira,1499.944734105032,1507.0762823970053,1506.4564297353807,-7.131548291973331,-0.2916666666666667
ligaportugal2,2018,fcportob,1505.7016718905688,1501.2793419869533,1505.6735279158377,4.422329903615491,0.2843137254901961
ligaportugal2,2018,futebolclubepenafiel,1500.8032291683353,1502.907006604724,1502.7246148745414,-2.103777436388782,-0.13725490196078433
ligaportugal2,2018,gdestorilpraia,1506.6853702564274,1505.311354025439,1500.0093883365996,1.3740162309884454,0.25000000000000006
ligaportugal2,2018,leixoessc,1500.7445422202466,1506.0583986301478,1505.0362833834188,-5.313856409901291,-0.1936274509803922
ligaportugal2,2018,scbragab,1507.8096048446712,1501.700222974231,1505.8765110814877,6.109381870440075,0.22549019607843138
ligaportugal2,2018,sccovilha,1504.6671107477537,1502.758406222947,1508.0029062699878,1.9087045248065806,0.10049019607843139
ligaportugal2,2018,scfarense,1500.880618137656,1506.1492609379804,1508.3443728830418,-5.268642800324415,-0.24019607843137256
ligaportugal2,2018,slbenficab,1508.9226710841622,1502.2669892636911,1504.9354959524442,6.655681820471045,0.21568627450980393
ligaportugal2,2018,udoliveirense,1504.540671278495,1502.2891171555855,1511.6642781940943,2.2515541229095106,0.13480392156862747
ligaportugal2,2018,varzimsc,1500.5454081538549,1507.7424986522321,1504.3249989107026,-7.1970904983772925,-0.22549019607843138
ligaportugal2,2018,vitoriaguimaraesscb,1504.3367313310532,1503.7362261110702,1504.949191234015,0.6005052199830061,0.10539215686274511
ligaportugal2,2021,academicadecoimbra,1506.8545246510812,1503.6992611591743,1500.418041723132,3.155263491906908,0.33661035264583744
ligaportugal2,2021,academicodeviseufc,1504.652253499251,1504.6797311392054,1503.6982683232682,-0.027477639954440747,0.05896823695985474
ligaportugal2,2021,casapiaac,1508.4510739745604,1508.9912825119852,1495.8705158693156,-0.54020853742486,-0.05395463920316182
ligaportugal2,2021,cdfeirense,1502.8957133359777,1501.7760895562042,1505.1093371596328,1.1196237797735193,0.09090936531310939
ligaportugal2,2021,cdmafra,1506.4966453849668,1506.478414164573,1504.8814097543668,0.018231220393772674,-0.07862431594647298
ligaportugal2,2021,cdnacional,1499.7475239749494,1503.2145663042163,1500.5631014315722,-3.46704232926686,-0.43489074757892876
ligaportugal2,2021,cfestrelaamadora,1497.424139536068,1510.243998409224,1505.5308511471835,-12.819858873156136,-0.5383201502315463
ligaportugal2,2021,clubedesportivotrofense,1506.4427667480275,1509.3004643748302,1502.7390459790504,-2.8576976268027465,-0.2555290268260372
ligaportugal2,2021,fcportob,1504.621140800392,1504.5383056248963,1505.109785324924,0.08283517549557473,-0.05159720733987289
ligaportugal2,2021,futebolclubepenafiel,1504.8391146251195,1504.3209568850425,1505.0261495940792,0.5181577400769584,-0.08108132581980027
ligaportugal2,2021,gdchaves,1503.8856393806295,1502.341297338964,1502.2886058654396,1.544342041665459,0.012285049366636405
ligaportugal2,2021,leixoessc,1504.4559333949155,1503.977479182841,1504.3453691435386,0.47845421207443906,0.1646196615129278
ligaportugal2,2021,rioavefutebolclube,1499.211587545182,1506.453338043346,1507.5871843303603,-7.241750498164038,-0.2039318194861643
ligaportugal2,2021,sccovilha,1501.4385115791956,1502.6599474411132,1505.8101120941728,-1.2214358619175982,0.06142524683318202
ligaportugal2,2021,scfarense,1501.980914852266,1504.4952804480424,1509.0666405995325,-2.514365595776326,0.0761673060731457
ligaportugal2,2021,slbenficab,1504.7459570926098,1502.4968465214577,1506.6243034176682,2.249110571152187,0.022113088859945527
ligaportugal2,2021,udvilafranquense,1507.4904555173687,1499.6331509346037,1507.0400051381957,7.857304582764982,0.32250159341889906
ligaportugal2,2021,varzimsc,1512.0825433206671,1498.4160291735095,1506.0077123177957,13.666514147157613,0.7100758533915842
ligaportugal2,2022,academicodeviseufc,1496.246087574462,1497.4825841526388,1506.7868767050845,-1.2364965781766841,-0.14469653240847943
ligaportugal2,2022,bsad,1504.2736971530198,1495.5466901953478,1495.1311683878457,8.727006957672074,0.2916666666666667
ligaportugal2,2022,cdfeirense,1492.4840424429392,1500.5016012345898,1494.776097939779,-8.017558791650572,-0.3421214622200488
ligaportugal2,2022,cdmafra,1501.643670630804,1493.7783870093997,1503.6465635298655,7.865283621404387,0.2501533272146593
ligaportugal2,2022,cdnacional,1498.1105982883032,1494.8922091144495,1496.7139947237288,3.218389173853666,0.19987741341171308
ligaportugal2,2022,cfestrelaamadora,1497.4855327990629,1496.972583721028,1506.7868767050845,0.5129490780348078,-0.012262418000718596
ligaportugal2,2022,clubedesportivotondela,1493.1869570778144,1499.4149567677578,1499.6172440010625,-6.227999689943317,-0.06499081540380856
ligaportugal2,2022,clubedesportivotrofense,1510.3522502344838,1498.218870795465,1490.508392380897,12.133379439018881,0.5039853798295343
ligaportugal2,2022,fcportob,1495.8312573343717,1504.1308188913845,1496.6584143999803,-8.299561557012794,-0.38381368342249206
ligaportugal2,2022,futebolclubepenafiel,1500.0650267511048,1500.3378713838265,1490.8183805676674,-0.2728446327216716,-0.02329859420136533
ligaportugal2,2022,leixoessc,1498.2498971681741,1489.9970780390065,1505.2367888948395,8.25281912916762,0.1814837864106352
ligaportugal2,2022,moreirensefutebolclube,1501.8291974275523,1500.117227285784,1490.0953795475652,1.7119701417682336,0.06989578260409599
ligaportugal2,2022,sccovilha,1502.9866335217148,1495.530676910487,1499.5659887503032,7.455956611227748,0.29552427381731816
ligaportugal2,2022,scfarense,1493.0241476197064,1507.486241255732,1495.8930155021771,-14.462093636025656,-0.5751074042337022
ligaportugal2,2022,scuniaotorreense,1494.6872661282928,1496.1472232953474,1504.062472394391,-1.4599571670546538,-0.022058823529411766
ligaportugal2,2022,slbenficab,1492.5671587120553,1499.5028020190548,1499.08043538402,-6.935643306999509,-0.3212753516188272
ligaportugal2,2022,udoliveirense,1504.290683216836,1502.4256327222568,1488.32350533718,1.8650504945792363,0.03310852860194021
ligaportugal2,2022,udvilafranquense,1499.5149844446205,1497.523446853291,1499.483119616904,1.991537591329461,0.19865117161164125
ligaportugal2,2023,academicodeviseufc,1500.384382023839,1501.7749031735466,1494.3812126302735,-1.390521149707638,-0.027027108606600087
ligaportugal2,2023,avsfutebol,1499.8550498525785,1499.2164479404291,1499.1759075227926,0.6386019121493973,0.06008584820352112
ligaportugal2,2023,cdfeirense,1500.9720673797538,1499.2445818958931,1496.0377227453143,1.7274854838606188,0.06879627645316386
ligaportugal2,2023,cdmafra,1496.201002463045,1496.438173587845,1504.0236208809276,-0.23717112480017022,-0.022113088859945527
ligaportugal2,2023,cdnacional,1496.645560463705,1501.6063493839802,1500.8406102544488,-4.960788920275263,-0.3292393230258556
ligaportugal2,2023,cfosbelenenses,1495.934153038539,1497.5068039254104,1503.2703448094464,-1.5726508868713154,-0.019656078986618246
ligaportugal2,2023,clubedesportivosantaclara,1495.446770488281,1502.0925010550673,1496.779915901333,-6.645730566786369,-0.48648795491880165
ligaportugal2,2023,clubedesportivotondela,1505.2339355630627,1493.1339296999722,1503.348817282737,12.100005863090473,0.481573935172147
ligaportugal2,2023,clubsportmaritimo,1498.6447182458278,1497.2057728529217,1502.5797028613692,1.4389453929061347,0.06989578260409599
ligaportugal2,2023,fcpacosdeferreira,1498.1623050103053,1498.305133928311,1493.4580467969818,-0.1428289180057618,-0.04668318759321834
ligaportugal2,2023,fcportob,1496.1844662795565,1497.5068039254104,1502.0463374016974,-1.3223376458538496,-0.05159720733987289
ligaportugal2,2023,futebolclubepenafiel,1499.3030718265777,1501.4113312114666,1501.4460987747575,-2.1082593848889246,0.0
ligaportugal2,2023,lankfcvilaverdense,1503.9469724395015,1498.2719272104641,1496.11437118674,5.675045229037323,0.21581855681264728
ligaportugal2,2023,leixoessc,1502.3887250028454,1499.5768805547611,1502.0388647629804,2.81184444808423,0.0049140197466545615
ligaportugal2,2023,scuniaotorreense,1503.2098121151182,1502.5588628590779,1494.3189291906158,0.6509492560403487,0.09090936531310939
ligaportugal2,2023,slbenficab,1497.5641498535408,1504.4318767006191,1501.5121876173057,-6.867726847078302,-0.19410377999285516
ligaportugal2,2023,udleiria,1498.4815170635432,1495.7885260947996,1503.9507209506737,2.6929909687435156,0.04176916784656377
ligaportugal2,2023,udoliveirense,1501.4102940974947,1501.420947797236,1497.3479409929773,-0.01065369974139685,0.14250657265298228
ligaportugal2,2024,academicodeviseufc,1498.6324104282214,1499.4639016572335,1494.186623070678,-0.8314912290120446,0.040465979402371365
ligaportugal2,2024,cdfeirense,1503.253208508349,1499.1221942636369,1499.7243396971382,4.131014244712105,0.1361128398079764
ligaportugal2,2024,cdmafra,1502.8472831137835,1491.4196637468801,1499.4192486381626,11.4276193669034,0.4426732898259413
ligaportugal2,2024,clubedesportivotondela,1488.144439753186,1494.285866705055,1508.5449884634174,-6.141426951869107,-0.02820356140165277
ligaportugal2,2024,clubsportmaritimo,1502.3281487258341,1482.0357239245598,1497.8261242938663,20.292424801274365,0.7038627932412473
ligaportugal2,2024,fcalverca,1490.800941126806,1493.16999548263,1508.4877123980214,-2.3690543558238915,-0.17892156862745098
ligaportugal2,2024,fcfelgueiras1932,1500.809836458778,1495.385899457916,1496.0614672748284,5.423937000861997,0.29901960784313725
ligaportugal2,2024,fcpacosdeferreira,1491.5125998531048,1497.5694540847524,1495.3120495886826,-6.056854231647549,-0.3482526712204081
ligaportugal2,2024,fcportob,1501.9703564371944,1500.4370008711994,1490.723722651753,1.5333555659949525,0.1066830366062518
ligaportugal2,2024,futebolclubedevizela,1491.1477691273712,1504.5501509314681,1497.1172106836248,-13.402381804096876,-0.5370939084314745
ligaportugal2,2024,futebolclubepenafiel,1504.6222613561079,1499.8150379235142,1493.3735921235543,4.807223432593673,0.06499081540380856
ligaportugal2,2024,gdchaves,1494.9259189266406,1490.3239431232007,1499.7366169064642,4.601975803439927,0.07725323340452715
ligaportugal2,2024,leixoessc,1507.7974149033996,1496.4858870450632,1492.4716418340593,11.311527858336376,0.288166823016887
ligaportugal2,2024,portimonensesad,1486.9078008236754,1492.2169222447155,1510.4463118888254,-5.309121421040118,-0.2244022494131503
ligaportugal2,2024,scuniaotorreense,1497.0658843982822,1505.451633698405,1490.3805447174723,-8.385749300122825,-0.11894545460697037
ligaportugal2,2024,slbenficab,1496.75176476945,1508.9221321100176,1487.1297941338373,-12.170367340567736,-0.2219497658130066
ligaportugal2,2024,udleiria,1498.9780593268608,1497.6147484408211,1498.273536570258,1.3633108860396987,0.06499081540380856
ligaportugal2,2024,udoliveirense,1496.6114692452845,1506.8374115712613,1495.892042347685,-10.225942325976803,-0.4512569824264443
ligue1,2004,acajaccio,1500.0,1500.0,1500.0,0.0,
ligue1,2004,ajauxerre,1500.0,1500.0,1500.0,0.0,
ligue1,2004,asmonaco,1500.0,1500.0,1500.0,0.0,
ligue1,2004,assaintetienne,1500.0,1500.0,1500.0,0.0,
ligue1,2004,fcgbordeaux,1500.0,1500.0,1500.0,0.0,
ligue1,2004,fcistresouestprovence,1500.0,1500.0,1500.0,0.0,
ligue1,2004,fcmetz,1500.0,1500.0,1500.0,0.0,
ligue1,2004,fcnantes,1500.0,1500.0,1500.0,0.0,
ligue1,2004,fcparissaintgermain,1500.0,1500.0,1500.0,0.0,
ligue1,2004,fcsochauxmontbeliard,1500.0,1500.0,1500.0,0.0,
ligue1,2004,fctoulouse,1500.0,1500.0,1500.0,0.0,
ligue1,2004,losclille,1500.0,1500.0,1500.0,0.0,
ligue1,2004,ogcnice,1500.0,1500.0,1500.0,0.0,
ligue1,2004,olympiquelyon,1500.0,1500.0,1500.0,0.0,
ligue1,2004,olympiquemarselha,1500.0,1500.0,1500.0,0.0,
ligue1,2004,rclens,1500.0,1500.0,1500.0,0.0,
ligue1,2004,rcstrasbourgalsace,1500.0,1500.0,1500.0,0.0,
ligue1,2004,scbastia,1500.0,1500.0,1500.0,0.0,
ligue1,2004,smcaen,1500.0,1500.0,1500.0,0.0,
ligue1,2004,staderennaisfc,1500.0,1500.0,1500.0,0.0,
ligue1,2005,acajaccio,1513.864549818447,1507.3947111051855,1496.634428666327,6.469838713261424,0.17047477996872942
ligue1,2005,ajauxerre,1505.607603011308,1498.9580558340838,1514.9280204921222,6.649547177224122,0.20738169109598015
ligue1,2005,asmonaco,1507.6230103147939,1505.2671927887143,1497.4053486597327,2.3558175260795906,0.21089663501286113
ligue1,2005,asnancylorraine,1508.116581981276,1499.9642319587706,1509.467885273242,8.152350022505516,0.24923214334364058
ligue1,2005,assaintetienne,1496.895639960073,1511.5430506511939,1505.182009572899,-14.647410691120967,-0.40773349435819817
ligue1,2005,estactroyes,1508.0839831098747,1498.9355022305463,1510.5267062673759,9.148480879328417,0.31417291308811035
ligue1,2005,fcgbordeaux,1506.385396690962,1499.8628026155332,1514.1611266502043,6.522594075428742,0.04569427091945325
ligue1,2005,fcmetz,1513.364783170188,1507.2086099443418,1500.8513640843214,6.15617322584626,0.24956101809855236
ligue1,2005,fcnantes,1509.4721464411843,1514.5184517077214,1496.7907097542338,-5.046305266537047,0.02636207937660764
ligue1,2005,fcparissaintgermain,1498.0753911516533,1509.8558134685768,1507.3758596025882,-11.780422316923477,-0.4604576531114135
ligue1,2005,fcsochauxmontbeliard,1502.3541530426555,1503.7087094837775,1512.5963819451956,-1.3545564411219857,-0.09841842967266852
ligue1,2005,fctoulouse,1501.043449974711,1507.2321552404408,1514.3986875840187,-6.188705265729823,-0.10193337358954954
ligue1,2005,lemansunionclub72,1509.171210625326,1512.565571914991,1495.8930419532835,-3.3943612896650848,0.04738921035407251
ligue1,2005,losclille,1499.8032174157818,1510.3995297741224,1499.2050712591054,-10.596312358340583,-0.1072057894648711
ligue1,2005,ogcnice,1504.2242756080116,1509.5414845733035,1504.2609559342488,-5.317208965291911,-0.13884028471680024
ligue1,2005,olympiquelyon,1499.8316082055383,1503.569050128804,1500.3100730417802,-3.7374419232658056,-0.16168742017652687
ligue1,2005,olympiquemarselha,1503.787254010985,1500.8753211841818,1512.7504134173998,2.911932826803195,0.015817247625964585
ligue1,2005,rclens,1504.6489870912221,1506.5617910104686,1504.8360599809714,-1.9128039192464712,-0.23550124243102827
ligue1,2005,rcstrasbourgalsace,1506.140029954391,1499.795370615226,1510.781706931797,6.344659339164991,0.11599314925707362
ligue1,2005,staderennaisfc,1511.6304741428821,1506.3904560867907,1497.4061865649155,5.240018056091458,0.017574719584405096
ligue1,2006,ajauxerre,1506.488342477781,1518.1591638107207,1515.4431570688016,-11.670821332939568,-0.25307596201543336
ligue1,2006,asmonaco,1507.9835013546383,1513.8373394497517,1517.7119392846255,-5.85383809511336,-0.16695983605184841
ligue1,2006,asnancylorraine,1516.8268058900246,1522.2679454273243,1504.5611602076651,-5.441139537299705,-0.15465753234276483
ligue1,2006,assaintetienne,1509.781174387252,1514.3340759274552,1519.543403514175,-4.5529015402032655,-0.16695983605184841
ligue1,2006,cssedanardennes,1512.1656591671554,1520.434116094257,1509.8624584618249,-8.268456927101624,-0.05616499004927112
ligue1,2006,estactroyes,1517.9258686731825,1512.4186359227906,1517.8807863197458,5.50723275039195,0.05799657462853681
ligue1,2006,fcgbordeaux,1512.848230311038,1500.5694898526874,1520.550672687717,12.278740458350512,0.07732876617138242
ligue1,2006,fclorient,1520.5416467207267,1508.9618071580503,1513.6030865793505,11.579839562676398,0.14567794294029696
ligue1,2006,fcnantes,1517.7034738129396,1515.2720106005468,1513.0922381925836,2.4314632123928277,0.15290006038432433
ligue1,2006,fcparissaintgermain,1513.3677520946874,1513.887391370436,1515.1412140433042,-0.5196392757486592,0.03163449525192917
ligue1,2006,fcsochauxmontbeliard,1512.5326278304995,1515.2860186474993,1517.5370419022017,-2.753390816999854,-0.012302303709083565
ligue1,2006,fctoulouse,1520.537284573613,1511.6474032581523,1517.9501898441126,8.889881315460798,0.279438041392041
ligue1,2006,lemansunionclub72,1507.379830384216,1521.3850747579525,1512.1334128273952,-14.00524437373656,-0.16871730801028892
ligue1,2006,losclille,1514.8298128098716,1505.0104164139325,1513.8867277302709,9.819396395939066,0.2618633218076359
ligue1,2006,ogcnice,1518.052548060499,1513.0165234618219,1507.0500312373729,5.036024598677159,-0.08084371008826344
ligue1,2006,olympiquelyon,1506.2621200232259,1506.9566660590197,1511.110137234837,-0.6945460357937918,-0.30931506468552966
ligue1,2006,olympiquemarselha,1518.7595058125382,1511.4919750473573,1506.9722921909283,7.267530765180936,0.25307596201543336
ligue1,2006,rclens,1504.8677842300765,1513.916929649415,1516.726482901938,-9.049145419338402,-0.29174034510112457
ligue1,2006,staderennaisfc,1519.9234767947316,1517.056107076094,1501.938437887759,2.8673697186377467,0.2425311302647903
ligue1,2006,valenciennesfc,1511.1442442087675,1514.0125996322,1517.226819500855,-2.8683554234323765,0.15796403451357505
ligue1,2007,ajauxerre,1516.592737346905,1512.16435448141,1500.2307311499785,4.428382865494996,0.2157894736842105
ligue1,2007,asmonaco,1504.8247050779617,1514.5648910841637,1510.1765879501022,-9.740186006202066,-0.4280701754385965
ligue1,2007,asnancylorraine,1512.232206155061,1512.208651760701,1510.797950653848,0.023554394359962316,0.1701754385964912
ligue1,2007,assaintetienne,1519.5013344429688,1508.7330996719445,1509.6572434195905,10.768234771024254,0.2
ligue1,2007,fcgbordeaux,1505.9977051145554,1514.9138009598391,1507.1479209045579,-8.916095845283735,-0.0894736842105263
ligue1,2007,fclorient,1515.0972807734552,1507.419684422227,1511.7772363879983,7.677596351228203,0.21403508771929824
ligue1,2007,fcmetz,1512.9564996876115,1513.3531406684842,1515.8462741662286,-0.3966409808726894,0.08070175438596491
ligue1,2007,fcparissaintgermain,1520.5595025948405,1513.17324898448,1499.0889124131936,7.386253610360427,0.14736842105263157
ligue1,2007,fcsochauxmontbeliard,1514.8588361241789,1506.7462255453636,1510.0301940096715,8.112610578815293,0.04385964912280702
ligue1,2007,fctoulouse,1508.478579883894,1509.106569743684,1514.6991119155443,-0.6279898597899773,-0.0543859649122807
ligue1,2007,lemansunionclub72,1511.742983415035,1500.5646471439177,1520.2593456599852,11.17833627111736,-0.08771929824561404
ligue1,2007,losclille,1509.903072168412,1511.935547945749,1511.8361000836646,-2.032475777336913,-0.0456140350877193
ligue1,2007,ogcnice,1502.537379237678,1509.5679490030504,1520.0263440474491,-7.030569765372547,-0.2
ligue1,2007,olympiquelyon,1506.5259225574875,1505.1055150718162,1503.9220377337929,1.420407485671376,0.08596491228070174
ligue1,2007,olympiquemarselha,1502.8394646833867,1510.7737582641744,1510.9956829100952,-7.934293580787653,-0.27017543859649124
ligue1,2007,rclens,1517.6840585817029,1511.0939798700226,1501.453726541688,6.590078711680235,0.042105263157894736
ligue1,2007,rcstrasbourgalsace,1508.7512202955734,1516.0889868005288,1515.3593787240586,-7.337766504955425,0.14210526315789473
ligue1,2007,smcaen,1504.9468760586417,1507.7264802231648,1522.7888875505544,-2.779604164523107,-0.1824561403508772
ligue1,2007,staderennaisfc,1505.3344382635244,1511.4916685129222,1509.0897096469355,-6.157230249397799,-0.05087719298245614
ligue1,2007,valenciennesfc,1508.324782970186,1516.7666164330983,1511.6686392555928,-8.4418334629122,-0.02280701754385965
ligue1,2008,ajauxerre,1520.2518000849113,1512.3592330011645,1519.948844982186,7.892567083746826,0.18078106172109143
ligue1,2008,asmonaco,1510.870459755003,1518.5980804256558,1521.8863183683743,-7.727620670652868,-0.0860026410129464
ligue1,2008,asnancylorraine,1521.903243368937,1510.9101677064036,1513.8734536594266,10.993075662533329,-0.010530935634238335
ligue1,2008,assaintetienne,1515.397118819569,1506.8092312680053,1523.159034207314,8.587887551563654,-0.05002194426263209
ligue1,2008,fcgbordeaux,1510.870459755003,1510.7239360110527,1513.6345447470537,0.14652374395018342,0.08512506304342654
ligue1,2008,fclorient,1509.9352382692384,1519.7407555519103,1517.3813345793578,-9.805517282671872,-0.21412902456284613
ligue1,2008,fcnantes,1513.966580979164,1524.4036411937088,1516.9076521358436,-10.437060214544772,-0.3264590046613884
ligue1,2008,fcparissaintgermain,1514.250128712513,1519.2403054689441,1518.140672610263,-4.990176756431083,0.009653357664718474
ligue1,2008,fcsochauxmontbeliard,1527.103393298369,1515.6035099907374,1508.5504872882475,11.499883307631535,0.23694605177036254
ligue1,2008,fctoulouse,1516.243911140403,1523.3659897073278,1512.9393255155496,-7.122078566924756,-0.08775779695198613
ligue1,2008,grenoblefoot38,1519.258029924373,1510.0209692765884,1520.6122547397938,9.237060647784574,0.02631578947368421
ligue1,2008,lehavreac,1523.0679249419693,1508.170573910548,1518.9458239357455,14.897351031421294,0.1105263157894737
ligue1,2008,lemansunionclub72,1523.7121487587294,1515.451198943928,1509.867381902614,8.260949814801506,0.12549364964134016
ligue1,2008,losclille,1514.256764246474,1512.4738718131475,1515.7445516978007,1.782892433326424,0.10706451228142307
ligue1,2008,ogcnice,1516.243911140403,1511.8410737487272,1517.4502210727032,4.402837391675803,-0.05616499004927112
ligue1,2008,olympiquelyon,1512.2100909290732,1508.3333991646687,1510.9402700550625,3.8766917644045407,0.10969724618998265
ligue1,2008,olympiquemarselha,1503.8733331045821,1514.524925944666,1520.7061763950421,-10.651592840083822,-0.22817027207516394
ligue1,2008,smcaen,1512.0518432250647,1528.8409413831746,1508.079505329778,-16.789098158109937,-0.17551559390397226
ligue1,2008,staderennaisfc,1516.8110817771392,1515.0310731716954,1511.1867371076487,1.7800086054437543,0.2308030059837235
ligue1,2008,valenciennesfc,1512.3866734218052,1528.2212579706695,1514.709545322919,-15.834584548864314,0.011408513603758198
ligue1,2009,ajauxerre,1518.8546428485945,1523.0619955572754,1516.47302781345,-4.207352708680901,-0.14129005309269768
ligue1,2009,asmonaco,1518.5819681079784,1524.2968037927308,1520.9374489475254,-5.7148356847524155,-0.1448003649707771
ligue1,2009,asnancylorraine,1514.1656595598952,1511.0507105686702,1538.977817192674,3.114948991224992,-0.2939886197891535
ligue1,2009,assaintetienne,1523.401561043361,1518.609276834379,1523.0505543152578,4.792284208981982,0.029837650963675282
ligue1,2009,fcgbordeaux,1510.2812680669585,1510.7713514654608,1520.5273905936992,-0.49008339850229277,-0.23606847380084267
ligue1,2009,fclorient,1511.0736727536832,1521.4552969785946,1529.37540117927,-10.38162422491132,-0.1544537226354956
ligue1,2009,fcparissaintgermain,1517.7468333077734,1515.0397000239816,1523.958675402308,2.7071332837917907,-0.016673981420877365
ligue1,2009,fcsochauxmontbeliard,1519.5869643854176,1534.1776257576162,1510.0918675567175,-14.59066137219861,0.02018429329895681
ligue1,2009,fctoulouse,1519.1780169748054,1521.9600511425158,1513.199462190982,-2.782034167710435,-0.35015360983842464
ligue1,2009,grenoblefoot38,1524.3839640558126,1518.3133639120856,1522.3343601249787,6.070600143727006,0.16498465826973394
ligue1,2009,lemansunionclub72,1531.4243484161632,1523.359253094809,1513.3620991111165,8.065095321354192,0.2509872992826803
ligue1,2009,losclille,1527.9333232639553,1521.6720697516612,1503.839239128493,6.261253512294161,0.4344010949123313
ligue1,2009,montpellierhsc,1510.922366438983,1526.1117562153258,1524.1013497910494,-15.18938977634275,-0.08070175438596491
ligue1,2009,ogcnice,1525.2894671580088,1526.3893389804264,1511.0520420027567,-1.0998718224175263,0.22378238222756464
ligue1,2009,olympiquelyon,1507.6282045855557,1520.7966534051438,1517.9308787634352,-13.168448819588093,-0.33523478435658705
ligue1,2009,olympiquemarselha,1526.4433867731623,1514.3564066333727,1504.5893198820995,12.086980139789603,0.151820988726936
ligue1,2009,rclens,1526.4097896890096,1519.3565163356752,1519.1121085458083,7.053273353334362,0.28258010618539536
ligue1,2009,staderennaisfc,1524.8443820978498,1514.3396159138838,1514.8895522523947,10.504766183966012,0.11496271400710184
ligue1,2009,usboulogne,1511.687404519902,1517.683330822782,1531.8235861858218,-5.99592630287998,-0.14736842105263157
ligue1,2009,valenciennesfc,1522.0821636284675,1521.413568413027,1519.997908771421,0.6685952154405186,0.19921019908100854
ligue1,2010,acarlesavignon,1528.791402471865,1513.2163742278829,1530.2610013206174,15.57502824398216,0.06140350877192983
ligue1,2010,ajauxerre,1506.9490138245383,1519.5588623351514,1530.8855068263645,-12.60984851061312,-0.18253621766013117
ligue1,2010,asmonaco,1535.6113674590094,1517.7576232574013,1517.401902942782,17.85374420160815,0.6011409091211048
ligue1,2010,asnancylorraine,1532.867078060567,1506.6903478968843,1534.7876160724672,26.176730163682805,0.15094341075741616
ligue1,2010,assaintetienne,1520.4854569341242,1515.5435361763239,1539.6434628174077,4.94192075780029,-0.25010972131316045
ligue1,2010,fcgbordeaux,1531.1115824141204,1507.5531954065857,1524.8529760845026,23.558387007534748,0.30013166557579257
ligue1,2010,fclorient,1525.844101087996,1521.368465746589,1520.6695116912208,4.475635341407042,0.15796403451357505
ligue1,2010,fcparissaintgermain,1529.5456741539574,1538.255611230704,1505.642192019625,-8.709937076746655,-0.10267662243382376
ligue1,2010,fcsochauxmontbeliard,1536.375688824511,1524.1916346782843,1518.808851794284,12.184054146226572,-0.0860026410129464
ligue1,2010,fctoulouse,1506.166476213352,1529.176615464406,1534.6945574669173,-23.010139251053943,-0.24221151958748172
ligue1,2010,losclille,1528.2725889084315,1509.9838787386548,1520.786869468381,18.288710169776778,0.016673981420877365
ligue1,2010,montpellierhsc,1505.1982684518816,1529.5879129634743,1526.3530624854961,-24.389644511592678,-0.32294869278330895
ligue1,2010,ogcnice,1516.2792017349402,1529.418530279205,1527.7474110346925,-13.1393285442648,-0.032470384872234866
ligue1,2010,olympiquelyon,1508.106552323311,1516.3727921253023,1530.0668460528768,-8.266239801991333,-0.278192216337796
ligue1,2010,olympiquemarselha,1505.8677216250355,1526.0636853781443,1519.2699855709154,-20.1959637531088,-0.2729267485206769
ligue1,2010,rclens,1507.0741806260078,1532.5064190395274,1531.110099794381,-25.4322384135196,-0.30978502324051105
ligue1,2010,smcaen,1536.8113144293447,1522.8365827003622,1517.8714566186345,13.974731728982533,0.6283458261762207
ligue1,2010,stadebrestois29,1526.207604234808,1534.780313345497,1511.0821067295178,-8.572709110688947,0.06140350877192983
ligue1,2010,staderennaisfc,1519.8468187984893,1538.255611230704,1510.554232640165,-18.408792432214796,-0.30978502324051105
ligue1,2010,valenciennesfc,1542.9963591699154,1522.2333636753588,1507.4243872192599,20.762995494556662,0.3782361048630602
ligue1,2011,acajaccio,1524.826857756894,1531.5203096062785,1515.2787584681355,-6.6934518493844735,-0.05616499004927112
ligue1,2011,ajauxerre,1522.6410981683575,1529.8955003290403,1510.0487188020438,-7.25440216068273,0.062308035835910144
ligue1,2011,asnancylorraine,1524.9091909274948,1526.9086500667468,1517.4974658902684,-1.9994591392519396,0.18955684141629003
ligue1,2011,assaintetienne,1537.4894183067652,1517.9559153418058,1516.6136261439037,19.533502964959325,0.5160158460776784
ligue1,2011,dijonfco,1519.9285582454531,1528.4319206478742,1520.7959520604966,-8.50336240242109,-0.19649122807017544
ligue1,2011,fcevianthonongaillard,1515.9723411859638,1529.9749892959296,1522.904776082739,-14.002648109965776,-0.3578947368421052
ligue1,2011,fcgbordeaux,1519.6057208552509,1514.6584289043954,1530.7847903352704,4.947291950855515,-0.07810443928726764
ligue1,2011,fclorient,1522.596188704042,1517.6627871640558,1527.4533531284653,4.933401539986335,0.20798597877620711
ligue1,2011,fcparissaintgermain,1507.3745810724138,1525.6921692392493,1529.064177615778,-18.31758816683555,-0.2290478500446838
ligue1,2011,fcsochauxmontbeliard,1523.9519009305807,1517.9559153418058,1523.5930272227815,5.995985588774829,0.1974550431419688
ligue1,2011,fctoulouse,1515.215512296941,1527.926149028386,1525.519622454882,-12.710636731444993,-0.24659940943508105
ligue1,2011,losclille,1525.9260305254254,1511.38316400362,1513.8348197620294,14.542866521805308,0.16147434639165448
ligue1,2011,montpellierhsc,1524.2361831912285,1524.7634945249702,1520.536302962639,-0.5273113337416362,0.21325144659332632
ligue1,2011,ogcnice,1512.252438353521,1533.829770173893,1523.8267713322332,-21.57733182037191,-0.3896446184668184
ligue1,2011,olympiquelyon,1520.132731616746,1514.8935765111914,1521.237473941449,5.239155105554573,-0.4115840677048149
ligue1,2011,olympiquemarselha,1522.839360514229,1508.2918601691426,1522.273896925313,14.547500345086291,0.22553753816660435
ligue1,2011,smcaen,1527.3422327542246,1524.0122411353154,1519.5137792747596,3.329991618909162,0.29925408760627265
ligue1,2011,stadebrestois29,1521.020630269725,1525.2713897899314,1524.4188485319266,-4.250759520206429,-0.12461607167182029
ligue1,2011,staderennaisfc,1527.3641184227238,1514.707789708346,1525.3936773807166,12.656328714377878,0.17025012608685308
ligue1,2011,valenciennesfc,1523.9274279791487,1522.513655837008,1520.265529019442,1.413772142140715,-0.15269856669645585
ligue1,2012,acajaccio,1526.1493256530812,1517.8033260855182,1526.4667695368769,8.345999567563013,-0.0035087719298245615
ligue1,2012,asnancylorraine,1527.9641170736857,1516.8046900203265,1524.3009497689634,11.159427053359195,0.012280701754385965
ligue1,2012,assaintetienne,1527.065367891184,1525.6211708666328,1514.243503715097,1.4441970245511584,0.11403508771929824
ligue1,2012,estactroyes,1520.687397154022,1523.9519631636806,1525.2829132757786,-3.2645660096586653,-0.27017543859649124
ligue1,2012,fcevianthonongaillard,1525.4909799586392,1531.3522451878853,1510.4339767129723,-5.861265229246101,0.08421052631578947
ligue1,2012,fcgbordeaux,1521.0553541572424,1515.673557954923,1521.7372925089267,5.381796202319492,0.10175438596491228
ligue1,2012,fclorient,1526.8232950665708,1526.208888494684,1521.259148095262,0.614406571886775,0.1649122807017544
ligue1,2012,fcparissaintgermain,1522.7203440363116,1512.1627642639967,1517.6242422334738,10.557579772314966,0.05263157894736842
ligue1,2012,fcsochauxmontbeliard,1526.330207513454,1516.403755433286,1527.6662008809892,9.92645208016802,0.16842105263157894
ligue1,2012,fctoulouse,1523.542671130401,1521.508429262589,1521.6525292762142,2.034241867811943,0.19649122807017544
ligue1,2012,losclille,1519.3602151306384,1510.5718152630175,1520.6331803893522,8.78839986762091,0.10526315789473684
ligue1,2012,montpellierhsc,1511.024643102225,1526.4318079774805,1514.4616957584904,-15.407164875255603,-0.11929824561403508
ligue1,2012,ogcnice,1519.9285030843905,1525.3843303186118,1524.4486577524667,-5.45582723422126,-0.31228070175438594
ligue1,2012,olympiquelyon,1510.7049603878888,1516.5534457756587,1531.0697665203381,-5.84848538776987,-0.23508771929824557
ligue1,2012,olympiquemarselha,1522.1299102902412,1522.706034799952,1520.998792605737,-0.5761245097107803,0.03508771929824562
ligue1,2012,scbastia,1519.766056922741,1522.018818071495,1527.35374316563,-2.2527611487539616,-0.1105263157894737
ligue1,2012,stadebrestois29,1517.0231179317223,1535.951650025219,1517.481730327284,-18.928532093496642,-0.3245614035087719
ligue1,2012,stadereims,1522.1187567759343,1524.5069924967017,1522.0173825294135,-2.3882357207673977,0.14912280701754385
ligue1,2012,staderennaisfc,1528.6262551373736,1517.5594781406446,1517.991605628382,11.066776996729004,0.46315789473684205
ligue1,2012,valenciennesfc,1515.4443208314342,1525.9458147230528,1529.0724475786371,-10.501493891618566,-0.3245614035087719
ligue1,2013,acajaccio,1528.905628994079,1520.3039019467533,1524.3453289719796,8.601727047325767,0.1754385964912281
ligue1,2013,asmonaco,1539.1899330621711,1514.9574321448804,1516.4039647288541,24.232500917290736,0.39649122807017545
ligue1,2013,assaintetienne,1524.7536668033674,1513.8719665606952,1521.5964981546354,10.881700242672196,0.21228070175438596
ligue1,2013,eaguingamp,1525.1667488694723,1520.5425077469247,1524.2227454419517,4.6242411225475735,0.13508771929824562
ligue1,2013,fcevianthonongaillard,1517.8441091165505,1519.9827415523719,1534.296402769523,-2.138632435821364,-0.19122807017543858
ligue1,2013,fcgbordeaux,1526.2498483177924,1516.4917329902228,1521.209417750884,9.758115327569612,0.02982456140350877
ligue1,2013,fclorient,1530.4759521588176,1528.8800060520955,1510.984448895636,1.5959461067220673,0.1842105263157895
ligue1,2013,fcnantes,1522.7595300677797,1517.2641590530952,1532.1722746249766,5.495371014684451,-0.243859649122807
ligue1,2013,fcparissaintgermain,1513.9514577556995,1523.2488620532008,1510.3480739462307,-9.297404297501316,-0.04385964912280702
ligue1,2013,fcsochauxmontbeliard,1518.0313287302426,1525.0682792741204,1529.0271592313945,-7.036950543877765,-0.12631578947368421
ligue1,2013,fctoulouse,1526.0479074159455,1519.7914995894864,1522.1122623915342,6.2564078264590535,0.1754385964912281
ligue1,2013,losclille,1509.0336456094358,1523.9066708742137,1523.4667705474765,-14.87302526477788,-0.30526315789473685
ligue1,2013,montpellierhsc,1523.2802233023012,1532.7131553025417,1509.9038514773988,-9.432932000240498,-0.07368421052631578
ligue1,2013,ogcnice,1518.9097183464862,1526.9409655910122,1515.9064541508515,-8.031247244525957,0.07719298245614034
ligue1,2013,olympiquelyon,1508.1973824098056,1536.5196380333982,1513.6956399863966,-28.322255623592582,-0.3877192982456141
ligue1,2013,olympiquemarselha,1517.946866840776,1524.5818381903807,1515.908358524419,-6.634971349604712,-0.16140350877192983
ligue1,2013,scbastia,1529.480238010069,1525.0114608370736,1516.5484751394895,4.46877717299526,0.010526315789473684
ligue1,2013,stadereims,1520.9651430868146,1519.3806185713645,1530.0309322321557,1.5845245154500844,0.18771929824561404
ligue1,2013,staderennaisfc,1520.0417524928514,1521.6057460685392,1531.097005178179,-1.5639935756878458,-0.1087719298245614
ligue1,2013,valenciennesfc,1520.743557554072,1509.8510974848784,1539.7589338278426,10.892460069193476,0.06140350877192983
ligue1,2014,asmonaco,1521.4052435975857,1516.8325299768012,1516.7378727036823,4.572713620784498,0.2070175438596491
ligue1,2014,assaintetienne,1520.945287896425,1517.2779990666838,1518.0330191742999,3.66728882974121,-0.14912280701754385
ligue1,2014,eaguingamp,1524.402623759526,1523.8492961749298,1525.6803175509422,0.553327584596218,0.2
ligue1,2014,fcevianthonongaillard,1523.3788340449962,1516.7516794445696,1530.9707299012393,6.627154600426593,-0.03684210526315789
ligue1,2014,fcgbordeaux,1519.4073347851984,1522.717678126888,1522.8334002137285,-3.3103433416895314,-0.15614035087719297
ligue1,2014,fclorient,1532.5149425654417,1526.8545823537502,1510.0899544565036,5.660360211691568,0.03684210526315789
ligue1,2014,fcmetz,1509.7797912727747,1535.945037974966,1525.4810915284756,-26.165246702191325,-0.28947368421052627
ligue1,2014,fcnantes,1510.5450741312463,1524.2215552968967,1535.5568136241525,-13.67648116565033,-0.2596491228070175
ligue1,2014,fcparissaintgermain,1517.2918170286423,1513.5727611217555,1513.572504100195,3.7190559068867515,0.07719298245614034
ligue1,2014,fctoulouse,1525.0154186458224,1533.6030873503141,1510.6005351865347,-8.587668704491762,-0.16666666666666666
ligue1,2014,losclille,1511.2507010239535,1523.5362512519755,1519.7142417116206,-12.285550228021975,-0.2596491228070175
ligue1,2014,montpellierhsc,1520.6260489869567,1526.2565776164386,1523.5787342852786,-5.630528629481887,0.014035087719298246
ligue1,2014,ogcnice,1523.64641240285,1523.1503150353772,1526.274015297258,0.4960973674728848,0.18947368421052632
ligue1,2014,olympiquelyon,1528.811598939146,1510.985923275031,1520.7754519281168,17.825675664115124,0.2263157894736842
ligue1,2014,olympiquemarselha,1501.8929476082842,1535.9610492990873,1521.2561244367248,-34.06810169080313,-0.4719298245614035
ligue1,2014,rclens,1522.9943207609213,1528.3385848499163,1520.8494758001302,-5.344264088995033,-0.2771929824561403
ligue1,2014,scbastia,1530.0305780594188,1522.8162929059063,1518.790204366196,7.214285153512492,0.2982456140350877
ligue1,2014,smcaen,1531.5396556967223,1510.8037015324933,1531.534492099905,20.735954164229042,0.21929824561403505
ligue1,2014,stadereims,1531.098236704659,1526.1523987632693,1515.6594834580133,4.945837941389755,0.2157894736842105
ligue1,2014,staderennaisfc,1535.3594397938832,1512.8605411384037,1523.3963110304576,22.49889865547948,0.3473684210526316
ligue1,2015,angerssco,1506.4458441712252,1515.0870288813667,1559.7634578043921,-8.641184710141488,-0.5807017543859649
ligue1,2015,asmonaco,1520.153164054106,1536.12000557197,1509.7896506720315,-15.966841517864168,-0.0974111546167046
ligue1,2015,assaintetienne,1510.137313360816,1512.619359458514,1544.5312864920743,-2.482046097698003,-0.3817464167411396
ligue1,2015,eaguingamp,1535.4257210581593,1540.349962288164,1508.7590655254658,-4.924241230004782,0.16761739217829352
ligue1,2015,estactroyes,1523.928163408975,1532.1674144947797,1528.2136912199794,-8.239251085804653,-0.05528741207975126
ligue1,2015,fcgbordeaux,1525.837600024652,1518.1948414990284,1530.2054213450842,7.642758525623549,-0.13865731918413807
ligue1,2015,fclorient,1533.4731419213829,1522.2559603777804,1530.2190853148218,11.217181543602464,0.386134306588739
ligue1,2015,fcnantes,1530.66801870201,1534.2094520568837,1521.7176962834585,-3.5414333548737886,0.04826678832359237
ligue1,2015,fcparissaintgermain,1527.9048172311177,1519.0409070598778,1511.2156163913933,8.863910171239922,0.24747698740460086
ligue1,2015,fctoulouse,1534.0197901424465,1526.5867135847047,1527.1588463643338,7.433076557741742,0.32733658263090826
ligue1,2015,gfcoajaccio,1533.4985862298815,1535.0250386043033,1514.8536861811576,-1.5264523744217513,0.06491228070175438
ligue1,2015,losclille,1537.0583826423265,1529.3585568658625,1509.8719598206023,7.6998257764639675,0.5151382681081585
ligue1,2015,montpellierhsc,1533.427447288228,1531.2585158725876,1515.947718164898,2.1689314156403725,0.21500660253236603
ligue1,2015,ogcnice,1521.3430325238105,1533.0920229040507,1529.1266918049919,-11.74899038024023,0.08073717319582724
ligue1,2015,olympiquelyon,1515.350461058427,1516.9323154962801,1534.4984386516962,-1.5818544378530532,-0.1474330988793367
ligue1,2015,olympiquemarselha,1516.3038154102635,1511.2341761246987,1544.2680179313936,5.06963928556479,-0.386134306588739
ligue1,2015,scbastia,1530.8346032981506,1512.076584577192,1539.9483764797187,18.75801872095849,0.05002194426263209
ligue1,2015,smcaen,1514.1449283288973,1533.049358809995,1535.687732908665,-18.904430481097734,-0.3176832249661898
ligue1,2015,stadereims,1546.2459851705398,1538.9783574650194,1502.667854214844,7.267627705520454,0.10706451228142307
ligue1,2015,staderennaisfc,1529.002412459369,1527.5666564917253,1526.7589349137818,1.4357559676436722,-0.0386134306588739
ligue1,2016,angerssco,1516.5001906861087,1531.6832210071739,1529.2235820005053,-15.18303032106519,-0.11228070175438597
ligue1,2016,asmonaco,1522.7983888342724,1514.3565561709681,1526.1826544888743,8.44183266330424,-0.028070175438596492
ligue1,2016,asnancylorraine,1541.5002002878146,1529.4201277555455,1508.7793065045792,12.080072532269014,0.13684210526315788
ligue1,2016,assaintetienne,1532.3643824469534,1520.3324194636043,1517.3879326437595,12.031962983349104,0.23157894736842102
ligue1,2016,dijonfco,1527.2471020275298,1522.2554448255119,1530.0136133030674,4.991657202017905,0.0456140350877193
ligue1,2016,eaguingamp,1520.574124607546,1525.489776353431,1532.5008083412883,-4.915651745884816,0.019298245614035085
ligue1,2016,fcgbordeaux,1521.1582057629357,1522.7158544655538,1529.0552717427677,-1.557648702618053,-0.24035087719298245
ligue1,2016,fclorient,1520.776570362055,1525.546053985815,1532.2847210432105,-4.769483623759925,-0.04912280701754386
ligue1,2016,fcmetz,1541.352857465028,1536.5540421860237,1509.0890700979012,4.798815279004202,0.23859649122807017
ligue1,2016,fcnantes,1512.5125819252305,1527.5505542447816,1537.6084285070049,-15.037972319551045,-0.11754385964912278
ligue1,2016,fcparissaintgermain,1515.973920711688,1510.1400272942303,1521.7766281846393,5.8338934174576025,-0.028070175438596492
ligue1,2016,fctoulouse,1543.5877352370223,1534.852855554802,1502.8257816422188,8.734879682220253,0.41052631578947374
ligue1,2016,losclille,1521.2837124421803,1509.806670528663,1534.3132078774,11.477041913517269,-0.3298245614035088
ligue1,2016,montpellierhsc,1518.2252927337304,1532.983606859371,1523.1369599201557,-14.758314125640709,-0.031578947368421054
ligue1,2016,ogcnice,1517.8411886303293,1527.1253440307737,1523.6259369004908,-9.284155400444433,0.20877192982456141
ligue1,2016,olympiquelyon,1510.0292318164838,1517.104638768633,1535.8387118878445,-7.075406952149251,-0.042105263157894736
ligue1,2016,olympiquemarselha,1521.366672761861,1526.857163492967,1524.0773123608185,-5.490490731105865,-0.24736842105263157
ligue1,2016,scbastia,1526.7476691098761,1526.6403287629694,1522.8871069986167,0.10734034690676708,-0.15964912280701754
ligue1,2016,smcaen,1531.759118372509,1524.391795634702,1520.364767093168,7.367322737806944,0.12982456140350876
ligue1,2016,staderennaisfc,1525.177290341638,1518.92473445382,1531.8498557479327,6.2525558878178344,-0.015789473684210527
ligue1,2017,amienssc,1537.610033163816,1523.0279851238633,1505.9080353822546,14.582048039952724,0.26491228070175443
ligue1,2017,angerssco,1531.953102342779,1521.791990659933,1513.839326531261,10.161111682846013,0.27017543859649124
ligue1,2017,asmonaco,1509.7193565272794,1506.8774293893903,1521.3786689843137,2.8419271378891153,-0.0894736842105263
ligue1,2017,assaintetienne,1508.4786705316503,1525.431325389052,1527.9126629842335,-16.95265485740174,-0.2508771929824561
ligue1,2017,dijonfco,1541.47521358897,1502.6423293883443,1527.9807898519723,38.83288420062581,0.2157894736842105
ligue1,2017,eaguingamp,1545.036082618022,1528.9261594658726,1494.5147827068479,16.10992315214935,0.38947368421052625
ligue1,2017,estactroyes,1511.421264761104,1538.1390941479362,1526.5030122459855,-26.717829386832136,-0.10175438596491228
ligue1,2017,fcgbordeaux,1525.0067580307684,1530.8241770475274,1501.9343041315021,-5.817419016759004,-0.08070175438596491
ligue1,2017,fcmetz,1528.3077335533387,1512.9290245560894,1529.9910328876747,15.378708997249305,0.06666666666666667
ligue1,2017,fcnantes,1494.9542867070443,1518.0515736210634,1548.246381556813,-23.09728691401915,-0.2631578947368421
ligue1,2017,fcparissaintgermain,1512.9421218289801,1518.2149993497453,1507.1320502459967,-5.272877520765178,0.021052631578947368
ligue1,2017,fctoulouse,1530.3191895237824,1518.7264508681362,1520.1985428106757,11.592738655646144,0.11228070175438597
ligue1,2017,losclille,1512.30441707771,1525.1591550482824,1524.9848680256925,-12.854737970572387,-0.1736842105263158
ligue1,2017,montpellierhsc,1525.6230814198816,1513.2942941329986,1532.2969548016385,12.32878728688297,-0.2368421052631579
ligue1,2017,ogcnice,1521.6498966548795,1516.4648795757955,1511.4768223249764,5.185017079083991,-0.056140350877192984
ligue1,2017,olympiquelyon,1521.9824188126167,1496.8254237392493,1535.7318190868912,25.156995073367398,0.11929824561403508
ligue1,2017,olympiquemarselha,1530.891781377952,1518.1979852461018,1507.5364021707153,12.69379613185015,0.16315789473684209
ligue1,2017,rcstrasbourgalsace,1522.3776096755303,1531.6800046359988,1512.2426729831618,-9.302394960468519,0.1701754385964912
ligue1,2017,smcaen,1507.9417616302696,1523.6589585973795,1538.828942095286,-15.717196967109885,-0.32631578947368417
ligue1,2017,staderennaisfc,1508.2427406555169,1523.973762795614,1530.6352623813077,-15.731022140097139,-0.2421052631578947
ligue1,2018,amienssc,1520.992595517541,1508.8775236588494,1541.9906250558577,12.115071858691635,-0.05263157894736842
ligue1,2018,angerssco,1528.4263064670988,1540.0475909692566,1506.5147838559592,-11.621284502157778,-0.07543859649122807
ligue1,2018,asmonaco,1503.7627630464551,1522.1670836693886,1521.7932187283864,-18.404320622933483,-0.15964912280701754
ligue1,2018,assaintetienne,1512.776674933847,1510.189331182181,1542.2273953587578,2.5873437516661397,-0.28947368421052627
ligue1,2018,dijonfco,1510.33204388421,1526.003680696831,1535.3681641004878,-15.671636812621045,-0.2614035087719298
ligue1,2018,eaguingamp,1513.5225382757824,1512.2646189893953,1545.5970785921513,1.2579192863870503,-0.10701754385964912
ligue1,2018,fcgbordeaux,1516.677181243922,1522.8498861664714,1525.3895477365927,-6.172704922549428,-0.22807017543859648
ligue1,2018,fcnantes,1508.860661715598,1523.9546791823632,1536.3767997062555,-15.09401746676508,-0.30350877192982456
ligue1,2018,fcparissaintgermain,1515.0984672166571,1504.4767982841129,1523.7220015266178,10.621668932544253,-0.09298245614035087
ligue1,2018,fctoulouse,1528.6728622412495,1531.1050936003323,1518.8693521648745,-2.4322313590828344,0.3140350877192983
ligue1,2018,losclille,1535.8388029876135,1530.5620370039976,1510.4065798602965,5.27676598361586,0.21403508771929824
ligue1,2018,montpellierhsc,1502.1317080825813,1527.7245273789829,1538.410907449392,-25.592819296401558,-0.4140350877192982
ligue1,2018,nimesolympique,1541.1543347185204,1536.5584032108102,1494.6494382856317,4.595931507710247,0.2210526315789474
ligue1,2018,ogcnice,1527.6662669621128,1526.0848950267925,1510.7095313782263,1.5813719353202487,-0.028070175438596492
ligue1,2018,olympiquelyon,1517.0534786383712,1509.7116711262495,1527.0800175337824,7.341807512121704,-0.13684210526315788
ligue1,2018,olympiquemarselha,1528.0419743831474,1525.7434508194694,1501.4048671295193,2.298523563677918,-0.042105263157894736
ligue1,2018,rcstrasbourgalsace,1528.2513907783743,1531.3089287857476,1517.6944052249423,-3.057538007373296,0.21228070175438596
ligue1,2018,smcaen,1538.5705079637119,1536.0198032708663,1506.5700135008176,2.5507046928455566,0.5473684210526315
ligue1,2018,stadereims,1543.213972268931,1517.5236987025457,1515.3862951213653,25.690273566385258,0.512280701754386
ligue1,2018,staderennaisfc,1528.7324467122692,1516.7843142825552,1519.4349177588765,11.94813242971395,0.11403508771929824
ligue1,2021,angerssco,1524.8326029466807,1524.809233334795,1513.312056279427,0.023369611885755148,-0.021052631578947368
ligue1,2021,asmonaco,1514.370558442524,1521.5393082207763,1525.4861171915293,-7.168749778252277,-0.2543859649122807
ligue1,2021,assaintetienne,1516.2826202343824,1516.405437939082,1519.713228493547,-0.12281770469962794,-0.021052631578947368
ligue1,2021,clermontfoot63,1521.7512719725098,1513.9355674720755,1527.0324897535802,7.815704500434322,-0.12280701754385966
ligue1,2021,estactroyes,1528.1950534510233,1527.8077097182836,1516.7376880106362,0.3873437327397369,0.12280701754385966
ligue1,2021,fcgbordeaux,1518.2021805967204,1525.360648088058,1522.044246833987,-7.15846749133766,0.056140350877192984
ligue1,2021,fclorient,1530.3799022906267,1524.0673707819637,1512.371229195947,6.312531508662914,0.27543859649122804
ligue1,2021,fcmetz,1520.7882831415943,1525.099946675589,1526.0266396333864,-4.311663533994761,-0.06491228070175438
ligue1,2021,fcnantes,1506.4493890903934,1514.9124201688976,1539.0446001693306,-8.463031078504173,-0.11228070175438597
ligue1,2021,fcparissaintgermain,1516.042467010194,1501.2395203993995,1520.4969029358147,14.802946610794606,-0.1280701754385965
ligue1,2021,losclille,1521.6096778364226,1511.9330418082225,1517.4389092086224,9.676636028200164,-0.005263157894736842
ligue1,2021,montpellierhsc,1522.0105038030033,1522.8991337340537,1511.3836621732278,-0.8886299310504455,0.16140350877192983
ligue1,2021,ogcnice,1518.5572818152634,1524.967717701683,1513.4934414292231,-6.410435886419464,0.10701754385964912
ligue1,2021,olympiquelyon,1511.9224052855277,1508.7278358359777,1525.086718194932,3.1945694495500447,-0.18947368421052632
ligue1,2021,olympiquemarselha,1528.4154119140348,1527.9082901600393,1497.2577342382585,0.5071217539955342,0.1
ligue1,2021,rclens,1524.7195620847206,1515.7987230149504,1526.1492199505997,8.920839069770182,-0.015789473684210527
ligue1,2021,rcstrasbourgalsace,1524.050510458516,1528.3059255292408,1511.156746034042,-4.255415070724666,-0.03684210526315789
ligue1,2021,stadebrestois29,1531.0555074166339,1511.9557228249125,1522.8632878986805,19.099784591721345,0.23859649122807017
ligue1,2021,stadereims,1511.7569266041876,1523.4265313878423,1523.3412874291353,-11.669604783654677,-0.05964912280701754
ligue1,2021,staderennaisfc,1505.4078874068625,1525.6999190059782,1526.3637987479144,-20.292031599115717,-0.29473684210526313
ligue1,2022,acajaccio,1527.8079428765798,1529.731740191413,1508.6554794675142,-1.9237973148333367,0.0824561403508772
ligue1,2022,ajauxerre,1516.9371806393738,1527.7232740976665,1518.9802507398977,-10.786093458292726,0.014035087719298246
ligue1,2022,angerssco,1518.9677895297555,1529.6676498369866,1519.9303484348216,-10.69986030723112,-0.012280701754385965
ligue1,2022,asmonaco,1532.0394159598045,1507.0846205901746,1512.8173562496258,24.954795369629892,0.48245614035087714
ligue1,2022,clermontfoot63,1522.5279428345991,1508.3528993220777,1539.8048877205006,14.17504351252137,0.06491228070175438
ligue1,2022,estactroyes,1509.1345079118867,1531.1332394153915,1528.8500707393387,-21.998731503504814,-0.2508771929824561
ligue1,2022,fclorient,1507.3603593725209,1532.3496066971804,1529.9332191896683,-24.989247324659573,-0.31578947368421056
ligue1,2022,fcnantes,1536.7927361555564,1523.3533428872188,1501.2256409587608,13.439393268337653,0.16140350877192983
ligue1,2022,fcparissaintgermain,1518.7891102792357,1508.3835810822477,1513.152385430101,10.405529196988027,-0.0543859649122807
ligue1,2022,fctoulouse,1516.7565891235063,1510.4178047346204,1541.3186918295664,6.33878438888587,-0.16315789473684209
ligue1,2022,losclille,1529.9912387124587,1507.4550705258246,1519.971619363173,22.536168186634086,0.27543859649122804
ligue1,2022,montpellierhsc,1525.171834805963,1518.6922023009959,1524.3449969641713,6.479632504967185,-0.14035087719298248
ligue1,2022,ogcnice,1521.1682944814702,1508.2069960051924,1525.0574383632363,12.961298476277761,-0.014035087719298246
ligue1,2022,olympiquelyon,1510.513664867956,1530.064492725669,1510.6522817297603,-19.550827857712875,-0.26842105263157895
ligue1,2022,olympiquemarselha,1522.1208251074183,1506.98470473057,1521.6651700511595,15.13612037684834,0.1842105263157895
ligue1,2022,rclens,1518.053980132204,1522.1234850338976,1516.354260866447,-4.069504901693563,-0.12105263157894736
ligue1,2022,rcstrasbourgalsace,1508.6469373164607,1530.1009761326484,1515.604667970622,-21.454038816187676,0.057894736842105256
ligue1,2022,stadebrestois29,1519.4826220387804,1518.09017903568,1527.533475272354,1.392443003100425,0.0912280701754386
ligue1,2022,stadereims,1522.8295058743713,1524.736001927236,1515.9034306440178,-1.906496052864668,0.019298245614035085
ligue1,2022,staderennaisfc,1516.7798889567605,1527.2204997039712,1510.1166949919248,-10.440610747210712,-0.1280701754385965
ligue1,2023,asmonaco,1525.3649667754037,1533.063864127402,1534.6351242402582,-7.698897351998312,-0.002450980392156863
ligue1,2023,clermontfoot63,1519.4743208688785,1537.9274586114561,1539.9506762885342,-18.45313774257761,-0.45098039215686275
ligue1,2023,fclorient,1548.7735876424113,1546.2610705034529,1506.6310430543513,2.512517138958401,0.29901960784313725
ligue1,2023,fcmetz,1542.4761379173544,1542.369952828386,1526.0439882372627,0.10618508896845924,0.1985294117647059
ligue1,2023,fcnantes,1538.2471970233391,1527.7428401236805,1543.5260548238111,10.50435689965866,0.012254901960784315
ligue1,2023,fcparissaintgermain,1536.6547885992986,1524.3745989905672,1518.3086344896428,12.280189608731462,0.32107843137254904
ligue1,2023,fctoulouse,1526.2589092568599,1540.7857933906953,1537.1591553711448,-14.526884133835438,-0.07352941176470588
ligue1,2023,lehavreac,1533.4773561093955,1527.7286572467829,1542.4736620633396,5.748698862612628,-0.03921568627450981
ligue1,2023,losclille,1531.9364455179368,1529.7094780056361,1528.9881604478446,2.226967512300689,-0.1519607843137255
ligue1,2023,montpellierhsc,1531.487363106264,1536.153052894362,1534.7726280411453,-4.665689788098007,-0.11764705882352941
ligue1,2023,ogcnice,1540.1917071928497,1532.9771965165075,1519.8688979960027,7.214510676342115,0.21813725490196081
ligue1,2023,olympiquelyon,1521.5744629770256,1526.4832458405642,1543.7465343737786,-4.90878286353859,0.014705882352941176
ligue1,2023,olympiquemarselha,1531.0876734912943,1536.1961526121165,1520.2488990881777,-5.108479120822267,-0.35784313725490197
ligue1,2023,rclens,1520.0343141234646,1529.9821826741097,1530.385110298537,-9.947868550645126,-0.07107843137254903
ligue1,2023,rcstrasbourgalsace,1538.683520349719,1517.9769220816227,1547.3915367684478,20.706598268096286,-0.01715686274509804
ligue1,2023,stadebrestois29,1558.2750434533511,1523.995321778618,1521.6286398622499,34.27972167473308,0.5343137254901961
ligue1,2023,stadereims,1517.7123333664965,1536.7200834767118,1545.9678079602622,-19.007750110215284,-0.09068627450980393
ligue1,2023,staderennaisfc,1526.3189982309952,1531.0560934384566,1533.2522508751265,-4.73709520746138,-0.20098039215686278
ligue1,2024,ajauxerre,1526.58882732653,1535.7092945446166,1524.7342470432811,-9.12046721808656,-0.20833333333333337
ligue1,2024,angerssco,1540.1094627952189,1541.1654272484068,1515.4801769281278,-1.0559644531879258,0.019607843137254905
ligue1,2024,asmonaco,1511.536739346174,1520.453248763374,1533.243394808988,-8.916509417199904,-0.019607843137254905
ligue1,2024,assaintetienne,1519.8972470099775,1533.2188122360158,1532.3392784818136,-13.321565226038274,0.009803921568627453
ligue1,2024,fcnantes,1511.6406002282713,1523.3399644884182,1556.2933610027542,-11.699364260146922,-0.6323529411764707
ligue1,2024,fcparissaintgermain,1520.7248242907126,1505.8554389047047,1530.5116350194448,14.869385386007934,0.07107843137254903
ligue1,2024,fctoulouse,1518.7141394631396,1516.8781704824275,1546.9408676353107,1.8359689807120958,-0.10294117647058824
ligue1,2024,lehavreac,1544.3548559129697,1532.0080085006987,1513.3028253716009,12.346847412271018,0.18872549019607845
ligue1,2024,losclille,1527.778500067129,1531.40016885717,1508.7867663765087,-3.621668790040985,-0.03431372549019608
ligue1,2024,montpellierhsc,1526.7515514676716,1518.9779369669138,1535.553108252729,7.773614500757731,-0.05392156862745098
ligue1,2024,ogcnice,1530.7102439481334,1521.8271003990496,1521.5478573139997,8.883143549083798,-0.21568627450980393
ligue1,2024,olympiquelyon,1516.948456414604,1529.74763731621,1522.6861068866465,-12.799180901606178,-0.02450980392156863
ligue1,2024,olympiquemarselha,1518.663556307871,1534.1203445744197,1520.3960059380618,-15.456788266548756,0.05392156862745098
ligue1,2024,rclens,1535.5658382240415,1523.9940358431768,1512.3765282745903,11.57180238086471,0.32107843137254904
ligue1,2024,rcstrasbourgalsace,1537.4729431633955,1520.5317455103423,1527.4720129799484,16.941197653053223,0.2034313725490196
ligue1,2024,stadebrestois29,1526.7366911016557,1527.9166005452737,1516.617636305462,-1.179909443618044,0.10784313725490197
ligue1,2024,stadereims,1517.9937801263443,1533.11176795566,1528.2579936996408,-15.11798782931578,-0.01715686274509804
ligue1,2024,staderennaisfc,1536.751879553464,1518.6844336104252,1522.4003344283954,18.06744594303882,0.33333333333333337
ligue2,2004,amienssc,1500.0,1500.0,1500.0,0.0,
ligue2,2004,angerssco,1500.0,1500.0,1500.0,0.0,
ligue2,2004,asnancylorraine,1500.0,1500.0,1500.0,0.0,
ligue2,2004,chamoisniortaisfc,1500.0,1500.0,1500.0,0.0,
ligue2,2004,clermontfootauvergne,1500.0,1500.0,1500.0,0.0,
ligue2,2004,cssedanardennes,1500.0,1500.0,1500.0,0.0,
ligue2,2004,dijonfco,1500.0,1500.0,1500.0,0.0,
ligue2,2004,eaguingamp,1500.0,1500.0,1500.0,0.0,
ligue2,2004,estactroyes,1500.0,1500.0,1500.0,0.0,
ligue2,2004,fcgueugnon,1500.0,1500.0,1500.0,0.0,
ligue2,2004,fclorient,1500.0,1500.0,1500.0,0.0,
ligue2,2004,grenoblefoot38,1500.0,1500.0,1500.0,0.0,
ligue2,2004,lbchateauroux,1500.0,1500.0,1500.0,0.0,
ligue2,2004,lehavreac,1500.0,1500.0,1500.0,0.0,
ligue2,2004,lemansunionclub72,1500.0,1500.0,1500.0,0.0,
ligue2,2004,montpellierhsc,1500.0,1500.0,1500.0,0.0,
ligue2,2004,stadebrestois29,1500.0,1500.0,1500.0,0.0,
ligue2,2004,stadelavallois,1500.0,1500.0,1500.0,0.0,
ligue2,2004,stadereims,1500.0,1500.0,1500.0,0.0,
ligue2,2004,uscreteillusitanos,1500.0,1500.0,1500.0,0.0,
ligue2,2005,amienssc,1493.3248310367924,1495.7544417271386,1500.904342527239,-2.4296106903461805,-0.18407800460524507
ligue2,2005,clermontfootauvergne,1496.4973360110325,1496.130140130312,1501.6140564924453,0.36719588072060105,0.15221834996202957
ligue2,2005,cssedanardennes,1495.3156693854473,1496.6987636707527,1494.6913467970683,-1.383094285305333,0.13274856101339785
ligue2,2005,dijonfco,1489.8926819478638,1494.7797659881164,1498.543863128181,-4.887084040252603,-0.187617966232269
ligue2,2005,eaguingamp,1498.6517581571197,1494.3365026287574,1491.6744903661981,4.315255528362286,0.2885068726024514
ligue2,2005,fcgueugnon,1496.7627131973961,1500.8640703777767,1494.2102915187456,-4.101357180380546,-0.1805380429782211
ligue2,2005,fcistresouestprovence,1498.557200601649,1493.6416350904206,1496.0851890455513,4.915565511228351,0.13127880688004623
ligue2,2005,fclorient,1497.9582147682506,1498.0458509409239,1494.36484086217,-0.08763617267322843,-0.10442886799720633
ligue2,2005,fcsete34,1496.7422478496103,1493.6407841614905,1497.7613809763627,3.101463688119793,-0.029075171993567288
ligue2,2005,grenoblefoot38,1494.4838104185883,1497.558334434228,1498.4142520954208,-3.0745240156397813,-0.26903708365381973
ligue2,2005,lbchateauroux,1492.775333198173,1495.2638609487453,1495.1331148765757,-2.4885277505723025,-0.044249520337799296
ligue2,2005,lehavreac,1498.0667411420216,1496.3347068292076,1497.9742033382097,1.732034312813994,0.17345811972417322
ligue2,2005,montpellierhsc,1497.9827357026686,1493.0097066910982,1495.1057009753147,4.973029011570361,0.1451384267079817
ligue2,2005,scbastia,1495.0325705235127,1499.472010422368,1493.508318401114,-4.439439898855198,-0.0008810658179868875
ligue2,2005,smcaen,1496.305907509122,1498.0309679003933,1493.7739729363723,-1.7250603912711995,-0.2563901530341842
ligue2,2005,stadebrestois29,1491.841927626344,1494.8777133203744,1498.7051993184555,-3.0357856940304373,-0.15929827321607745
ligue2,2005,stadelavallois,1500.4598741821112,1495.437996176885,1496.9397333472677,5.021878005226199,0.12212867613232604
ligue2,2005,stadereims,1499.3212472337364,1498.3393433031983,1495.4683807737283,0.9819039305380102,-0.04247953952428732
ligue2,2005,uscreteillusitanos,1496.5679484827708,1493.6652777355785,1498.1641566752749,2.90267074719236,0.13274856101339785
ligue2,2005,valenciennesfc,1497.1627048350276,1498.2797347671485,1492.7343162303196,-1.1170299321208859,0.08458231852674118
ligue2,2006,acajaccio,1491.8278073117424,1498.1659145522947,1504.6141938101002,-6.33810724055229,-0.2123976976214366
ligue2,2006,amienssc,1503.71813077563,1498.2259288828702,1497.501216002359,5.492201892759795,0.16304876928987996
ligue2,2006,chamoisniortaisfc,1502.6314853428821,1504.6141938101002,1493.6790688299723,-1.9827084672181172,-0.17819537627309284
ligue2,2006,dijonfco,1492.4448794523335,1494.381067453596,1501.4724116143948,-1.936188001262508,-0.20581565959542225
ligue2,2006,eaguingamp,1501.0894544623436,1497.475049875245,1495.0300533125862,3.6144045870985337,0.3786651745803224
ligue2,2006,fcgueugnon,1498.7388985345415,1503.1724760253792,1495.7808170463811,-4.433577490837706,-0.05434958976329333
ligue2,2006,fcistresouestprovence,1498.5910341750068,1499.8223886087285,1498.543917858577,-1.2313544337216626,-0.05434958976329333
ligue2,2006,fclibournesaintseurin,1500.4334002178,1501.852833792068,1492.9836503493502,-1.4194335742679414,0.13451854182690987
ligue2,2006,fcmetz,1499.614725783926,1494.381067453596,1501.2111161652444,5.233658330329945,-0.24602733307816407
ligue2,2006,grenoble,1491.2750720076856,1500.9088046285824,1502.3815209375568,-9.633732620896808,-0.2920468342294753
ligue2,2006,lbchateauroux,1495.8584315709352,1497.9820392762033,1504.1494357585213,-2.123607705268114,0.1728495149849001
ligue2,2006,lehavreac,1498.2885845990984,1491.5124083550459,1502.3614215996422,6.776176244052522,0.17641342251036193
ligue2,2006,montpellierhsc,1499.152821032488,1504.4436365917381,1493.6790688299723,-5.290815559250177,-0.262838180002812
ligue2,2006,rcstrasbourgalsace,1503.8220570664153,1504.0476722156761,1487.660820988559,-0.22561514926087511,0.054869405218871126
ligue2,2006,scbastia,1495.754850194572,1493.466479079634,1505.9616469777511,2.2883711149381725,-0.19066905261220937
ligue2,2006,smcaen,1497.9412087988455,1491.8944812912823,1495.8581945626347,6.046727507563219,0.24056375796867538
ligue2,2006,stadebrestois29,1502.8178528369997,1492.4564375185314,1503.2195309656274,10.36141531846829,0.1425563010184743
ligue2,2006,stadereims,1496.2772397217368,1502.3946906814026,1500.4024806108985,-6.117450959665803,-0.3100599547151816
ligue2,2006,toursfc,1500.9245680209515,1497.7223945856163,1496.6607038913546,3.202173435335226,0.18938794704578096
ligue2,2006,uscreteillusitanos,1496.8442422482933,1498.3437776674468,1498.5746723694813,-1.499535419153517,0.2566013418332537
ligue2,2007,acajaccio,1501.8414170483222,1493.3310541365558,1500.853617436852,8.510362911766379,0.27240815355827896
ligue2,2007,amienssc,1499.3455910227542,1493.029369606873,1493.3951633342208,6.316221415881273,0.17574719584405096
ligue2,2007,angerssco,1501.6743938085322,1499.905334187915,1495.9669669718967,1.7690596206170994,-0.047451742877893756
ligue2,2007,chamoisniortaisfc,1498.24634357557,1496.265620862456,1501.9679678606403,1.980722713114119,0.06326899050385834
ligue2,2007,clermontfootauvergne63,1493.6621624466395,1502.4675958981547,1497.080291031426,-8.805433451515228,-0.10443177837286349
ligue2,2007,cssedanardennes,1494.7721767768119,1495.8416327259013,1495.1456013254792,-1.069455949089388,-0.11072073338175212
ligue2,2007,dijonfco,1500.0303748971876,1492.3834223425301,1499.1316177992815,7.646952554657446,0.16871730801028892
ligue2,2007,eaguingamp,1500.0006867758523,1498.5576930718405,1494.8847111051853,1.4429937040117693,0.02987702329348866
ligue2,2007,estactroyes,1494.164330431631,1497.0053290603987,1497.5046547469262,-2.840998628767693,0.017574719584405096
ligue2,2007,fcgueugnon,1501.6197061375308,1497.2706578453208,1497.5038959284652,4.34904829221,0.34446450385433985
ligue2,2007,fclibournesaintseurin,1492.6167375992654,1503.0787138890103,1502.0209515974611,-10.461976289744825,-0.35500933560498293
ligue2,2007,fcnantes,1498.4375008278273,1494.4479434226216,1500.6919388474016,3.9895574052056872,-0.09828873258622445
ligue2,2007,grenoblefoot38,1499.0250490001715,1499.1754734309798,1497.5396108534294,-0.15042443080824341,0.12302303709083566
ligue2,2007,lbchateauroux,1499.7461851957116,1497.7061294703028,1497.5104175409856,2.04005572540882,0.007029887833762038
ligue2,2007,lehavreac,1499.0597948408422,1501.1866796426254,1492.8672325870152,-2.1268848017832624,0.022847135459726626
ligue2,2007,montpellierhsc,1497.305680910931,1497.2716589948172,1501.638000845013,0.03402191611371563,-0.07557129421294191
ligue2,2007,scbastia,1496.3360925198,1497.611041345466,1499.3643933197015,-1.2749488256658879,0.182777083677813
ligue2,2007,stadebrestois29,1494.1737020896664,1500.9257776045333,1500.2153274911504,-6.752075514866874,-0.08435865400514446
ligue2,2007,stadereims,1492.5019901521534,1503.2961031171037,1502.461457745886,-10.794112964950273,-0.362039223438745
ligue2,2007,usboulogne,1499.0848761794841,1497.911950789941,1496.6303542323988,1.1729253895430247,-0.2062308228371674
ligue2,2008,acajaccio,1506.4475365272058,1497.5896260992668,1497.5269646804347,8.857910427939032,-0.14059775667524077
ligue2,2008,amienssc,1502.8267832811096,1500.538788395483,1499.0018820533182,2.287994885626631,-0.06326899050385834
ligue2,2008,angerssco,1503.1286367756013,1496.0851526448141,1503.064256756568,7.043484130787192,0.10369084554799007
ligue2,2008,clermontfootauvergne63,1502.3833464345541,1496.3975838644317,1500.6977941512446,5.985762570122461,0.26713573768295745
ligue2,2008,cssedanardennes,1496.609157026641,1493.3150155085073,1505.6909673893292,3.294141518133756,-0.08260118204670396
ligue2,2008,dijonfco,1498.5084742572071,1506.186654159938,1500.993927385365,-7.67817990273079,-0.14059775667524077
ligue2,2008,eaguingamp,1499.6925646449845,1507.0488694321355,1495.4524763080185,-7.356304787150975,-0.29349781705956507
ligue2,2008,estactroyes,1499.805323974737,1498.5645664536837,1502.651459610923,1.2407575210531832,-0.17047477996872942
ligue2,2008,fcmetz,1490.5580199233912,1507.0474819307676,1497.327034629177,-16.48946200737646,-0.49384962032178314
ligue2,2008,lbchateauroux,1497.4811439814002,1503.091620812099,1504.2385988270312,-5.610476830698872,0.014059775667524076
ligue2,2008,montpellierhsc,1504.5757664524206,1500.5193305799917,1497.2152884655866,4.056435872428892,0.10193337358954954
ligue2,2008,nimesolympique,1504.3714039603954,1500.404597717114,1497.9946483365845,3.966806243281326,0.4273804711561724
ligue2,2008,rclens,1498.7918794179386,1496.846257566622,1506.7033188339597,1.9456218513166732,-0.04212374253695334
ligue2,2008,rcstrasbourgalsace,1504.0972868454155,1497.428272955086,1494.4341064931914,6.669013890329552,0.18629202759469402
ligue2,2008,scbastia,1495.2339218209402,1506.6669978280547,1503.3361105908998,-11.43307600711455,-0.056239102670096304
ligue2,2008,stadebrestois29,1500.774374675894,1492.8604453157654,1505.5202077083004,7.913929360128577,0.30052770489332714
ligue2,2008,stadereims,1503.9668853411222,1501.3223104129688,1501.2283662893383,2.644574928153361,0.0017574719584405095
ligue2,2008,toursfc,1506.7695102996386,1507.3177645035244,1498.73513384022,-0.54825420388579,0.15992994821808637
ligue2,2008,usboulogne,1502.5797709616643,1505.4169445976918,1500.1872840097728,-2.837173636027501,-0.1072057894648711
ligue2,2008,vannesoc,1497.2217365091508,1501.175242333467,1503.8236967521495,-3.953505824316153,0.02896007299415542
ligue2,2009,acajaccio,1503.975982533244,1498.3097046343432,1514.005122166404,5.6662778989007165,0.14912280701754385
ligue2,2009,acarlesavignon,1497.2661615834375,1502.986980685007,1512.459226128574,-5.720819101569532,-0.08596491228070174
ligue2,2009,angerssco,1504.4959625653257,1504.340953755269,1504.136948038555,0.1550088100566427,-0.04035087719298246
ligue2,2009,clermontfootauvergne63,1500.5847594471327,1502.991998964943,1510.0840153806757,-2.4072395178102397,-0.04912280701754386
ligue2,2009,cssedanardennes,1505.6117819730455,1507.6174880150093,1498.0564996065693,-2.0057060419637764,0.13157894736842105
ligue2,2009,dijonfco,1508.796733630338,1503.3740035632923,1502.1391033042028,5.422730067045677,0.13684210526315788
ligue2,2009,eaguingamp,1504.0227107295398,1507.0148038165507,1503.3424907811097,-2.9920930870109714,-0.24035087719298245
ligue2,2009,fcistresouestprovence,1502.1861665427934,1501.5959124678707,1513.9008374800858,0.5902540749227683,-0.16315789473684209
ligue2,2009,fcmetz,1497.0618271634773,1508.2419067023352,1501.4198060775198,-11.180079538857854,-0.431578947368421
ligue2,2009,fcnantes,1501.7977552033865,1507.1463581228131,1498.7538643680673,-5.348602919426639,-0.05964912280701754
ligue2,2009,lbchateauroux,1505.8415285333538,1506.6498209345714,1504.0298728626408,-0.8082924012176136,0.13157894736842105
ligue2,2009,lehavreac,1495.374860796568,1505.169529452213,1502.7855359331556,-9.794668655644955,-0.1280701754385965
ligue2,2009,nimesolympique,1504.299826253941,1504.333828449226,1504.9945145420318,-0.03400219528498383,0.06140350877192983
ligue2,2009,rcstrasbourgalsace,1500.4161292946199,1503.095865523359,1501.9961506132618,-2.6797362287391024,-0.12280701754385966
ligue2,2009,scbastia,1507.9056302841127,1502.2104550238078,1507.0916316369646,5.69517526030495,-0.0912280701754386
ligue2,2009,smcaen,1500.5046014916677,1509.1749743269052,1496.9623418693218,-8.670372835237458,-0.04035087719298246
ligue2,2009,stadebrestois29,1509.7167039916394,1500.0314891906028,1507.3381540529672,9.685214801036636,0.18771929824561404
ligue2,2009,stadelavallois,1509.637432002811,1507.9842424754565,1500.4340405941346,1.6531895273544706,-0.09298245614035087
ligue2,2009,toursfc,1509.344704291103,1500.363230078213,1500.6972992646258,8.981474212889907,0.30877192982456136
ligue2,2009,vannesoc,1515.1560554773657,1501.3635961026143,1499.370030592534,13.792459374751388,0.48947368421052634
ligue2,2010,acajaccio,1492.2515436247133,1499.6856091701231,1504.9013282092944,-7.434065545409794,-0.29749893166723296
ligue2,2010,angerssco,1507.6851645483875,1492.3119961484606,1492.1739651005043,15.373168399926953,0.6204476244505419
ligue2,2010,clermontfootauvergne63,1501.214825895085,1492.2953737590215,1498.419736460754,8.919452136063455,0.5133831121691188
ligue2,2010,cssedanardennes,1503.4390844139027,1489.885343657082,1499.9236527493356,13.553740756820616,0.6169373125724624
ligue2,2010,dijonfco,1500.717718977581,1495.1762852899783,1496.7540916372175,5.541433687602648,0.12373849370230043
ligue2,2010,estactroyes,1499.3449895170663,1502.3140841209488,1498.16184483392,-2.9690946038824677,-0.1588416124830949
ligue2,2010,fcevianthonongaillard,1501.7140426163912,1502.3824857056682,1490.3368657984295,-0.6684430892769342,0.1824561403508772
ligue2,2010,fcistresouestprovence,1504.1979625410677,1495.4813527860247,1497.736648282215,8.71660975504301,0.16761739217829352
ligue2,2010,fcmetz,1491.6501639382495,1504.185327007245,1493.8040031726364,-12.535163068995416,-0.4589732780588874
ligue2,2010,fcnantes,1495.405677109059,1503.3459037380674,1499.0837423274718,-7.9402266290082935,-0.2702940146121173
ligue2,2010,grenoblefoot38,1494.6410652827583,1498.0576816043979,1498.329578539848,-3.4166163216395944,-0.13602458527557848
ligue2,2010,lbchateauroux,1490.755925561446,1496.271694950941,1509.974909575622,-5.515769389495063,-0.42913562709521214
ligue2,2010,lehavreac,1500.1211799696966,1499.844212908133,1492.7435756695356,0.27696706156370965,0.15357614466597572
ligue2,2010,lemansfc,1497.8808862424928,1499.0386098830413,1497.219039812347,-1.157723640548511,-0.12631578947368421
ligue2,2010,nimesolympique,1503.6812841303351,1492.4269562537297,1498.829628328299,11.25432787660543,0.2123738686238064
ligue2,2010,stadelavallois,1500.1052601601111,1497.9813147294117,1496.3213487433907,2.1239454306994503,0.02106187126847667
ligue2,2010,stadereims,1493.4193036274728,1505.901441001943,1499.34078557755,-12.482137374470312,-0.39929797613153684
ligue2,2010,toursfc,1492.996374737779,1499.2226956449206,1501.2949949592703,-6.226320907141599,-0.18429137359917086
ligue2,2010,usboulogne,1496.4347912874446,1495.0241622696653,1499.1117893200462,1.4106290177792289,0.0772268613177478
ligue2,2010,vannesoc,1495.3027962939425,1502.127509846179,1498.498511377295,-6.824713552236517,-0.3132953351185905
ligue2,2011,acarlesavignon,1503.9971642706416,1491.7112025561512,1494.3575746136255,12.28596171449044,0.4526315789473684
ligue2,2011,amienssc,1496.2084017543227,1499.4674856971642,1499.4285053110789,-3.259083942841471,-0.13333333333333333
ligue2,2011,angerssco,1496.4899306775962,1495.5528307962018,1495.8066542456713,0.937099881394488,-0.16315789473684209
ligue2,2011,asmonaco,1499.05644594808,1494.5125745844134,1500.0411810449154,4.54387136366654,0.07017543859649124
ligue2,2011,clermontfootauvergne63,1498.0865524391945,1501.0331367249175,1491.9248362576616,-2.94658428572302,-0.08070175438596491
ligue2,2011,cssedanardennes,1497.1005616557925,1496.5658614616711,1495.607084943595,0.5347001941213421,-0.04035087719298246
ligue2,2011,eaguingamp,1492.385182938252,1502.4986397024384,1500.0400012820392,-10.113456764186367,-0.343859649122807
ligue2,2011,estactroyes,1500.9139359367239,1497.342417194541,1502.142171517238,3.5715187421828887,0.09298245614035087
ligue2,2011,fcistresouestprovence,1501.4134792981988,1501.2056374948029,1493.1842986822962,0.2078418033959224,0.056140350877192984
ligue2,2011,fcmetz,1494.1384875588963,1498.7901355094616,1499.8258318341661,-4.651647950565348,-0.14736842105263157
ligue2,2011,fcnantes,1499.0552336013,1503.274996294942,1494.5619849960128,-4.2197626936419965,-0.03508771929824562
ligue2,2011,lbchateauroux,1495.5554316219357,1497.515737432736,1504.4163382818165,-1.9603058108002642,-0.028070175438596492
ligue2,2011,lehavreac,1499.4996928412395,1500.0734640015849,1496.8560990210362,-0.573771160345359,0.08596491228070174
ligue2,2011,lemansfc,1491.817888854397,1498.9562940082226,1497.5974060389105,-7.138405153825488,-0.2543859649122807
ligue2,2011,rclens,1497.3420982756488,1490.8879023366742,1501.9952089167996,6.454195938974635,0.1087719298245614
ligue2,2011,scbastia,1499.9221141626404,1499.2884927721657,1497.8473393102129,0.6336213904746728,-0.03333333333333333
ligue2,2011,stadelavallois,1501.5482319224236,1500.9672256587605,1492.8980354596602,0.5810062636630846,0.01754385964912281
ligue2,2011,stadereims,1502.7809922583538,1494.7502558074566,1496.502538126581,8.030736450897166,0.3385964912280702
ligue2,2011,toursfc,1493.1590520523123,1502.168789061954,1501.6239599361813,-9.00973700964164,-0.15789473684210528
ligue2,2011,usboulogne,1498.467209211166,1502.0899644456294,1492.5660811968455,-3.6227552344635114,0.19473684210526312
ligue2,2012,acarlesavignon,1502.8026123315583,1501.077519868859,1498.5715764004892,1.7250924626991946,-0.21412902456284613
ligue2,2012,ajauxerre,1503.5131434998218,1500.3447758605103,1501.0082332738687,3.1683676393115547,0.03859649122807017
ligue2,2012,angerssco,1505.6576458385762,1499.93125510467,1497.3633761192655,5.726390733906101,0.34576571999082534
ligue2,2012,asmonaco,1499.0062647612551,1500.1373852449458,1502.5743730736717,-1.1311204836906654,-0.018429137359917087
ligue2,2012,chamoisniortaisfc,1506.9455756433151,1499.7262272715998,1500.3800012913412,7.219348371715341,0.2764370603987563
ligue2,2012,clermontfootauvergne63,1504.373113792477,1497.385617333886,1500.8474587813807,6.98749645859084,0.19218957532484962
ligue2,2012,cssedanardennes,1499.5887324699218,1502.5661537826252,1496.9389690501957,-2.9774213127034272,-0.10969724618998265
ligue2,2012,dijonfco,1501.2853855721976,1499.4846651932842,1498.8566478886385,1.800720378913411,-0.1088196682204628
ligue2,2012,eaguingamp,1498.5697440456097,1505.1211680876368,1499.0398179122644,-6.551424042027065,-0.10969724618998265
ligue2,2012,fcistresouestprovence,1502.3447448602437,1503.2676278415106,1499.3112084011725,-0.9228829812668664,-0.13251427339749905
ligue2,2012,fcnantes,1499.2330592100361,1506.2594017547633,1501.4684216921912,-7.026342544727186,-0.46774905775408604
ligue2,2012,gfcoajaccio,1499.9458615025553,1503.8170956974097,1500.8287891267532,-3.8712341948544235,0.15789473684210528
ligue2,2012,lbchateauroux,1504.195172949825,1500.6628575447453,1504.8112910470643,3.532315405079771,-0.07108381553110876
ligue2,2012,lehavreac,1498.8266192208905,1498.2657862195551,1510.5988249219138,0.560833001335368,0.18078106172109143
ligue2,2012,lemansfc,1499.7920865683043,1499.9712937817044,1505.6154648541014,-0.1792072134001046,-0.06406319177494987
ligue2,2012,nimesolympique,1503.300562460671,1502.5003689454045,1505.728525341929,0.8001935152665283,0.12461607167182029
ligue2,2012,rclens,1500.8414661142376,1501.739548709883,1502.5332391242057,-0.8980825956452918,0.01930671532943695
ligue2,2012,smcaen,1500.1238709456827,1500.4834292206854,1498.7654181064756,-0.35955827500265514,-0.009653357664718474
ligue2,2012,stadelavallois,1501.736667738898,1505.8398725110055,1501.4834186250114,-4.103204772107574,-0.1061869343119032
ligue2,2012,toursfc,1500.3494176696868,1502.0514155549172,1500.0267877309052,-1.701997885230412,0.05528741207975126
ligue2,2013,acarlesavignon,1501.2967106118379,1498.6542183462905,1502.9237058666647,2.6424922655473893,0.1632295023306942
ligue2,2013,ajauxerre,1499.7058466011724,1504.6783546738366,1500.0690049371333,-4.972508072664141,-0.11408513603758197
ligue2,2013,angerssco,1493.478528919378,1499.9995995886597,1504.3283201793342,-6.521070669281698,-0.29925408760627265
ligue2,2013,asnancylorraine,1505.2040707029219,1496.0088351784339,1501.5534827542276,9.195235524487998,0.1605967684221346
ligue2,2013,cabastia2017,1498.7342458746778,1499.944513368283,1504.4302831423422,-1.2102674936052153,-0.11929824561403508
ligue2,2013,chamoisniortaisfc,1504.9243923010952,1499.0937611309892,1502.5777058157078,5.830631170106017,0.3185608029357096
ligue2,2013,clermontfoot63,1495.8307784374986,1506.0257831408808,1501.0291371579092,-10.19500470338221,-0.2631578947368421
ligue2,2013,dijonfco,1507.0759706068905,1499.3181046373536,1492.0209783621672,7.7578659695368515,0.372970637045941
ligue2,2013,estactroyes,1501.2663020836587,1498.5633506008185,1499.2019636430252,2.7029514828402625,0.06757350365302932
ligue2,2013,fcistresouestprovence,1503.2453643165109,1506.5736823668349,1499.0606142522531,-3.3283180503240146,0.05177710020167182
ligue2,2013,fcmetz,1499.9319146846135,1501.1421453041598,1506.2001820078003,-1.210230619546337,-0.29311104181963366
ligue2,2013,lbchateauroux,1508.8328032554293,1497.7188971442015,1501.9569728939694,11.113906111227834,0.3264590046613884
ligue2,2013,lehavreac,1497.612171391789,1504.0521988573323,1497.4409455627538,-6.4400274655433805,-0.044756476445512915
ligue2,2013,nimesolympique,1499.7701631086422,1499.1287988982524,1503.1925298427009,0.6413642103898383,0.007898201725678752
ligue2,2013,rclens,1502.2609717098303,1500.0902152944664,1504.148643267382,2.1707564153639396,0.025449761116075977
ligue2,2013,smcaen,1498.958619609799,1502.2580208770491,1494.7289233495476,-3.299401267250232,-0.041246164567433484
ligue2,2013,stadebrestois29,1496.785401933619,1503.420327651761,1500.4638924084682,-6.634925718142085,-0.21149629065428657
ligue2,2013,stadelavallois,1505.584019091332,1499.8707636671095,1503.5878795402455,5.713255424222552,0.0544098341102314
ligue2,2013,toursfc,1496.1421148594181,1504.2086608709262,1501.9859345934226,-8.06654601150808,-0.2580079230388392
ligue2,2013,uscreteillusitanos,1504.2012624670142,1504.2525868526661,1495.779387106896,-0.051324385651923876,0.09565599867766487
ligue2,2014,acajaccio,1486.4690983558403,1507.2401879159547,1496.7870092386765,-20.771089560114433,-0.5511189648584729
ligue2,2014,acarlesavignon,1496.6915676728195,1492.3429057178478,1507.6630074472932,4.348661954971703,0.22553753816660435
ligue2,2014,ajauxerre,1505.0693593563121,1496.5926649675266,1497.0656298218828,8.476694388785518,0.17990348375157153
ligue2,2014,angerssco,1488.0873750434155,1504.8269365868669,1499.3038437826183,-16.739561543451373,-0.3905221964363383
ligue2,2014,asnancylorraine,1491.3889014001613,1496.7282463713864,1499.6623460868161,-5.339344971225046,-0.11232998009854224
ligue2,2014,chamoisniortaisfc,1502.889483216735,1491.910960416085,1497.0326384914501,10.978522800650126,0.33523478435658705
ligue2,2014,clermontfoot63,1499.554884480238,1507.3554451204725,1491.4719928715012,-7.8005606402346075,-0.05089952223215195
ligue2,2014,dijonfco,1493.826775963238,1502.4384127453561,1492.6910176802141,-8.611636782118012,-0.12110575979374086
ligue2,2014,estactroyes,1490.5429223612318,1504.915407778555,1497.8491873133744,-14.372485417323105,-0.5054849104434401
ligue2,2014,fcsochauxmontbeliard,1500.9326904579818,1491.937745143055,1501.545404073053,8.994945314926781,0.14736842105263157
ligue2,2014,gfcoajaccio,1507.7983583264322,1498.8894551809365,1497.4145303610214,8.908903145495742,0.21412902456284613
ligue2,2014,lbchateauroux,1504.798609341123,1497.465392238944,1499.0392769469852,7.333217102178878,-0.04036858659791362
ligue2,2014,lehavreac,1501.0847126677038,1501.3111819306591,1491.474288429044,-0.22646926295533376,0.03949100862839376
ligue2,2014,nimesolympique,1496.0499456789946,1490.3788301736613,1508.4662848430128,5.671115505333319,0.19921019908100854
ligue2,2014,stadebrestois29,1490.9868144084985,1491.4617845601294,1506.164021372203,-0.4749701516309415,-0.13865731918413807
ligue2,2014,stadelavallois,1510.6202989522865,1494.5602822482995,1494.1526930688005,16.060016703987003,0.4580957000893676
ligue2,2014,toursfc,1503.556631093781,1495.2297689581635,1494.860243455227,8.326862135617603,0.23343573989228308
ligue2,2014,uscreteillusitanos,1499.9248874267535,1502.2676958371126,1491.9886464002116,-2.342808410359112,0.06581834771398959
ligue2,2014,usorleans,1496.0136492766032,1498.5942999751062,1499.4295026391972,-2.58065069850295,-0.04912280701754386
ligue2,2014,valenciennesfc,1496.9496471724426,1496.7890087864746,1499.1750483300102,0.1606383859680136,-0.13865731918413807
ligue2,2015,acajaccio,1511.6317403882529,1507.6254688310705,1502.1191137369258,4.006271557182345,0.28119551335048154
ligue2,2015,ajauxerre,1500.4053631070922,1510.5629277151545,1505.5126715173376,-10.15756460806233,-0.18980697151157502
ligue2,2015,asnancylorraine,1502.1103871150253,1500.1569137997694,1508.6442592108176,1.9534733152559056,0.012302303709083565
ligue2,2015,chamoisniortaisfc,1505.7136356380008,1502.5391899758433,1506.6045062651078,3.1744456621574955,0.09841842967266852
ligue2,2015,clermontfoot63,1507.6881514099587,1505.557646105291,1504.0149378521787,2.130505304667622,-0.13532534079991923
ligue2,2015,dijonfco,1498.2089537297309,1504.6773869948204,1509.0041209970498,-6.468433265089516,-0.2548334339738739
ligue2,2015,fcevianthonongaillard,1502.8271190057278,1504.5704321939552,1506.0821921287118,-1.7433131882273756,-0.34797944777122086
ligue2,2015,fcmetz,1502.3690926765094,1501.890137091235,1503.7954033056062,0.47895558527443427,0.05096668679477477
ligue2,2015,fcsochauxmontbeliard,1506.7697575116163,1504.8801822683831,1505.8233895442447,1.8895752432331392,0.0738138222545014
ligue2,2015,footballbourgenbresseperonnas01,1503.7159427831084,1508.7532337833754,1503.8191288322641,-5.037291000267032,-0.2290478500446838
ligue2,2015,lehavreac,1503.2315310829028,1505.0522440800805,1505.2515138159108,-1.8207129971776794,-0.012302303709083565
ligue2,2015,nimesolympique,1510.375480791424,1508.2000203330244,1502.932898601237,2.1754604583995842,0.08963106988046599
ligue2,2015,parisfc,1502.992763421329,1505.3553568147825,1507.884555980961,-2.3625933934533805,-0.009653357664718474
ligue2,2015,rclens,1507.8242946782232,1503.0141017651488,1501.4119581458122,4.810192913074388,0.30404264881020815
ligue2,2015,redstarfc,1504.0405675634845,1505.9622075670034,1506.3105014052126,-1.9216400035188599,-0.19131199735532975
ligue2,2015,stadebrestois29,1502.0078320517914,1506.2582563068672,1504.8251595219756,-4.250424255075814,-0.10369084554799007
ligue2,2015,stadelavallois,1507.7102818255808,1501.4656106592136,1504.3899521332353,6.244671166367198,0.27416562551671947
ligue2,2015,toursfc,1502.574926266144,1509.093890767096,1506.1445866652857,-6.5189645009518244,-0.09490348575578751
ligue2,2015,uscreteillusitanos,1511.9102758197093,1503.2376084005705,1504.293250951301,8.672667419138861,0.2407736583063498
ligue2,2015,valenciennesfc,1509.9079168346977,1505.1631982476245,1505.1519130891343,4.744718587073294,0.14411270059212178
ligue2,2022,amienssc,1510.7626815952306,1502.3698440096452,1507.4513257399701,8.392837585585312,0.13275555532345418
ligue2,2022,assaintetienne,1504.9341389366355,1502.5799080373913,1508.3373168407654,2.3542308992441576,0.2920468342294753
ligue2,2022,chamoisniortaisfc,1500.1273016747884,1506.032253254526,1510.4141025456115,-5.904951579737599,-0.23967278108730988
ligue2,2022,dijonfco,1509.7350815847367,1501.747924082745,1495.733243434282,7.98715750199176,0.5550785970906843
ligue2,2022,eaguingamp,1498.8161271710787,1503.332720717934,1509.1953569393263,-4.516593546855347,-0.05702252040738971
ligue2,2022,fcannecy,1512.4784794493808,1508.8434786334806,1495.1097396175267,3.6350008159001845,0.033629635456727466
ligue2,2022,fcgbordeaux,1504.360665461203,1506.2454061066007,1505.2011789027242,-1.8847406453976419,-0.2194776208754845
ligue2,2022,fcmetz,1505.594681204953,1500.0526487581972,1502.0410899579354,5.542032446755911,0.05078568223783147
ligue2,2022,fcsochauxmontbeliard,1501.0049426845972,1505.9339258004775,1510.0663226909705,-4.928983115880328,-0.5657703196670698
ligue2,2022,grenoblefoot38,1499.3550016290903,1500.8652552627075,1516.9595531687473,-1.5102536336171397,-0.15948486176441812
ligue2,2022,lehavreac,1502.6533605192892,1512.3544570438366,1492.7735414815577,-9.701096524547438,-0.25303743430779185
ligue2,2022,nimesolympique,1497.829379991933,1502.8224362270305,1514.2267219728556,-4.993056235097583,-0.1425563010184743
ligue2,2022,parisfc,1498.8512077459436,1506.5872747076405,1518.486750927448,-7.736066961696906,-0.38222908210578416
ligue2,2022,paufc,1515.3745297946318,1513.54342232167,1487.7365186875672,1.8311074729617758,0.45134510744555284
ligue2,2022,quevillyrouenmetropole,1500.2640249682972,1511.0845135266545,1504.1435857838146,-10.820488558357283,-0.3964757022266816
ligue2,2022,rodezaf,1503.9260336944515,1502.3742302595117,1509.473553303738,1.5518034349397567,0.07964913660803873
ligue2,2022,scbastia,1509.2568708466817,1503.0074169046181,1501.5822457826969,6.24945394206361,-0.1069172257638557
ligue2,2022,smcaen,1506.816529992787,1499.5583554725838,1504.7805769676484,7.2581745202032835,0.3519358681393584
ligue2,2022,stadelavallois,1513.2900779092413,1502.8884259682725,1501.6312564469872,10.401651940968804,0.40895838854674815
ligue2,2022,valenciennesfc,1505.1356784728807,1499.9116641614528,1513.6540482065154,5.224014311427936,0.1024623413570284
premierleague,2004,astonvillafc,1500.0,1500.0,1500.0,0.0,
premierleague,2004,birminghamcity,1500.0,1500.0,1500.0,0.0,
premierleague,2004,blackburnrovers,1500.0,1500.0,1500.0,0.0,
premierleague,2004,boltonwanderers,1500.0,1500.0,1500.0,0.0,
premierleague,2004,charltonathletic,1500.0,1500.0,1500.0,0.0,
premierleague,2004,chelseafc,1500.0,1500.0,1500.0,0.0,
premierleague,2004,crystalpalacefc,1500.0,1500.0,1500.0,0.0,
premierleague,2004,fcarsenal,1500.0,1500.0,1500.0,0.0,
premierleague,2004,fceverton,1500.0,1500.0,1500.0,0.0,
premierleague,2004,fcfulham,1500.0,1500.0,1500.0,0.0,
premierleague,2004,fcliverpool,1500.0,1500.0,1500.0,0.0,
premierleague,2004,fcmiddlesbrough,1500.0,1500.0,1500.0,0.0,
premierleague,2004,fcportsmouth,1500.0,1500.0,1500.0,0.0,
premierleague,2004,fcsouthampton,1500.0,1500.0,1500.0,0.0,
premierleague,2004,manchestercityfc,1500.0,1500.0,1500.0,0.0,
premierleague,2004,manchesterunitedfc,1500.0,1500.0,1500.0,0.0,
premierleague,2004,newcastleunited,1500.0,1500.0,1500.0,0.0,
premierleague,2004,norwichcity,1500.0,1500.0,1500.0,0.0,
premierleague,2004,tottenhamhotspur,1500.0,1500.0,1500.0,0.0,
premierleague,2004,westbromwichalbion,1500.0,1500.0,1500.0,0.0,
premierleague,2005,afcsunderland,1516.752706163572,1503.6694895654584,1504.6230571522706,13.083216598113495,0.12812638354989975
premierleague,2005,astonvillafc,1515.1667828246516,1495.0022119705234,1518.1324899142357,20.164570854128215,0.2231989387219447
premierleague,2005,birminghamcity,1494.8685763734495,1513.517701741584,1517.3430422710221,-18.64912536813449,-0.3866438308569121
premierleague,2005,blackburnrovers,1508.150427505275,1510.9705743410557,1508.1298941619457,-2.8201468357806334,-0.12653798100771668
premierleague,2005,boltonwanderers,1498.4289945991695,1509.4671437165766,1512.3597737379578,-11.038149117407102,-0.28822540118424356
premierleague,2005,charltonathletic,1508.5724573664008,1505.259639019561,1515.0888966186128,3.3128183468397765,-0.08084371008826344
premierleague,2005,chelseafc,1508.4992529184756,1497.7087906249612,1497.559516152577,10.790462293514338,-0.003514943916881019
premierleague,2005,fcarsenal,1506.0728935514235,1494.8828741429538,1509.2086327819234,11.190019408469652,0.07557129421294191
premierleague,2005,fceverton,1518.8086230502697,1499.304996804511,1505.689625188209,19.503626245758824,0.3321622001452563
premierleague,2005,fcfulham,1509.559723886152,1511.8719023934484,1506.25084050214,-2.312178507296494,0.06854140637917987
premierleague,2005,fcliverpool,1508.9545984490771,1502.456367830633,1511.5143547980183,6.49823061844404,0.13005292492459772
premierleague,2005,fcmiddlesbrough,1505.9135962393127,1496.4536889009655,1520.3112476328793,9.459907338347193,-0.0913885418389065
premierleague,2005,fcportsmouth,1494.180231739331,1518.753814572017,1517.7611429138192,-24.573582832686043,-0.26537826572451695
premierleague,2005,manchestercityfc,1503.038831876539,1508.1399411337018,1510.8407150450557,-5.101109257162761,-0.2407736583063498
premierleague,2005,manchesterunitedfc,1505.3306243890374,1508.28944582825,1498.8238505130814,-2.95882143921267,-0.0913885418389065
premierleague,2005,newcastleunited,1505.3237192548065,1511.5902426806713,1510.388826538746,-6.2665234258647615,0.26010584984919544
premierleague,2005,tottenhamhotspur,1517.8373417294172,1519.6557422817154,1487.7835068262402,-1.8184005522982716,-0.02987702329348866
premierleague,2005,westbromwichalbion,1510.7196042037483,1521.01852474144,1498.3357294647349,-10.298920537691629,0.03163449525192917
premierleague,2005,westhamunited,1502.3018872001485,1511.1350231405272,1510.4967410819004,-8.833135940378725,-0.03159280690271501
premierleague,2005,wiganathletic,1507.5430698102828,1503.3992645346405,1513.39448497074,4.143805275642308,-0.052654678171191675
premierleague,2006,astonvillafc,1531.9957782596518,1507.3793751702538,1523.6195419587457,24.61640308939809,0.19859433130377757
premierleague,2006,blackburnrovers,1519.1921854964976,1506.7239197853075,1525.52640007797,12.468265711190043,-0.182777083677813
premierleague,2006,boltonwanderers,1516.688836753243,1526.7786718591344,1510.6351998837367,-10.089835105891325,0.028119551335048152
premierleague,2006,charltonathletic,1518.7090704210611,1531.4785505249379,1510.8063797957914,-12.769480103876731,0.08435865400514446
premierleague,2006,chelseafc,1499.3684149551475,1511.3746363030127,1522.4505026175577,-12.006221347865221,-0.37082658323094747
premierleague,2006,fcarsenal,1510.9011156703107,1513.710870584912,1519.9377632115818,-2.809754914601399,-0.33391967210369683
premierleague,2006,fceverton,1511.92642629018,1523.73779844123,1519.9780994030034,-11.811372151050136,0.05799657462853681
premierleague,2006,fcfulham,1518.1247347542992,1516.369513768327,1524.2653203286309,1.7552209859723007,0.17398972388561043
premierleague,2006,fcliverpool,1535.161215217584,1501.2154649732545,1505.1982940662526,33.945750244329474,0.5659059706178441
premierleague,2006,fcmiddlesbrough,1517.4652083836763,1530.540723573931,1511.1061045167955,-13.075515190254691,0.20210927522065858
premierleague,2006,fcportsmouth,1519.1029236175339,1529.5701201097577,1514.2609079569552,-10.46719649222382,-0.23022882655570676
premierleague,2006,fcreading,1527.296114026611,1508.1273312223332,1521.7195540714918,19.168782804277726,-0.2913558858805939
premierleague,2006,fcwatford,1523.545042837257,1507.3384582618467,1525.9709542836897,16.20658457541026,-0.043878898475993064
premierleague,2006,manchestercityfc,1514.600580662719,1526.6880594583222,1521.9954258223888,-12.087478795603147,-0.04217932700257223
premierleague,2006,manchesterunitedfc,1515.5148030811013,1514.916525885161,1507.3562656691624,0.5982771959402271,0.15641500430120533
premierleague,2006,newcastleunited,1507.159836920356,1514.170328704857,1530.3996662506333,-7.010491784501028,-0.23022882655570676
premierleague,2006,sheffieldunited,1529.6817837936633,1531.1486834545033,1496.496045131273,-1.4668996608399993,0.45985085602840736
premierleague,2006,tottenhamhotspur,1524.8612069768997,1512.3092965904025,1513.6134545872728,12.551910386497184,0.21265410697130166
premierleague,2006,westhamunited,1508.857537146285,1524.8509869085874,1520.851150536126,-15.993449762302362,-0.2407736583063498
premierleague,2006,wiganathletic,1502.2049056335338,1509.3818590216604,1546.5711809884904,-7.176953388126549,-0.24956101809855236
premierleague,2007,afcsunderland,1516.3046027932821,1508.808686918523,1534.9840523990615,7.495915874759021,0.008771929824561405
premierleague,2007,astonvillafc,1527.1371175075062,1505.640416962734,1513.6814305243665,21.49670054477224,0.2263157894736842
premierleague,2007,birminghamcity,1519.3438603569446,1510.006606570996,1523.0564282747716,9.337253785948633,-0.015789473684210527
premierleague,2007,blackburnrovers,1531.3323904262359,1517.8065431036007,1496.1764033334548,13.525847322635173,0.14912280701754385
premierleague,2007,boltonwanderers,1519.0461411099523,1525.0406214562167,1500.8316211076233,-5.994480346264481,0.0543859649122807
premierleague,2007,chelseafc,1508.4947143411976,1514.3850900307173,1501.0460428422227,-5.890375689519715,0.13333333333333333
premierleague,2007,derbycounty,1512.7494950008484,1522.2205271559283,1511.4165744787413,-9.47103215507991,0.014035087719298246
premierleague,2007,fcarsenal,1511.8459540388374,1520.5489526854783,1501.6690361282767,-8.702998646640935,-0.14210526315789473
premierleague,2007,fceverton,1517.5215282486834,1507.3541978614323,1516.3842052582027,10.167330387251013,0.25789473684210523
premierleague,2007,fcfulham,1510.2039762189597,1506.6995971196407,1535.1475962376003,3.504379099319067,0.10526315789473684
premierleague,2007,fcliverpool,1510.674493406961,1515.0612139262703,1508.1206249557847,-4.386720519309392,0.02280701754385965
premierleague,2007,fcmiddlesbrough,1509.432168595233,1528.4744710744478,1510.183452009306,-19.042302479214868,-0.4789473684210526
premierleague,2007,fcportsmouth,1531.0006690591774,1487.0462152148539,1529.135136100808,43.95445384432355,0.49473684210526314
premierleague,2007,fcreading,1512.7514482563708,1506.1800779647501,1525.7231691323468,6.571370291620724,0.15614035087719297
premierleague,2007,manchestercityfc,1515.5612134953653,1520.1153657723942,1516.899862168679,-4.554152277028834,-0.10350877192982455
premierleague,2007,manchesterunitedfc,1509.135882514479,1513.1932392341537,1501.5638912063632,-4.057356719674772,-0.012280701754385965
premierleague,2007,newcastleunited,1493.3840967227945,1524.5194887537996,1529.473686662741,-31.13539203100504,-0.3543859649122807
premierleague,2007,tottenhamhotspur,1518.4622532886076,1507.893431322928,1512.550574344097,10.56882196567949,0.057894736842105256
premierleague,2007,westhamunited,1489.5954009777233,1527.2257176181918,1529.9436146220603,-37.630316640468436,-0.5912280701754385
premierleague,2007,wiganathletic,1517.953604640471,1523.7131744801031,1512.5464115987309,-5.7595698396321495,-0.2210526315789474
premierleague,2008,afcsunderland,1526.5898797083676,1537.9191999197008,1509.7763566052977,-11.329320211333197,0.010530935634238335
premierleague,2008,astonvillafc,1510.9675148574304,1527.4579779802555,1520.8864516322474,-16.490463122825076,0.021939449237996532
premierleague,2008,blackburnrovers,1529.033128803124,1525.2626058239923,1506.4830225444252,3.7705229791317834,0.07547170537870808
premierleague,2008,boltonwanderers,1519.8342381540117,1496.5301631336151,1552.178051300005,23.304075020396567,-0.11671786994614154
premierleague,2008,chelseafc,1518.674327584764,1503.758631444608,1517.8438485626718,14.915696140155887,0.18955684141629003
premierleague,2008,fcarsenal,1503.2184988978306,1517.8951153301407,1523.3376117029995,-14.676616432310084,-0.4589732780588874
premierleague,2008,fceverton,1523.189753589574,1501.0262183552636,1532.3718563936573,22.163535234310302,0.07108381553110876
premierleague,2008,fcfulham,1502.0115771003948,1544.3807359032803,1522.7225504824257,-42.36915880288552,-0.329091738569948
premierleague,2008,fcliverpool,1520.6822800092843,1510.4627262065364,1515.9786201436184,10.219553802747896,0.029837650963675282
premierleague,2008,fcmiddlesbrough,1515.8378993189315,1523.2193489835577,1527.8703923599608,-7.381449664626189,-0.08336990710438681
premierleague,2008,fcportsmouth,1529.7636478675756,1523.623051507382,1510.4733688560664,6.14059636019374,0.4098289117657752
premierleague,2008,hullcity,1528.759062720608,1511.039241203541,1525.3749753133136,17.719821517066976,-0.07894736842105264
premierleague,2008,manchestercityfc,1512.1354954949081,1537.2501972555328,1515.9257497074334,-25.114701760624712,-0.03510311878079445
premierleague,2008,manchesterunitedfc,1531.2644030024055,1510.0524363741047,1500.679354978421,21.211966628300843,0.3492760318689048
premierleague,2008,newcastleunited,1516.0908590707643,1543.3708484143801,1508.496411537869,-27.279989343615853,0.026327339085595838
premierleague,2008,stokecity,1529.071106883046,1503.4549313387417,1532.6712444127857,25.61617554430427,0.2596491228070175
premierleague,2008,tottenhamhotspur,1523.6624288225287,1528.0225294491195,1511.2680629046647,-4.360100626590793,0.006143045786639028
premierleague,2008,westbromwichalbion,1531.4435744017517,1512.1060938080807,1528.5569221553485,19.33748059367099,0.15533130060501543
premierleague,2008,westhamunited,1513.5353915396981,1515.6053241446584,1536.8704011412815,-2.069932604960286,-0.45721812211984775
premierleague,2008,wiganathletic,1515.0628557726493,1527.6961710033063,1526.3660225138601,-12.63331523065699,-0.10267662243382376
premierleague,2009,afcsunderland,1528.6871972770914,1529.0954636862803,1524.4274205744732,-0.4082664091888546,-0.19921019908100854
premierleague,2009,astonvillafc,1520.3401892700838,1495.0041447715228,1549.9390866359286,25.336044498561023,-0.022817027207516397
premierleague,2009,birminghamcity,1524.3222303057455,1511.3872171075488,1541.584709883695,12.935013198196657,-0.13865731918413807
premierleague,2009,blackburnrovers,1534.5790733235435,1542.6568242370513,1496.9602414831618,-8.07775091350777,0.12637122761086003
premierleague,2009,boltonwanderers,1532.4294548730288,1521.2729210822324,1524.581552986739,11.156533790796402,-0.24308909755700153
premierleague,2009,chelseafc,1514.735724394286,1526.1483872412182,1506.4842812310935,-11.412662846932108,-0.1816586396906113
premierleague,2009,fcarsenal,1508.7823945886178,1498.1818805506819,1545.630269974663,10.600514037935909,0.151820988726936
premierleague,2009,fcburnley,1529.114886254245,1506.5064610763584,1536.3095022246328,22.608425177886602,0.2771929824561403
premierleague,2009,fceverton,1518.5178563745542,1504.552535526298,1537.4773315800608,13.96532084825617,0.05616499004927112
premierleague,2009,fcfulham,1531.4670317757607,1523.5987083564298,1515.3681062353742,7.8683234193308635,0.20798597877620711
premierleague,2009,fcliverpool,1515.5398513876887,1516.8377139683964,1515.053801650703,-1.297862580707715,0.0544098341102314
premierleague,2009,fcportsmouth,1506.516776610649,1519.036846555122,1549.039650418999,-12.520069944473107,-0.14129005309269768
premierleague,2009,hullcity,1510.7311223531187,1516.1033800768773,1553.1502096782312,-5.372257723758594,-0.2711715925816371
premierleague,2009,manchestercityfc,1532.2946178161149,1546.654817971493,1493.4199501162718,-14.360200155378152,0.09565599867766487
premierleague,2009,manchesterunitedfc,1520.7282091816712,1524.9079798721762,1499.5922530029554,-4.179770690504938,-0.10443177837286349
premierleague,2009,stokecity,1530.6986435326428,1535.142595280504,1507.82407126476,-4.44395174786132,0.022817027207516397
premierleague,2009,tottenhamhotspur,1529.3228286786969,1524.518903239188,1514.3742238288266,4.80392543950893,0.03598069675031432
premierleague,2009,westhamunited,1524.2989183225798,1535.4743511793229,1510.7702408400896,-11.1754328567431,0.09039053086054571
premierleague,2009,wiganathletic,1539.248339074854,1525.5946380192702,1512.2209187920748,13.653701055583724,0.4949539748092017
premierleague,2009,wolverhamptonwanderers,1502.6116700944303,1531.1262839191922,1536.1541866062435,-28.51461382476191,-0.4140350877192982
premierleague,2010,afcsunderland,1532.2788687580921,1511.9929375077531,1535.611276501775,20.28593125033899,0.06140350877192983
premierleague,2010,astonvillafc,1508.6994232698132,1501.0477309503187,1554.390181712732,7.651692319494487,-0.14210526315789473
premierleague,2010,birminghamcity,1509.940233966314,1508.211822087806,1556.7343765800802,1.728411878508041,-0.18596491228070175
premierleague,2010,blackburnrovers,1526.4950314710907,1517.915802780299,1527.7538193146295,8.579228690791751,0.38070175438596493
premierleague,2010,blackpoolfc,1531.3462217397089,1535.143951297484,1508.5043147327285,-3.7977295577750283,-0.0912280701754386
premierleague,2010,boltonwanderers,1531.6757530112616,1531.3107179469896,1517.9293391226884,0.3650350642719786,-0.09824561403508772
premierleague,2010,chelseafc,1510.8746787781126,1524.3175335370313,1514.6982834281423,-13.442854758918656,-0.3473684210526316
premierleague,2010,fcarsenal,1506.1856077043765,1517.4444509419068,1534.061918522119,-11.2588432375303,0.007017543859649123
premierleague,2010,fceverton,1521.5871876002432,1514.0072727372851,1526.6862643768645,7.579914862958049,0.23859649122807017
premierleague,2010,fcfulham,1527.446328584613,1546.0388009913404,1503.2114664483163,-18.59247240672744,-0.07017543859649124
premierleague,2010,fcliverpool,1531.5180145061456,1527.8036516377747,1503.2245242642607,3.7143628683709267,0.25789473684210523
premierleague,2010,manchestercityfc,1531.5955324273098,1525.4039001971696,1509.2270014662504,6.191632230140158,0.08596491228070174
premierleague,2010,manchesterunitedfc,1504.1634551052387,1534.791342443452,1509.4898637348124,-30.62788733821344,-0.38070175438596493
premierleague,2010,newcastleunited,1526.4626470228013,1531.684935407471,1522.6168864266706,-5.222288384669582,0.09649122807017543
premierleague,2010,stokecity,1529.408572320064,1524.7623647452938,1520.8740753077811,4.646207574770187,0.07017543859649124
premierleague,2010,tottenhamhotspur,1508.3959196077956,1513.8402598371654,1540.040134428725,-5.4443402293698,-0.28771929824561404
premierleague,2010,westbromwichalbion,1540.8021513823162,1528.5462339100332,1514.0056217239492,12.255917472283045,0.32631578947368417
premierleague,2010,westhamunited,1530.4412810901433,1531.5933754584328,1518.866376478586,-1.152094368289454,0.13859649122807016
premierleague,2010,wiganathletic,1518.4050455215227,1545.5966467207452,1518.4888371185186,-27.191601199222532,-0.12105263157894736
premierleague,2010,wolverhamptonwanderers,1544.0691057676706,1509.9438307318196,1525.7699957120656,34.12527503585102,0.015789473684210527
premierleague,2011,afcsunderland,1529.2659938638292,1526.6549826168023,1522.3920322950555,2.6110112470269087,-0.09477842070814502
premierleague,2011,astonvillafc,1509.1109682055974,1527.2063607304362,1533.513389250015,-18.09539252483887,-0.29925408760627265
premierleague,2011,blackburnrovers,1530.2668293864378,1527.5197876436691,1519.330187943427,2.7470417427687153,0.05792014598831084
premierleague,2011,boltonwanderers,1532.9954541784628,1515.5160394308864,1531.660623209216,17.479414747576357,0.44668718648560934
premierleague,2011,chelseafc,1519.775512292383,1517.758106080838,1520.4827999747506,2.017406211544994,-0.2290478500446838
premierleague,2011,fcarsenal,1522.125142349819,1522.9635357394222,1517.259158802125,-0.8383933896031976,0.03422554081127459
premierleague,2011,fceverton,1526.9154934408834,1520.3514171281572,1519.2946059014116,6.564076312726229,0.14655552090981683
premierleague,2011,fcfulham,1509.6466024903248,1526.1382826913518,1535.5172773789996,-16.491680201027066,-0.29837650963675283
premierleague,2011,fcliverpool,1528.2146398540751,1515.6492330176636,1523.142340870184,12.565406836411512,-0.08424748507390668
premierleague,2011,manchestercityfc,1516.852314050594,1514.9248140789966,1529.7444042681677,1.927499971597399,0.015796403451357504
premierleague,2011,manchesterunitedfc,1530.3296549793747,1511.1502285256445,1511.9634868724388,19.17942645373023,0.32294869278330895
premierleague,2011,newcastleunited,1519.3325095504006,1518.9969902137927,1537.7676988893338,0.33551933660783106,-0.05792014598831084
premierleague,2011,norwichcity,1525.4248574977007,1533.5728806631682,1517.3340724734594,-8.14802316546752,-0.21851691441044543
premierleague,2011,queensparkrangers,1519.8433534485994,1540.8367765102234,1513.8210095170923,-20.99342306162407,-0.3403508771929824
premierleague,2011,stokecity,1526.5093433952945,1524.401667369619,1525.945600303997,2.1076760256755733,0.151820988726936
premierleague,2011,swanseacityafc,1527.827991929418,1523.1564030189295,1524.1309474876311,4.671588910488481,-0.1280701754385965
premierleague,2011,tottenhamhotspur,1526.3769229793586,1526.3058089552478,1512.0149003788886,0.07111402411078416,0.11496271400710184
premierleague,2011,westbromwichalbion,1526.6500333749682,1534.940795537528,1514.9367847727156,-8.290762162559759,0.07459412740918821
premierleague,2011,wiganathletic,1512.6794662942903,1525.99714587203,1538.0859453786225,-13.317679577739682,-0.023694605177036254
premierleague,2011,wolverhamptonwanderers,1520.6770425063148,1520.294474044744,1538.474405871796,0.3825684615708269,0.07547170537870808
premierleague,2012,afcsunderland,1522.4377967830324,1531.751492509874,1524.7905801535692,-9.313695726841615,-0.028070175438596492
premierleague,2012,astonvillafc,1534.1916924261502,1527.5194862401772,1519.46389213704,6.672206185972982,-0.0456140350877193
premierleague,2012,chelseafc,1523.7669795796567,1527.846198029457,1514.5388625422747,-4.079218449800237,0.03333333333333333
premierleague,2012,fcarsenal,1529.3381766263267,1519.0167893667312,1515.9559687970557,10.32138725959544,-0.13684210526315788
premierleague,2012,fceverton,1511.2544075780281,1532.9825032806455,1523.5467233764477,-21.72809570261734,0.019298245614035085
premierleague,2012,fcfulham,1526.7159171669812,1517.1894976546685,1529.4688445818683,9.526419512312714,-0.03684210526315789
premierleague,2012,fcliverpool,1541.1071762279107,1510.046204102397,1525.4219018459448,31.060972125513672,0.39824561403508774
premierleague,2012,fcreading,1517.2918044198839,1526.2292676312036,1535.3225787051188,-8.93746321131971,0.03508771929824562
premierleague,2012,fcsouthampton,1535.0728143974566,1515.1759418573351,1528.6579465571258,19.89687254012142,0.4
premierleague,2012,manchestercityfc,1503.7570775156385,1522.3375508418903,1527.628809455483,-18.580473326251877,-0.19473684210526312
premierleague,2012,manchesterunitedfc,1525.6989223693836,1514.4282138783205,1512.8887808618788,11.270708491063033,0.32631578947368417
premierleague,2012,newcastleunited,1520.9029814781013,1515.986693410168,1533.0182824436818,4.9162880679332375,0.02280701754385965
premierleague,2012,norwichcity,1527.596774617092,1529.142416964326,1521.68427050121,-1.5456423472339793,-0.10526315789473684
premierleague,2012,queensparkrangers,1526.8559771845103,1523.0567802378298,1532.7563017964944,3.7991969466804676,0.0824561403508772
premierleague,2012,stokecity,1528.785607604902,1515.3374803209792,1535.6547601473712,13.448127283922759,0.1719298245614035
premierleague,2012,swanseacityafc,1513.0175746204097,1542.2237146594196,1521.3780454594087,-29.206140039009824,-0.6614035087719298
premierleague,2012,tottenhamhotspur,1533.7288186450626,1526.7253431678864,1506.4486825279257,7.003475477176153,-0.0035087719298245615
premierleague,2012,westbromwichalbion,1528.0644875079236,1532.1740377850033,1518.0278035121619,-4.109550277079734,0.06842105263157894
premierleague,2012,westhamunited,1515.978019869048,1537.0923422589183,1530.1608771589026,-21.114322389870267,-0.30526315789473685
premierleague,2012,wiganathletic,1524.8395615323461,1522.2851233844797,1530.020404496315,2.554438147866449,0.14210526315789473
premierleague,2013,afcsunderland,1526.5967106317855,1551.231116956918,1508.1930222862268,-24.63440632513243,-0.019298245614035085
premierleague,2013,astonvillafc,1539.283612576147,1528.0555509566134,1517.6540670860927,11.228061619533719,0.2789473684210526
premierleague,2013,cardiffcity,1536.3924626422577,1512.0674418578706,1533.3624025108454,24.325020784387107,0.1087719298245614
premierleague,2013,chelseafc,1527.0227427182124,1515.5226161952924,1522.2264565168177,11.500126522920027,-0.06315789473684211
premierleague,2013,crystalpalacefc,1529.3455605041052,1530.1089020905756,1522.6300918093002,-0.7633415864704602,-0.01754385964912281
premierleague,2013,fcarsenal,1514.4034697649706,1530.7933206325013,1518.1009821087705,-16.38985086753064,-0.2543859649122807
premierleague,2013,fceverton,1522.5006987306451,1527.6309397715218,1520.2241481008336,-5.130241040876626,0.042105263157894736
premierleague,2013,fcfulham,1526.4296294030403,1525.4328194982522,1531.665924479136,0.9968099047880514,-0.02456140350877193
premierleague,2013,fcliverpool,1515.633955162596,1528.5943358993952,1527.4195184868845,-12.960380736799152,-0.3596491228070175
premierleague,2013,fcsouthampton,1513.592993790712,1530.5510757735485,1537.6736669118663,-16.958081982836575,-0.32807017543859646
premierleague,2013,hullcity,1523.7816132128994,1525.5135799381208,1536.514644963947,-1.7319667252213549,0.09298245614035087
premierleague,2013,manchestercityfc,1523.3621932235703,1516.8370518556408,1521.504559615263,6.525141367929564,-0.2719298245614035
premierleague,2013,manchesterunitedfc,1523.5572189520055,1515.1891420919528,1517.5625993557273,8.368076860052724,0.38596491228070173
premierleague,2013,newcastleunited,1527.1835934890648,1528.8319345843643,1527.6777772163746,-1.648341095299429,-0.1719298245614035
premierleague,2013,norwichcity,1532.1291811692101,1529.7046147864423,1521.2197201134286,2.4245663827678072,-0.05263157894736842
premierleague,2013,stokecity,1527.7330129676966,1523.4034916300398,1533.7998061051237,4.329521337656843,0.22280701754385965
premierleague,2013,swanseacityafc,1525.211185752523,1513.2599092440933,1543.8111449856215,11.951276508429828,0.28421052631578947
premierleague,2013,tottenhamhotspur,1524.8082447575289,1508.3516454324865,1532.4099000255094,16.45659932504236,0.26842105263157895
premierleague,2013,westbromwichalbion,1531.7621005792146,1535.2084790208423,1516.7837774882855,-3.4463784416277576,0.08596491228070174
premierleague,2013,westhamunited,1522.918584222014,1537.3607960337283,1523.2145540841452,-14.442211811714287,-0.22807017543859648
premierleague,2014,afcsunderland,1522.543488598174,1519.8908372483913,1539.2457600214273,2.6526513497826727,0.01754385964912281
premierleague,2014,astonvillafc,1547.0922972120532,1516.5536800431535,1522.6286536251532,30.53861716889969,0.25263157894736843
premierleague,2014,chelseafc,1532.1623565143584,1509.9298605685776,1515.6461220675951,22.232495945780784,0.21929824561403505
premierleague,2014,crystalpalacefc,1528.5898188222254,1531.7490815260778,1516.6454917977649,-3.1592627038523915,-0.02456140350877193
premierleague,2014,fcarsenal,1529.8855472080438,1511.0498169636578,1517.981526654568,18.835730244386014,0.2964912280701754
premierleague,2014,fcburnley,1521.238786167947,1544.5017973543556,1514.6389678207966,-23.263011186408676,-0.09473684210526316
premierleague,2014,fceverton,1522.3878623799017,1506.3348300586144,1534.603082334418,16.05303232128722,0.23333333333333334
premierleague,2014,fcliverpool,1518.286165442523,1523.1950702570887,1515.2807838495314,-4.908904814565631,-0.01754385964912281
premierleague,2014,fcsouthampton,1492.3694334877744,1530.466419082648,1547.9624938833977,-38.09698559487356,-0.4140350877192982
premierleague,2014,hullcity,1527.933219713809,1534.4011401374826,1523.7589218599994,-6.467920423673604,-0.20175438596491227
premierleague,2014,leicestercityfc,1526.6757639054674,1514.582272377017,1535.896393547053,12.093491528450386,0.40877192982456134
premierleague,2014,manchestercityfc,1526.0988365517526,1505.688222060805,1521.5086826515862,20.410614490947637,0.2368421052631579
premierleague,2014,manchesterunitedfc,1523.8929207992048,1537.0825872440482,1502.8019739066076,-13.189666444843397,-0.2368421052631579
premierleague,2014,newcastleunited,1514.7796441689643,1532.8594345043236,1532.3796988412587,-18.07979033535935,-0.13684210526315788
premierleague,2014,queensparkrangers,1535.1543510703307,1538.7238786410364,1513.10271466822,-3.569527570705759,-0.12456140350877193
premierleague,2014,stokecity,1496.8683935174913,1515.4093076562842,1560.807909951185,-18.540914138792914,-0.4333333333333333
premierleague,2014,swanseacityafc,1541.2125365031286,1539.8733995065677,1500.526788877302,1.3391369965609101,0.14035087719298248
premierleague,2014,tottenhamhotspur,1512.1918838360882,1507.369530459248,1543.7181922521036,4.822353376840283,-0.22456140350877193
premierleague,2014,westbromwichalbion,1536.5276107088503,1537.7551055977108,1509.570227016906,-1.2274948888605195,0.13508771929824562
premierleague,2014,westhamunited,1532.2749953311738,1530.7496406521723,1519.4615263123874,1.5253546790015662,-0.031578947368421054
premierleague,2015,afcbournemouth,1508.512932013652,1537.1316579150593,1532.029344479435,-28.618725901407288,-0.4298245614035088
premierleague,2015,afcsunderland,1501.662758395509,1522.3451077723564,1557.2599460597958,-20.68234937684747,-0.5859649122807017
premierleague,2015,astonvillafc,1542.840274037735,1551.4896918635966,1494.0794940780308,-8.64941782586152,0.1719298245614035
premierleague,2015,chelseafc,1523.2725423326021,1509.571682870116,1522.4533082005787,13.70085946248605,0.12280701754385966
premierleague,2015,crystalpalacefc,1540.304544092818,1513.608040766947,1524.980377819434,26.696503325871163,0.03859649122807017
premierleague,2015,fcarsenal,1529.682295321856,1511.8002160352685,1519.1410289697442,17.88207928658744,0.04035087719298246
premierleague,2015,fceverton,1550.627378436625,1510.624750031765,1516.5105123481085,40.002628404859934,0.519298245614035
premierleague,2015,fcliverpool,1532.0361328349143,1524.9692831131467,1511.0930792102856,7.0668497217675394,0.2210526315789474
premierleague,2015,fcsouthampton,1517.0033641398575,1527.121689941931,1530.3060422279354,-10.118325802073514,-0.1842105263157895
premierleague,2015,fcwatford,1520.4494891411987,1512.523048252471,1546.535788269564,7.926440888727711,-0.05964912280701754
premierleague,2015,leicestercityfc,1506.1400001187149,1520.6883708077648,1552.5848653302671,-14.548370689049989,-0.46842105263157896
premierleague,2015,manchestercityfc,1512.1369338189736,1531.6969386730723,1513.5598794358618,-19.56000485409868,-0.012280701754385965
premierleague,2015,manchesterunitedfc,1526.8993995862077,1512.8009679937873,1525.2215967693826,14.098431592420411,-0.042105263157894736
premierleague,2015,newcastleunited,1538.3523725334956,1527.9560447225474,1521.3391078603202,10.39632781094815,0.29473684210526313
premierleague,2015,norwichcity,1512.5598048210995,1531.4362657846202,1540.7437831477885,-18.876460963520685,-0.1736842105263158
premierleague,2015,stokecity,1521.053555241718,1524.0081899669167,1529.9513687677425,-2.95463472519873,-0.1087719298245614
premierleague,2015,swanseacityafc,1526.8418204947427,1531.4718766359572,1518.2591627677782,-4.630056141214482,0.1087719298245614
premierleague,2015,tottenhamhotspur,1533.1311488264955,1538.1327080781198,1498.21399059216,-5.001559251624258,0.2912280701754386
premierleague,2015,westbromwichalbion,1526.1773275088533,1530.595213597724,1524.2024934085398,-4.417886088870773,0.2263157894736842
premierleague,2015,westhamunited,1530.9400339490578,1530.6523628229588,1522.1589379033737,0.28767112609898504,0.02982456140350877
premierleague,2016,afcbournemouth,1513.8696358239133,1534.276449644942,1535.6369606107494,-20.406813821028663,-0.21929824561403505
premierleague,2016,afcsunderland,1522.7743745296445,1527.332455285608,1533.5928706949453,-4.558080755963374,0.13508771929824562
premierleague,2016,chelseafc,1529.780151405984,1513.7375043361376,1528.8325492795566,16.042647069846453,0.08771929824561404
premierleague,2016,crystalpalacefc,1524.3901526777852,1539.6187576844322,1521.5514099195736,-15.228605006647058,-0.18771929824561404
premierleague,2016,fcarsenal,1528.5767078292918,1535.6443379976192,1501.733981875373,-7.067630168327469,0.1280701754385965
premierleague,2016,fcburnley,1531.0309539529626,1512.0510292955978,1543.9939133879304,18.97992465736479,0.12105263157894736
premierleague,2016,fceverton,1514.3068228585423,1531.8498384242791,1534.2382044923656,-17.543015565736823,-0.1736842105263158
premierleague,2016,fcliverpool,1530.351479572424,1521.360311854632,1520.7566043428972,8.991167717791996,0.14210526315789473
premierleague,2016,fcmiddlesbrough,1523.4295517799583,1525.2545769647093,1533.818011005249,-1.8250251847509844,-0.1789473684210526
premierleague,2016,fcsouthampton,1535.6992631243322,1526.1484504099442,1510.302321062439,9.55081271438803,0.1789473684210526
premierleague,2016,fcwatford,1534.8954690963035,1531.8341294689599,1518.8795659371872,3.0613396273436138,0.15614035087719297
premierleague,2016,hullcity,1533.178559976299,1522.9434387604158,1532.4680995553015,10.235121215883282,0.1719298245614035
premierleague,2016,leicestercityfc,1526.5575265259706,1518.2649291784107,1520.3498765146999,8.292597347559877,0.06140350877192983
premierleague,2016,manchestercityfc,1517.052882208697,1526.4943346107918,1524.2278477043883,-9.44145240209491,0.05263157894736842
premierleague,2016,manchesterunitedfc,1531.4941511106615,1521.9177021175549,1516.454476052864,9.576448993106624,0.07368421052631578
premierleague,2016,stokecity,1514.1632658931994,1539.398362926397,1525.2904451888583,-25.23509703319769,-0.1701754385964912
premierleague,2016,swanseacityafc,1538.7564712034582,1508.8379551251408,1532.816093054625,29.918516078317452,0.13508771929824562
premierleague,2016,tottenhamhotspur,1526.145936823739,1520.518410732197,1521.3403999279953,5.627526091541995,0.012280701754385965
premierleague,2016,westbromwichalbion,1523.512505444547,1535.4543943555948,1524.9056373408062,-11.941888911047727,-0.38070175438596493
premierleague,2016,westhamunited,1516.0525308126541,1523.0810234770033,1534.8291247025636,-7.028492664349187,-0.1456140350877193
premierleague,2017,afcbournemouth,1538.3558105524369,1512.9322169387963,1540.881582937613,25.423593613640605,0.014918825481837641
premierleague,2017,brightonhovealbion,1513.0562498009833,1540.1912859013105,1536.0085722916363,-27.13503610032717,-0.1719298245614035
premierleague,2017,chelseafc,1529.7364345906155,1521.4823535430044,1516.223069049248,8.25408104761118,0.16849497014781337
premierleague,2017,crystalpalacefc,1547.289914993069,1532.839025511188,1516.3224897532198,14.45088948188095,0.07810443928726764
premierleague,2017,fcarsenal,1538.7565561025315,1522.7996648007709,1513.6529467595535,15.956891301760606,0.19569988720292902
premierleague,2017,fcburnley,1538.2770936349173,1525.9274541606028,1533.2715908125065,12.349639474314472,0.23343573989228308
premierleague,2017,fceverton,1541.2509961828146,1512.509088470243,1531.808341853728,28.741907712571674,0.42562531521713276
premierleague,2017,fcliverpool,1528.480277182233,1522.5091823960165,1524.1735968487155,5.971094786216554,-0.05353225614071153
premierleague,2017,fcsouthampton,1500.1839724378458,1530.895474295839,1555.9695779010015,-30.7115018579932,-0.6151821566334228
premierleague,2017,fcwatford,1538.6157392341356,1538.5031204205186,1520.9104824371586,0.11261881361701853,0.1693725481173332
premierleague,2017,huddersfieldtown,1518.251041794758,1538.0713861587678,1533.3332794245412,-19.82034436400977,-0.2
premierleague,2017,leicestercityfc,1545.3906344332192,1516.9171745036556,1526.7846118635712,28.47345992956366,0.4923212409006421
premierleague,2017,manchestercityfc,1521.0712245390457,1538.109054670325,1512.9312045237702,-17.03783013127918,-0.059675301927350564
premierleague,2017,manchesterunitedfc,1531.5237977897712,1524.7843019539348,1520.028350101908,6.739495835836351,0.16849497014781337
premierleague,2017,newcastleunited,1520.7672801767737,1542.1924157878773,1531.5432887980808,-21.425135611103542,-0.22641511613612417
premierleague,2017,stokecity,1534.9385570499592,1533.8330435314815,1523.5419900390846,1.1055135184776645,0.20974113471524686
premierleague,2017,swanseacityafc,1518.8596484268862,1526.4502712245094,1546.5947321337721,-7.590622797623155,-0.2062308228371674
premierleague,2017,tottenhamhotspur,1530.6302545245683,1526.2158099954383,1511.4891215082223,4.4144445291299235,-0.10355420040334364
premierleague,2017,westbromwichalbion,1524.882748231911,1526.6927200127113,1542.6071887512287,-1.8099717808004243,-0.30276439948435213
premierleague,2017,westhamunited,1513.3183453815807,1539.781532783065,1535.5605592714953,-26.46318740148422,-0.21676175847140572
premierleague,2018,afcbournemouth,1508.516430648011,1527.9590604983896,1545.3332532365278,-19.44262985037858,-0.16842105263157894
premierleague,2018,brightonhovealbion,1534.997282100423,1527.748113005296,1523.0536207837072,7.249169095126945,-0.06315789473684211
premierleague,2018,cardiffcity,1541.6687577623716,1531.4294276260127,1513.8827827731463,10.23933013635883,0.11754385964912278
premierleague,2018,chelseafc,1517.1961989128667,1534.0155320945757,1515.3697662026373,-16.819333181709,-0.057894736842105256
premierleague,2018,crystalpalacefc,1521.904959928763,1532.0422355574326,1528.5230977282167,-10.137275628669613,-0.3578947368421052
premierleague,2018,fcarsenal,1523.8145549764706,1508.2814971495413,1540.3475660304723,15.53305782692928,0.1456140350877193
premierleague,2018,fcburnley,1519.3063092712866,1540.8201656652088,1521.5432008788869,-21.513856393922197,-0.4982456140350877
premierleague,2018,fceverton,1513.1229922773066,1546.8230698027608,1519.2514249368173,-33.70007752545416,-0.38421052631578945
premierleague,2018,fcfulham,1532.2407751364356,1530.7657223704455,1522.96644208214,1.4750527659900854,0.1842105263157895
premierleague,2018,fcliverpool,1529.3105813932123,1514.4691195899313,1521.6412930226709,14.841461803280936,0.03508771929824562
premierleague,2018,fcsouthampton,1526.1440597371684,1519.2231571743346,1540.8827982088176,6.920902562833817,0.1789473684210526
premierleague,2018,fcwatford,1515.441010539624,1536.365960923317,1536.7566618378416,-20.924950383693158,0.005263157894736842
premierleague,2018,huddersfieldtown,1537.5572698978738,1522.9311071533934,1528.5825175630869,14.626162744480325,0.30526315789473685
premierleague,2018,leicestercityfc,1516.0382598537017,1525.9956597120768,1540.210095792657,-9.957399858375084,-0.1719298245614035
premierleague,2018,manchestercityfc,1523.5643409216557,1519.4299153933853,1510.755431357005,4.1344255282704125,-0.2543859649122807
premierleague,2018,manchesterunitedfc,1527.3084734806719,1523.7133288110106,1512.9244417840018,3.5951446696612948,0.13157894736842105
premierleague,2018,newcastleunited,1540.5647115984193,1505.1592644807945,1540.353848993083,35.40544711762482,0.3596491228070175
premierleague,2018,tottenhamhotspur,1520.1976616228142,1529.769340064113,1511.911416066954,-9.5716784412989,-0.25789473684210523
premierleague,2018,westhamunited,1539.193742135423,1529.7334165690775,1515.5649363458583,9.460325566345546,0.5456140350877193
premierleague,2018,wolverhamptonwanderers,1535.3312545440713,1516.744533097473,1533.565031114043,18.586721446598176,0.20526315789473687
premierleague,2021,astonvillafc,1523.8680879457188,1538.239637047576,1538.8942604304377,-14.371549101857227,0.1448003649707771
premierleague,2021,brentfordfc,1520.7819038563923,1520.9101754407382,1551.3011092557172,-0.12827158434583907,-0.1087719298245614
premierleague,2021,brightonhovealbion,1532.309188635324,1547.8643897991972,1521.933839439414,-15.555201163873107,-0.3045195554233918
premierleague,2021,chelseafc,1535.6321539119301,1509.8332586283495,1534.3955078166898,25.798895283580578,0.240456363648442
premierleague,2021,crystalpalacefc,1549.6770394545204,1521.6152379438713,1521.911295998404,28.061801510649047,0.3878894625277787
premierleague,2021,fcarsenal,1533.8881723197655,1527.5512348492048,1521.39778053901,6.33693747056077,-0.009653357664718474
premierleague,2021,fcburnley,1541.0296963282315,1520.1888174818325,1536.5609580793462,20.840878846398937,0.03949100862839376
premierleague,2021,fceverton,1516.7001018045728,1534.6723836501862,1536.9869906898753,-17.972281845613452,-0.5590171665841516
premierleague,2021,fcliverpool,1529.4086909587386,1526.6989264731963,1509.36586176814,2.709764485542337,-0.05089952223215195
premierleague,2021,fcsouthampton,1526.7666499350096,1514.9977007215227,1555.8036314254261,11.768949213486849,0.1904344193858099
premierleague,2021,fcwatford,1525.3947792631027,1550.6652367771817,1519.9797989615058,-25.270457514079,-0.30978502324051105
premierleague,2021,leedsunitedfc,1526.3048075351091,1524.3279059338429,1542.7853138284127,1.9769016012662632,0.02280701754385965
premierleague,2021,leicestercityfc,1533.0322365909542,1520.421947051224,1539.397040731806,12.610289539730275,-0.12286091573278059
premierleague,2021,manchestercityfc,1535.3564698269058,1520.967643831847,1506.4105115502898,14.388825995058824,0.1878016854772503
premierleague,2021,manchesterunitedfc,1536.546831831333,1544.5234207889084,1500.877898311613,-7.976588957575359,0.09214568679958543
premierleague,2021,newcastleunited,1512.6186545436642,1544.1966374992885,1536.0247526902747,-31.577982955624293,-0.3080298673014713
premierleague,2021,norwichcity,1539.0776172901535,1510.678093898051,1548.9738703246207,28.399523392102537,0.2325581619227632
premierleague,2021,tottenhamhotspur,1537.9977206859628,1513.2158914034085,1531.2267987377675,24.781829282554327,0.46248358993696687
premierleague,2021,westhamunited,1527.8263130831483,1540.5824457771112,1523.4447397392116,-12.756132693962854,0.0587977239578307
premierleague,2021,wolverhamptonwanderers,1509.847657864777,1527.563953829567,1550.7426481865618,-17.716295964790106,-0.15094341075741616
premierleague,2022,afcbournemouth,1534.0015953948857,1524.6396261272089,1538.887288766389,9.361969267676841,0.07368421052631578
premierleague,2022,astonvillafc,1519.6678581385204,1532.1575920924224,1545.709930200446,-12.489733953902032,-0.25789473684210523
premierleague,2022,brentfordfc,1511.0683320023154,1549.2851523535637,1533.757954236563,-38.216820351248316,-0.22456140350877193
premierleague,2022,brightonhovealbion,1549.9521450753298,1533.0198344058283,1511.8936312833878,16.932310669501476,0.20175438596491227
premierleague,2022,chelseafc,1506.7079421679111,1538.113407358433,1532.8314431623862,-31.40546519052191,-0.2157894736842105
premierleague,2022,crystalpalacefc,1541.5610541837325,1519.2576876121188,1532.1414652595508,22.30336657161365,0.243859649122807
premierleague,2022,fcarsenal,1516.463330569287,1532.6400907934358,1532.5235277433194,-16.176760224148666,-0.2631578947368421
premierleague,2022,fceverton,1533.1996511946634,1532.1357269798425,1533.1027458708684,1.0639242148208723,-0.14912280701754385
premierleague,2022,fcfulham,1528.7115403607631,1533.2073559416674,1541.5683725413458,-4.495815580904264,0.0912280701754386
premierleague,2022,fcliverpool,1521.581215249008,1525.3523659185946,1516.5217385989406,-3.771150669586632,-0.04736842105263158
premierleague,2022,fcsouthampton,1537.9039085225807,1545.4782336004012,1517.0988703697772,-7.574325077820504,0.17719298245614035
premierleague,2022,leedsunitedfc,1521.8894373431024,1544.113140519038,1531.6607737745123,-22.223703175935725,-0.3614035087719299
premierleague,2022,leicestercityfc,1521.0190320399404,1530.4233403013989,1539.710300632836,-9.404308261458482,0.14210526315789473
premierleague,2022,manchestercityfc,1520.7642907869113,1523.3036674871255,1519.138099057315,-2.539376700214234,-0.14210526315789473
premierleague,2022,manchesterunitedfc,1555.2694598289856,1505.710476018029,1528.518378483939,49.55898381095653,0.2964912280701754
premierleague,2022,newcastleunited,1537.5264256304101,1518.1754837936717,1535.344584422828,19.350941836738457,0.042105263157894736
premierleague,2022,nottinghamforest,1535.9900937490008,1536.0147499152786,1522.9084602413473,-0.024656166277736702,0.11929824561403508
premierleague,2022,tottenhamhotspur,1514.1741415568738,1512.211951727706,1552.5434355507955,1.9621898291677553,-0.1105263157894737
premierleague,2022,westhamunited,1536.1968810291992,1531.1967663194166,1524.9237786854787,5.000114709782565,0.07192982456140351
premierleague,2022,wolverhamptonwanderers,1527.2349370800682,1522.763148385264,1543.7981173611313,4.471788694804218,-0.18947368421052632
premierleague,2023,afcbournemouth,1545.8930608140272,1521.130472521178,1537.540919371208,24.76258829284916,0.20175438596491227
premierleague,2023,astonvillafc,1510.4974390532373,1535.6709027299398,1542.372223496805,-25.173463676702568,-0.2421052631578947
premierleague,2023,brentfordfc,1516.7373831000887,1520.0365674575226,1552.0369826221436,-3.2991843574338873,-0.26491228070175443
premierleague,2023,brightonhovealbion,1533.8397432521922,1543.1862688637327,1513.9063555609368,-9.346525611540528,-0.08771929824561404
premierleague,2023,chelseafc,1536.8440689723482,1525.9634132495762,1534.0893752658203,10.880655722771962,-0.042105263157894736
premierleague,2023,crystalpalacefc,1527.0475493782606,1533.562091410831,1536.2396963120757,-6.514542032570489,0.02280701754385965
premierleague,2023,fcarsenal,1523.1314550509312,1535.0772556058246,1520.4725904296681,-11.945800554893367,-0.18771929824561404
premierleague,2023,fcburnley,1546.5323039465832,1514.5966648762844,1541.4873888014963,31.93563907029875,0.31228070175438594
premierleague,2023,fceverton,1524.0849907117165,1530.8568496194964,1546.707416346389,-6.771858907779915,-0.18947368421052632
premierleague,2023,fcfulham,1545.60579782818,1542.8650754171827,1511.449436609401,2.7407224109972503,0.30701754385964913
premierleague,2023,fcliverpool,1511.977614853741,1523.8376000813926,1541.4916885752461,-11.859985227651578,-0.1754385964912281
premierleague,2023,lutontown,1518.9822872318407,1520.0089594239132,1557.3435091838885,-1.0266721920725104,-0.30701754385964913
premierleague,2023,manchestercityfc,1517.1364366088112,1527.6177518008049,1523.6605301992727,-10.481315191993644,-0.2
premierleague,2023,manchesterunitedfc,1529.8003288210696,1537.527296537417,1515.6084396430592,-7.726967716347417,-0.03508771929824562
premierleague,2023,newcastleunited,1537.7096789821483,1519.1232921378214,1528.0456386647286,18.586386844326853,0.41754385964912283
premierleague,2023,nottinghamforest,1547.1111368111106,1527.3651709078258,1527.539877477161,19.74596590328474,0.3315789473684211
premierleague,2023,sheffieldunited,1538.7385796639674,1528.0240272059002,1531.206215221514,10.714552458067146,-0.04035087719298246
premierleague,2023,tottenhamhotspur,1523.9893080144582,1536.616936051734,1528.8191517631751,-12.627628037275827,0.10175438596491228
premierleague,2023,westhamunited,1535.912471656022,1534.2736381238008,1530.0807425683145,1.6388335322212697,-0.07017543859649124
premierleague,2023,wolverhamptonwanderers,1545.1131345910205,1533.1311765901564,1522.7999499588711,11.981958000864097,0.1842105263157895
premierleague,2024,afcbournemouth,1543.7234826789243,1537.717626502724,1519.5726589712106,6.005856176200268,-0.014035087719298246
premierleague,2024,astonvillafc,1530.521140004674,1534.4801996860372,1523.5325497540875,-3.9590596813632146,-0.08070175438596491
premierleague,2024,brentfordfc,1529.9044279676255,1523.4062134927217,1547.4578259474147,6.498214474903762,-0.005263157894736842
premierleague,2024,brightonhovealbion,1554.0872912433024,1529.0392919801172,1516.4198755805778,25.047999263185147,0.18070175438596495
premierleague,2024,chelseafc,1544.1137071957485,1528.676236708429,1516.9425021044951,15.437470487319388,0.18771929824561404
premierleague,2024,crystalpalacefc,1522.3027527950735,1540.4394976352357,1532.2767570363976,-18.136744840162237,-0.07192982456140351
premierleague,2024,fcarsenal,1533.5703065670102,1515.1855562911683,1525.133989068956,18.384750275841952,0.1280701754385965
premierleague,2024,fceverton,1506.4519504271577,1540.1513693505656,1550.3677796215732,-33.69941892340785,-0.2
premierleague,2024,fcfulham,1523.782986640095,1544.8614782014479,1530.1023624248498,-21.07849156135285,-0.06842105263157894
premierleague,2024,fcliverpool,1518.4622915829298,1539.8301697844947,1518.6016947858259,-21.367878201564963,-0.08421052631578947
premierleague,2024,fcsouthampton,1540.5076700352365,1549.4292521430107,1519.721007024358,-8.921582107774157,-0.2070175438596491
premierleague,2024,ipswichtownfc,1533.0698216372955,1523.0430640972502,1542.6533746893197,10.02675754004531,0.02982456140350877
premierleague,2024,leicestercityfc,1525.0221809358866,1527.7456524194827,1549.9457979704407,-2.723471483596086,-0.15438596491228068
premierleague,2024,manchestercityfc,1518.9835390400192,1512.5705032482388,1536.5991894898907,6.41303579178043,0.06666666666666667
premierleague,2024,manchesterunitedfc,1519.161656733495,1532.5782096279856,1536.7546630434992,-13.416552894490678,0.02631578947368421
premierleague,2024,newcastleunited,1527.913804156491,1532.7195973422567,1529.1405278494576,-4.805793185765651,-0.24912280701754386
premierleague,2024,nottinghamforest,1526.0101131211643,1548.397224126527,1530.2563107571264,-22.387111005362613,-0.32105263157894737
premierleague,2024,tottenhamhotspur,1542.9937231603092,1526.0999068949388,1522.06140055111,16.893816265370333,0.16140350877192983
premierleague,2024,westhamunited,1537.3245676697713,1523.1956157537763,1538.1696790615783,14.128951915995003,0.31578947368421056
premierleague,2024,wolverhamptonwanderers,1547.5383683442662,1515.8791166500682,1539.7358362043067,31.65925169419802,0.3368421052631579
saudiproleague,2014,alahlisfc,1500.0,1500.0,1500.0,0.0,
saudiproleague,2014,alfaisalyfc,1500.0,1500.0,1500.0,0.0,
saudiproleague,2014,alfatehsc,1500.0,1500.0,1500.0,0.0,
saudiproleague,2014,alhilalsfc,1500.0,1500.0,1500.0,0.0,
saudiproleague,2014,alittihadclub,1500.0,1500.0,1500.0,0.0,
saudiproleague,2014,alkhaleejfc,1500.0,1500.0,1500.0,0.0,
saudiproleague,2014,alnassrfc,1500.0,1500.0,1500.0,0.0,
saudiproleague,2014,alorobahfc,1500.0,1500.0,1500.0,0.0,
saudiproleague,2014,alraedsfc,1500.0,1500.0,1500.0,0.0,
saudiproleague,2014,alshababfc,1500.0,1500.0,1500.0,0.0,
saudiproleague,2014,alshoullafc,1500.0,1500.0,1500.0,0.0,
saudiproleague,2014,altaawounfc,1500.0,1500.0,1500.0,0.0,
saudiproleague,2014,hajerclub,1500.0,1500.0,1500.0,0.0,
saudiproleague,2014,najransc,1500.0,1500.0,1500.0,0.0,
saudiproleague,2015,alahlisfc,1504.252586798808,1497.6229611824388,1506.4623036826374,6.62962561636914,0.0
saudiproleague,2015,alfaisalyfc,1519.6716281584772,1514.292652346792,1503.3018692425508,5.378975811685223,-0.041265513591054716
saudiproleague,2015,alfatehsc,1518.4748466066776,1515.5910547297035,1497.0390373965422,2.883791876974101,0.06327378750628389
saudiproleague,2015,alhilalsfc,1498.6995747601477,1513.1424794710074,1501.7489225375166,-14.442904710859693,-0.008253102718210942
saudiproleague,2015,alittihadclub,1503.5518980188742,1520.352278177439,1492.5872707933004,-16.80038015856485,-0.37138962231949246
saudiproleague,2015,alkhaleejfc,1502.5978599408559,1508.966162968655,1520.2119253650158,-6.368303027799129,-0.12379654077316414
saudiproleague,2015,alnassrfc,1493.2906356886472,1502.7017595090813,1510.0129372299666,-9.411123820434113,-0.44841858102279447
saudiproleague,2015,alqadsiahfc,1510.8128082878136,1503.5352440576344,1515.119004727137,7.277564230179223,0.04395604395604395
saudiproleague,2015,alraedsfc,1509.65613680372,1503.575969315719,1522.195644626902,6.080167488001052,0.41540617014995074
saudiproleague,2015,alshababfc,1503.2512746167617,1527.6695295611505,1496.4156381346413,-24.418254944388764,-0.4209082386287581
saudiproleague,2015,altaawounfc,1515.387658752416,1502.9118447957335,1517.349603925853,12.475813956682487,0.005502068478807295
saudiproleague,2015,alwehdafc,1513.332231126938,1505.9268642626084,1510.4878975540523,7.405366864329608,-0.005494505494505494
saudiproleague,2015,hajerclub,1496.9651819799342,1508.4089006344582,1529.9035702729007,-11.443718654523991,0.08803309566091672
saudiproleague,2015,najransc,1522.0104996930206,1502.4976516703045,1517.9068662600498,19.51284802271607,0.5474558136413259
saudiproleague,2016,alahlisfc,1513.5354650266052,1503.9896242871037,1514.9022159009821,9.5458407395015,0.3081158348132085
saudiproleague,2016,albatinfc,1511.4416605146,1520.5760740488329,1530.2183005122977,-9.134413534232863,-0.06593406593406594
saudiproleague,2016,alettifaqfc,1531.7188896685584,1502.810201894384,1529.9599689743393,28.908687774174496,0.4835164835164835
saudiproleague,2016,alfaisalyfc,1511.192892664409,1533.3419820347935,1524.9264390743317,-22.149089370384445,-0.41540617014995074
saudiproleague,2016,alfatehsc,1525.9564681843817,1517.6495248705373,1513.6134382660164,8.306943313844386,0.09628619837912766
saudiproleague,2016,alhilalsfc,1507.4070083789793,1519.5333496603673,1515.7590195405437,-12.126341281388022,-0.22008273915229176
saudiproleague,2016,alittihadclub,1524.9015417322046,1515.2588112678718,1510.2850122614154,9.642730464332772,-0.18982136251885168
saudiproleague,2016,alkhaleejfc,1535.0011423941328,1525.5105820022172,1506.646346084664,9.490560391915551,0.15405791740660424
saudiproleague,2016,alnassrfc,1508.0749273891076,1526.3035076610345,1521.2689205138943,-18.22858027192683,-0.2613482527433465
saudiproleague,2016,alqadsiahfc,1530.2665729849011,1521.0340366482203,1515.209001262234,9.232536336680823,0.24209101306752098
saudiproleague,2016,alraedsfc,1513.0834214437677,1523.3168628884641,1535.9848923552208,-10.233441444696382,0.093535164139724
saudiproleague,2016,alshababfc,1524.3052817078144,1512.5425717901744,1523.7889290737596,11.762709917639995,0.013755171197018235
saudiproleague,2016,altaawounfc,1516.466852904035,1522.2161957747246,1519.1197449002702,-5.749342870689588,-0.05502068478807294
saudiproleague,2016,alwehdafc,1520.9892025899912,1530.2580027547622,1512.659098863519,-9.268800164770937,-0.18431929404004438
saudiproleague,2017,alahlisfc,1509.348208940916,1519.6167459729281,1515.7204475432768,-10.268537032012091,-0.2035765337158699
saudiproleague,2017,albatinfc,1539.4588273415475,1514.5443264847554,1526.3729778293146,24.914500856792074,0.34938134840426316
saudiproleague,2017,alettifaqfc,1517.400788852127,1520.4072190204179,1542.5811934352903,-3.0064301682907626,-0.09903723261853131
saudiproleague,2017,alfaisalyfc,1526.2385411870464,1523.3637323976443,1528.697767564409,2.8748087894020955,-0.20082549947646627
saudiproleague,2017,alfatehsc,1503.4509252101334,1523.2079543618484,1542.8502205291973,-19.75702915171496,-0.25859721850394285
saudiproleague,2017,alfayhafc,1528.1829594148815,1502.3179819164602,1543.4062243002156,25.86497749842124,0.45604395604395603
saudiproleague,2017,alhilalsfc,1514.0679971517213,1510.1476345848464,1515.8879380691387,3.9203625668749282,0.22008273915229176
saudiproleague,2017,alittihadclub,1524.93656650243,1514.330218513979,1514.574634511141,10.606347988451034,-0.05502068478807294
saudiproleague,2017,alnassrfc,1525.6975722495688,1520.1381919265111,1512.1359419892258,5.559380323057667,-0.06877585598509117
saudiproleague,2017,alqadsiahfc,1521.6062388426924,1540.1863142738707,1515.131612073614,-18.58007543117833,-0.3053648005738049
saudiproleague,2017,alraedsfc,1503.4512355314132,1540.9507950608177,1529.7165776586676,-37.49955952940445,-0.41540617014995074
saudiproleague,2017,alshababfc,1513.9697299811949,1543.6752513941224,1514.6138209065152,-29.70552141292751,-0.2090786021946772
saudiproleague,2017,altaawounfc,1534.695751278091,1520.6548275799853,1520.740076252861,14.040923698105644,0.48143099189563826
saudiproleague,2017,ohodclub,1535.2366016728413,1521.018686728168,1518.43561525921,14.217914944673339,0.19230769230769232
saudiproleague,2018,alahlisfc,1499.753973863503,1507.4378090177602,1504.3575555903326,-7.683835154257167,-0.10714285714285714
saudiproleague,2018,albatinfc,1522.9393097772302,1494.1005631870325,1523.370122864324,28.838746590197616,0.3071428571428571
saudiproleague,2018,alettifaqfc,1522.5647937778554,1527.6767364493164,1485.2450419026136,-5.111942671461065,-0.15714285714285714
saudiproleague,2018,alfaisalyfc,1521.6430474329172,1519.8951927892163,1495.986502940751,1.7478546437009754,-0.07857142857142857
saudiproleague,2018,alfatehsc,1509.5939521728396,1511.1481891436397,1511.4606962327798,-1.5542369708000479,-0.25357142857142856
saudiproleague,2018,alfayhafc,1512.9973336327892,1505.00466778594,1515.8312780226365,7.99266584684915,0.15
saudiproleague,2018,alhazemsc,1502.8886885139734,1513.7774783337657,1519.8963193819818,-10.888789819792237,-0.09999999999999999
saudiproleague,2018,alhilalsfc,1491.9730219535147,1509.5932986796838,1507.9141010668975,-17.620276726169095,-0.12142857142857141
saudiproleague,2018,alittihadclub,1510.754095813476,1527.9780842039277,1491.9281582627038,-17.223988390451723,-0.35
saudiproleague,2018,alnassrfc,1501.4750248117707,1509.765795937867,1512.4356663948333,-8.290771126096388,-0.4464285714285714
saudiproleague,2018,alqadsiahfc,1530.1011671090198,1495.572322851166,1518.430222775451,34.528844257853734,0.4428571428571427
saudiproleague,2018,alraedsfc,1508.2172017299804,1510.1361201119685,1523.615459411078,-1.9189183819880782,0.16428571428571426
saudiproleague,2018,alshababfc,1513.9267184535065,1520.6706816923404,1503.1175430184935,-6.743963238833885,0.21428571428571427
saudiproleague,2018,altaawounfc,1515.4472940524342,1502.5629802435203,1518.5369349822072,12.88431380891393,0.2642857142857143
saudiproleague,2018,alwehdafc,1504.8727669417399,1522.035285086518,1520.865562816927,-17.162518144778005,-0.24285714285714283
saudiproleague,2018,ohodclub,1516.6156196887248,1505.4572256349413,1526.8696869079215,11.158394053783468,0.2964285714285714
saudiproleague,2023,abhaclub,1524.962692599023,1512.7132041490438,1518.871871517378,12.249488449979253,0.17879501332465358
saudiproleague,2023,alahlisfc,1519.747868809899,1524.0222593517803,1495.790183161186,-4.274390541881303,-0.18363696316326564
saudiproleague,2023,alettifaqfc,1524.2978641560364,1511.2327626391354,1526.0339140385956,13.065101516900995,-0.08685532041505808
saudiproleague,2023,alfatehsc,1517.364502730141,1504.8287996291717,1536.6534701881103,12.535703100969386,0.28538176707804797
saudiproleague,2023,alfayhafc,1520.5770966889534,1521.8444826310213,1517.0786663143858,-1.2673859420679037,-0.23575015541230052
saudiproleague,2023,alhazemsc,1521.5676278637538,1517.206242431974,1522.565507797014,4.361385431779809,-0.08685532041505808
saudiproleague,2023,alhilalsfc,1505.1722126189777,1519.5032248852615,1506.0452419075752,-14.331012266283778,-0.11911586799779393
saudiproleague,2023,alittihadclub,1517.6417096395526,1517.3006890244517,1520.283748732554,0.3410206151008879,-0.014889483499724241
saudiproleague,2023,alkhaleejfc,1521.2950380821835,1523.4506921368863,1514.711643826965,-2.155654054702836,-0.24815805832873736
saudiproleague,2023,alnassrfc,1508.6901309615605,1512.946808688889,1512.9357418590857,-4.2566777273284515,-0.18363696316326564
saudiproleague,2023,alokhdoodclub,1524.845583365495,1511.0732493340836,1520.7780223672257,13.772334031411447,0.3612892338215414
saudiproleague,2023,alraedsfc,1522.2272893928018,1517.2655558543595,1518.9396598843175,4.961733538442331,0.23326857482901311
saudiproleague,2023,alriyadhsc,1509.810685866257,1528.8551872183564,1516.4144421745295,-19.04450135209936,0.007398414344468425
saudiproleague,2023,alshababfc,1515.2180069685915,1516.1173177347127,1516.573382612782,-0.8993107661212889,-0.06948425633204645
saudiproleague,2023,altaawounfc,1510.9959519195334,1513.9123286620006,1520.693495854558,-2.916376742467264,0.12407902916436868
saudiproleague,2023,altaifc,1522.021430879236,1520.4869610351343,1513.332671179611,1.53446984410175,-0.01479682868893685
saudiproleague,2023,alwehdafc,1512.8917467932529,1519.0169872309032,1527.9252108358705,-6.125240437650291,0.1340053514975182
saudiproleague,2023,damacfc,1518.0418881992177,1525.5925748973002,1511.7424532827215,-7.5506866980824725,-0.08384869590397548
saudiproleague,2024,alahlisfc,1519.118564647014,1514.249564388733,1508.3516779087354,4.869000258280948,-0.08578431372549021
saudiproleague,2024,alettifaqfc,1527.2213659879153,1510.7869457258255,1519.8254118122945,16.434420262089816,0.10784313725490197
saudiproleague,2024,alfatehsc,1502.4788596660294,1528.9414661214403,1527.1524922719511,-26.462606455410878,-0.24264705882352944
saudiproleague,2024,alfayhafc,1532.9528660126111,1514.2720356536618,1511.2453544764082,18.68083035894938,0.06617647058823531
saudiproleague,2024,alhilalsfc,1521.6144813266944,1513.8992828594853,1484.4397422441398,7.71519846720912,0.27941176470588236
saudiproleague,2024,alittihadclub,1514.7637531204373,1508.5682984600526,1531.8602935199467,6.195454660384712,-0.13725490196078433
saudiproleague,2024,alkhaleejfc,1529.2934408208682,1522.585354751629,1511.3168281665478,6.708086069239243,0.26470588235294124
saudiproleague,2024,alkholoodclub,1530.7459243707517,1514.651428372047,1512.8677341532298,16.094495998704815,-0.03186274509803922
saudiproleague,2024,alnassrfc,1515.875034058539,1511.2472318122966,1502.8487239957647,4.6278022462424815,0.12990196078431374
saudiproleague,2024,alokhdoodclub,1527.1653326880214,1518.5965213285208,1518.919542685453,8.568811359500614,0.19117647058823534
saudiproleague,2024,alorobahfc,1515.3984427898408,1526.6381583857165,1518.4522131055435,-11.239715595875623,0.10784313725490197
saudiproleague,2024,alqadsiahfc,1517.42545896312,1527.8874183611,1520.9662025941136,-10.461959397979854,-0.10784313725490197
saudiproleague,2024,alraedsfc,1508.905730108174,1520.1809036804527,1531.7721819014876,-11.275173572278618,-0.10784313725490197
saudiproleague,2024,alriyadhsc,1520.974256369129,1516.2919916825547,1524.2683404044458,4.682264686574399,-0.2843137254901961
saudiproleague,2024,alshababfc,1501.6701301697308,1528.2894423693742,1524.2002961064206,-26.619312199643446,-0.22058823529411767
saudiproleague,2024,altaawounfc,1510.632693457903,1521.0620996216046,1513.7954929920568,-10.429406163701515,0.2524509803921569
saudiproleague,2024,alwehdafc,1514.5474922867404,1519.132272820043,1531.821327319296,-4.584780533302592,-0.09803921568627452
saudiproleague,2024,damacfc,1516.9998652706602,1510.5032757196434,1533.6798364563465,6.496589551016768,-0.08333333333333334
seriea,2004,acffiorentina,1500.0,1500.0,1500.0,0.0,
seriea,2004,acmilan,1500.0,1500.0,1500.0,0.0,
seriea,2004,acsiena,1500.0,1500.0,1500.0,0.0,
seriea,2004,aslivorno,1500.0,1500.0,1500.0,0.0,
seriea,2004,asroma,1500.0,1500.0,1500.0,0.0,
seriea,2004,atalantabc,1500.0,1500.0,1500.0,0.0,
seriea,2004,bologna,1500.0,1500.0,1500.0,0.0,
seriea,2004,bresciacalcio,1500.0,1500.0,1500.0,0.0,
seriea,2004,cagliaricalcio,1500.0,1500.0,1500.0,0.0,
seriea,2004,chievoverona,1500.0,1500.0,1500.0,0.0,
seriea,2004,fcmessinapeloro,1500.0,1500.0,1500.0,0.0,
seriea,2004,interdemilao,1500.0,1500.0,1500.0,0.0,
seriea,2004,juventusfc,1500.0,1500.0,1500.0,0.0,
seriea,2004,parmafc,1500.0,1500.0,1500.0,0.0,
seriea,2004,regginacalcio,1500.0,1500.0,1500.0,0.0,
seriea,2004,sslazio,1500.0,1500.0,1500.0,0.0,
seriea,2004,ucsampdoria,1500.0,1500.0,1500.0,0.0,
seriea,2004,udinesecalcio,1500.0,1500.0,1500.0,0.0,
seriea,2004,uslecce,1500.0,1500.0,1500.0,0.0,
seriea,2004,uspalermo,1500.0,1500.0,1500.0,0.0,
seriea,2005,acffiorentina,1508.0998281309178,1502.0016636287914,1509.9435695919785,6.0981645021263375,0.15114258842588382
seriea,2005,acmilan,1505.875846830236,1503.8148094204903,1494.4110905549323,2.0610374097457225,0.2425311302647903
seriea,2005,acsiena,1501.4735810344548,1506.9042319815294,1509.4588317882879,-5.430650947074582,-0.04042185504413172
seriea,2005,ascolicalcio1898,1507.0370055906353,1499.72636011093,1509.7989641935706,7.310645479705272,0.23168058395324337
seriea,2005,aslivorno,1502.6545414935288,1515.7623779332173,1500.4289296323843,-13.107836439688526,-0.27416562551671947
seriea,2005,asroma,1507.1742067739508,1514.9475423345452,1498.8175742220674,-7.7733355605944325,-0.1810196117193725
seriea,2005,cagliaricalcio,1490.9652167563784,1517.4837753428594,1510.677948573636,-26.51855858648105,-0.5131818118646287
seriea,2005,chievoverona,1509.9685449526494,1496.9954218339665,1514.3847596808982,12.973123118682906,0.34094955993745885
seriea,2005,fcempoli,1504.7706310493684,1502.3571330713612,1509.2602292712322,2.4134979780071717,-0.016673981420877365
seriea,2005,fcmessinapeloro,1499.450091821974,1514.033274117558,1504.0612466484536,-14.583182295584038,-0.29174034510112457
seriea,2005,interdemilao,1500.6520922776908,1498.9882271801584,1503.5931678979998,1.6638650975323799,0.0
seriea,2005,juventusfc,1508.3907407441882,1495.1817825248972,1497.6522015776804,13.208958219290935,0.17574719584405096
seriea,2005,parmafc,1505.1412858700014,1505.8009100462384,1508.8463116218165,-0.6596241762370028,-0.010544831750643057
seriea,2005,regginacalcio,1500.5987925755692,1502.1528672841018,1516.6381580053467,-1.554074708532653,-0.19683685934533704
seriea,2005,sslazio,1508.5503237184091,1503.1950324056245,1508.8946124697638,5.3552913127846296,0.003514943916881019
seriea,2005,trevisofbc1993,1504.4153779240035,1498.4742215209392,1513.4710667835293,5.941156403064269,0.08336990710438681
seriea,2005,ucsampdoria,1512.6823120990186,1505.7469397250954,1493.5609572898295,6.935372373923201,0.14235522863368127
seriea,2005,udinesecalcio,1512.7876413740885,1505.159872370696,1493.746254127836,7.6277690033925865,0.056239102670096304
seriea,2005,uslecce,1505.292529114787,1508.2778158945296,1506.4075898754188,-2.985286779742637,0.13005292492459772
seriea,2005,uspalermo,1508.1560513912161,1507.1323827955364,1500.0831777164046,1.0236685956797373,-0.03339196721036968
seriea,2006,acffiorentina,1499.4327738810673,1500.5438153277419,1499.7029079589033,-1.1110414466745624,0.22027207034948518
seriea,2006,acmilan,1501.0346961563525,1499.771615186171,1487.848196226446,1.2630809701815906,0.04738921035407251
seriea,2006,acsiena,1499.2681318529355,1501.7758046120207,1514.7305006641618,-2.5076727590851533,0.03773585268935404
seriea,2006,ascolicalcio1898,1507.0822747222849,1521.2216493561614,1483.8955095252275,-14.139374633876514,-0.2580079230388392
seriea,2006,aslivorno,1511.6012695458696,1496.2066017490465,1506.0276867104994,15.394667796823114,0.21500660253236603
seriea,2006,asroma,1509.8577288550189,1510.603870095439,1480.774126814259,-0.7461412404202292,0.016673981420877365
seriea,2006,atalantabc,1508.2396512004243,1510.2802296012903,1496.5687805764069,-2.040578400866025,0.057042568018790984
seriea,2006,cagliaricalcio,1491.7378505325241,1502.7976228743464,1518.340759574146,-11.059772341822281,-0.28784557400251454
seriea,2006,cataniacalcio,1502.7198755347627,1502.135092190832,1504.7898896673132,0.5847833439306669,-0.1105263157894737
seriea,2006,chievoverona,1508.8994061150652,1497.1448460850786,1503.644713473424,11.754560029986578,0.15006583278789629
seriea,2006,fcempoli,1509.5628253665002,1504.096004599895,1499.2964708113627,5.466820766605224,0.011408513603758198
seriea,2006,fcmessinapeloro,1489.5661968718402,1518.8325429876381,1510.6216655777494,-29.266346115797887,-0.40193071004009645
seriea,2006,interdemilao,1506.8453360046187,1499.4521310779342,1490.1533722849565,7.393204926684575,0.23782362973988241
seriea,2006,parmafc,1511.486845259291,1496.8551445041533,1504.8042267614155,14.631700755137672,0.21412902456284613
seriea,2006,regginacalcio,1506.1477733231497,1502.0419329229428,1507.366722665972,4.105840400206944,-0.13690216324509835
seriea,2006,sslazio,1492.283421410787,1494.8989000216463,1515.2115701893347,-2.615478610859327,0.18253621766013117
seriea,2006,torinofc,1488.9690391154502,1509.0218203568575,1510.5962412729607,-20.052781241407274,-0.3368421052631579
seriea,2006,ucsampdoria,1512.357580795364,1497.0119989680545,1507.1278307166526,15.345581827309388,0.16498465826973394
seriea,2006,udinesecalcio,1502.3827939346359,1502.290758931546,1507.8817708604622,0.09203500308990442,-0.151820988726936
seriea,2006,uspalermo,1501.8561648085797,1507.2915417095455,1499.0064050830492,-5.435376900965821,0.10355420040334364
seriea,2007,acffiorentina,1516.0237405559346,1512.536523737664,1513.1265042600087,3.4872168182705536,0.19394473126388934
seriea,2007,acmilan,1504.1519522559254,1519.576136825524,1516.3991771748135,-15.424184569598538,0.01404124751231778
seriea,2007,acsiena,1507.5827276793073,1524.319900902836,1529.5708959113897,-16.73717322352877,-0.26239581288643854
seriea,2007,aslivorno,1525.2513377895227,1501.1553106672238,1534.6181028221274,24.096027122298892,0.29837650963675283
seriea,2007,asroma,1538.8893422684926,1495.7184077771913,1510.554627239112,43.170934491301296,0.5265467817119167
seriea,2007,atalantabc,1507.9961933093548,1521.700259501289,1525.827370979651,-13.704066191934317,-0.2308030059837235
seriea,2007,cagliaricalcio,1509.7965070681896,1521.036577182645,1530.09370003657,-11.24007011445542,-0.13163669542797918
seriea,2007,cataniacalcio,1513.7284637520388,1504.6147800833069,1543.0305759159758,9.113683668731937,-0.07810443928726764
seriea,2007,fcempoli,1541.1047917273945,1505.8828802724252,1510.2511260567503,35.22191145496936,0.4054410219181759
seriea,2007,genoa,1526.0035615625009,1528.8677354779934,1501.4199182821917,-2.864173915492529,-0.07192982456140351
seriea,2007,interdemilao,1506.8711484987305,1517.6421469481966,1505.7060649855714,-10.770998449466106,-0.04826678832359237
seriea,2007,juventusfc,1515.6878166197355,1522.5449650001055,1500.420858626613,-6.857148380370063,0.0008775779695198612
seriea,2007,parmafc,1504.7199817762169,1532.0158243030528,1519.9639923238792,-27.29584252683594,-0.5177710020167181
seriea,2007,regginacalcio,1522.6447779042585,1513.311872893378,1519.5145456403334,9.332905010880495,0.10092146649478403
seriea,2007,sscnapoli,1528.1040847561992,1535.9299496928188,1492.4187595808758,-7.82586493661961,-0.09824561403508772
seriea,2007,sslazio,1508.4347354481197,1529.728801030371,1508.3659206147884,-21.294065582251278,-0.24835456537412073
seriea,2007,torinofc,1507.3171133667774,1520.4132078138452,1532.320652687771,-13.096094447067799,-0.09916631055574433
seriea,2007,ucsampdoria,1511.5582961492107,1515.5765129048875,1530.7006703010252,-4.018216755676804,-0.3255814266918685
seriea,2007,udinesecalcio,1528.7579127308875,1509.3923951152292,1522.8066859457706,19.36551761565829,0.3308468945089877
seriea,2007,uspalermo,1516.0378891849632,1520.926930686226,1517.0690411963299,-4.889041501262682,0.0587977239578307
seriea,2008,acffiorentina,1514.0472784909118,1517.2443659138942,1514.6429613490277,-3.1970874229823494,0.13684210526315788
seriea,2008,acmilan,1506.1337521806938,1513.9854959133918,1524.687127342076,-7.851743732697969,-0.15438596491228068
seriea,2008,acsiena,1515.8164962177264,1519.945556702512,1521.566683269504,-4.1290604847856685,-0.15087719298245614
seriea,2008,asroma,1514.3650058291842,1521.805882440605,1501.5886943046962,-7.44087661142089,0.14035087719298248
seriea,2008,atalantabc,1511.0440992656079,1522.0705700026226,1524.343799569364,-11.026470737014733,-0.32807017543859646
seriea,2008,bologna,1545.533109897118,1506.212625041095,1509.3084286662702,39.320484856023086,0.7280701754385965
seriea,2008,cagliaricalcio,1506.9347518546667,1518.5725963753684,1533.1733656163783,-11.63784452070172,-0.16842105263157894
seriea,2008,cataniacalcio,1513.1927302047734,1516.312113675063,1534.305364804325,-3.1193834702896766,-0.06842105263157894
seriea,2008,chievoverona,1510.7972352482086,1531.260208966401,1517.309387867364,-20.462973718192416,-0.41754385964912283
seriea,2008,genoa,1536.2073069109317,1512.558908633444,1511.638438025155,23.648398277487786,0.3368421052631579
seriea,2008,interdemilao,1512.1387628486755,1517.9771438879445,1503.5127901931046,-5.838381039269052,-0.09473684210526316
seriea,2008,juventusfc,1507.492872231748,1516.763701015224,1516.6328584185524,-9.270828783475963,-0.07894736842105264
seriea,2008,regginacalcio,1522.051968000848,1521.8664293107977,1515.5348276577895,0.18553869005040724,-0.15263157894736842
seriea,2008,sscnapoli,1530.8874438674266,1514.9366892725625,1512.2998712301437,15.950754594864065,0.5508771929824561
seriea,2008,sslazio,1511.0440992656079,1519.7403128001226,1523.6321005044872,-8.696213534514754,-0.19473684210526312
seriea,2008,torinofc,1513.0543124501517,1522.7473717022744,1525.7459089543652,-9.693059252122794,-0.21929824561403505
seriea,2008,ucsampdoria,1514.534621672161,1507.0517656635514,1529.5036944920428,7.482856008609588,0.15087719298245614
seriea,2008,udinesecalcio,1516.8113809266179,1523.8569145866431,1514.9587638529906,-7.045533660025285,-0.05263157894736842
seriea,2008,uslecce,1515.1567868020638,1523.8316507392426,1523.940566290619,-8.67486393717877,-0.2175438596491228
seriea,2008,uspalermo,1523.7187082801756,1512.7688463014772,1522.1494486888475,10.949861978698436,-0.005263157894736842
seriea,2009,acffiorentina,1511.1118420198443,1519.9084677589594,1512.3561956117262,-8.796625739115143,-0.06666666666666667
seriea,2009,acmilan,1502.9078197733154,1514.0001432452586,1521.9328417982865,-11.092323471943246,-0.31228070175438594
seriea,2009,acsiena,1513.1262514203827,1517.0965954641129,1526.9687232408285,-3.970344043730165,-0.11228070175438597
seriea,2009,asbari,1503.4162013682,1510.4763981578324,1539.4826155787962,-7.0601967896323,-0.14210526315789473
seriea,2009,aslivorno,1534.5221109772726,1514.7591935517012,1515.2178608606305,19.76291742557146,0.28596491228070176
seriea,2009,asroma,1527.8721550986859,1506.7218496694318,1508.4376001691355,21.150305429254104,0.2719298245614035
seriea,2009,atalantabc,1511.5727380853853,1528.9956474933008,1515.7542532904029,-17.42290940791554,-0.09824561403508772
seriea,2009,bologna,1525.2343851689773,1515.0704454480292,1520.8307302847568,10.163939720948065,0.1824561403508772
seriea,2009,cagliaricalcio,1505.4766390344569,1518.3144904635087,1528.248714174642,-12.837851429051852,-0.19298245614035087
seriea,2009,cataniacalcio,1519.8126103231418,1525.273363512482,1516.9295541589177,-5.4607531893402665,-0.019298245614035085
seriea,2009,chievoverona,1511.2021835086387,1522.5043849238182,1523.565384849592,-11.302201415179525,-0.11929824561403508
seriea,2009,genoa,1528.3966949549742,1509.7229508054502,1508.429702711295,18.673744149524055,0.19473684210526312
seriea,2009,interdemilao,1511.4566351391716,1511.9256334450108,1508.596621613889,-0.46899830583924995,0.0912280701754386
seriea,2009,juventusfc,1503.1533404288239,1518.062847260418,1516.142225491375,-14.909506831594172,-0.08771929824561404
seriea,2009,parmafc,1516.4398976492823,1517.8134349846937,1525.9390082256186,-1.3735373354113563,0.05263157894736842
seriea,2009,sscnapoli,1536.7522474758937,1514.638818677578,1508.717639509181,22.11342879831568,0.2210526315789474
seriea,2009,sslazio,1513.2676696037943,1527.6207245203536,1515.1157242112677,-14.353054916559358,-0.15789473684210528
seriea,2009,ucsampdoria,1516.2736756974075,1512.7745448330193,1524.074375745377,3.499130864388235,-0.0543859649122807
seriea,2009,udinesecalcio,1526.4826573952398,1519.7534504012076,1502.4287899430021,6.729206994032211,-0.010526315789473684
seriea,2009,uspalermo,1526.753042374398,1519.797412881121,1506.0622360285672,6.9556294932770015,0.04035087719298246
seriea,2010,accesena,1519.8461322424619,1516.5191698600984,1525.719405289437,3.32696238236349,0.08070175438596491
seriea,2010,acffiorentina,1517.4017022410105,1526.6206715522571,1518.6649223,-9.21896931124661,0.04035087719298246
seriea,2010,acmilan,1514.9902611731202,1527.5989017781337,1506.530929236114,-12.608640605013534,-0.08771929824561404
seriea,2010,asbari,1518.46892145546,1516.7185484343613,1527.1850966526395,1.750373021098767,0.16315789473684209
seriea,2010,asroma,1508.0627741662286,1508.7949508145755,1524.729392438804,-0.7321766483469219,-0.20526315789473687
seriea,2010,bologna,1528.9326186670953,1512.2505357079272,1525.6296732084224,16.682082959168156,0.3385964912280702
seriea,2010,bresciacalcio,1522.8069339322974,1518.7687755795075,1521.8621685123048,4.038158352789878,0.02631578947368421
seriea,2010,cagliaricalcio,1533.7039365044427,1512.4766502309228,1520.209977108284,21.227286273519894,0.3245614035087719
seriea,2010,cataniacalcio,1511.3770466477288,1532.8201569104335,1518.3088683169096,-21.44311026270475,-0.32280701754385965
seriea,2010,chievoverona,1512.2346956354631,1532.0107600582066,1521.7981686328321,-19.776064422743502,-0.11754385964912278
seriea,2010,genoa,1526.1492718441677,1526.467661288996,1508.3007265330116,-0.318389444828199,-0.12105263157894736
seriea,2010,interdemilao,1522.2071213901654,1505.3744183107228,1513.2445523392416,16.83270307944258,0.07192982456140351
seriea,2010,juventusfc,1530.6844995356307,1509.5560009695762,1518.540146432924,21.12849856605453,0.0824561403508772
seriea,2010,parmafc,1518.0419891867411,1528.6654379407591,1515.5777341490077,-10.623448754018,-0.14035087719298248
seriea,2010,sscnapoli,1516.9714108973128,1515.8034279783774,1524.438580067643,1.1679829189354223,-0.11228070175438597
seriea,2010,sslazio,1523.1633160010254,1523.900423583285,1515.0591018981409,-0.7371075822595685,-0.04912280701754386
seriea,2010,ucsampdoria,1508.5999893704818,1524.4677917077452,1517.7131140943914,-15.867802337263356,-0.1087719298245614
seriea,2010,udinesecalcio,1516.1064913822202,1513.7353836577943,1532.5073332948637,2.371107724425883,0.15964912280701754
seriea,2010,uslecce,1532.210763626413,1524.1210917980802,1514.391657624715,8.089671828332712,0.11403508771929824
seriea,2010,uspalermo,1511.6676560272833,1519.1042403897534,1521.0685171723003,-7.436584362470057,-0.20175438596491227
seriea,2011,accesena,1510.3282130508949,1515.2360329909939,1537.6734597131772,-4.907819940098989,-0.057894736842105256
seriea,2011,acffiorentina,1526.325488924599,1522.429448101889,1511.1391765401165,3.8960408227101198,0.2982456140350877
seriea,2011,acmilan,1522.018108596613,1507.6219312061983,1513.1244372922224,14.396177390414778,0.40175438596491225
seriea,2011,acsiena,1516.2994825217256,1524.4007431046714,1527.790821529594,-8.10126058294577,-0.2719298245614035
seriea,2011,asroma,1520.7139609337562,1524.7692101711034,1505.1542959874516,-4.055249237347198,0.010526315789473684
seriea,2011,atalantabc,1519.1574656481446,1528.2194135153595,1520.4359555711542,-9.06194786721494,-0.12280701754385966
seriea,2011,bologna,1515.3658962162324,1514.2887180993603,1536.4061883138756,1.077178116872119,-0.04736842105263158
seriea,2011,cagliaricalcio,1519.760168704219,1513.021022970011,1533.1254986586584,6.739145734208023,-0.028070175438596492
seriea,2011,cataniacalcio,1527.007472524311,1520.596856738293,1515.7319307707887,6.41061578601807,-0.08771929824561404
seriea,2011,chievoverona,1525.2276186371837,1522.8083460190273,1516.5267774890838,2.4192726181563557,0.008771929824561405
seriea,2011,genoa,1517.3147867904802,1525.0067400495027,1518.385098219053,-7.691953259022512,-0.2210526315789474
seriea,2011,interdemilao,1509.8436204401753,1512.7937023147979,1520.0288662968467,-2.950081874622583,-0.02456140350877193
seriea,2011,juventusfc,1527.7573621392391,1517.5739526086106,1511.716506752411,10.183409530628523,0.02982456140350877
seriea,2011,novaracalcio1908,1507.089006249679,1524.6950738331766,1529.519157879034,-17.606067583497634,-0.4070175438596491
seriea,2011,parmafc,1531.245090737418,1516.7368531134016,1514.712538473558,14.508237624016374,0.34210526315789475
seriea,2011,sscnapoli,1526.830075215813,1505.6296363464326,1520.1220496258493,21.200438869380378,0.2771929824561403
seriea,2011,sslazio,1525.1243581408733,1514.82686079336,1516.1387396201922,10.297497347513172,0.28771929824561404
seriea,2011,udinesecalcio,1512.8240632494417,1518.6182635175005,1521.8470344986417,-5.79420026805883,-0.19122807017543858
seriea,2011,uslecce,1512.6407776261947,1529.4347233328012,1525.2600973004637,-16.793945706606564,-0.32280701754385965
seriea,2011,uspalermo,1526.338129337472,1523.4518929259216,1508.9000176869015,2.886236411550499,0.014035087719298246
seriea,2012,acffiorentina,1540.0881622595846,1505.7994153298266,1521.7539822785725,34.28874692975796,0.5403508771929825
seriea,2012,acmilan,1509.2496867002792,1518.0100923279401,1518.1519084400481,-8.76040562766093,0.007017543859649123
seriea,2012,acsiena,1517.8467771977528,1524.8580532627727,1526.8684579456615,-7.011276065019956,-0.18070175438596495
seriea,2012,asroma,1519.5819485953596,1518.1313202150357,1522.8770331984356,1.4506283803239057,-0.19649122807017544
seriea,2012,atalantabc,1516.8334933958947,1524.6409775246673,1524.4090581282674,-7.807484128772558,-0.21403508771929824
seriea,2012,bologna,1528.4263669005668,1519.9118437478487,1515.9823099135904,8.514523152718084,0.1105263157894737
seriea,2012,cagliaricalcio,1504.4213436252023,1525.5700136976297,1538.9870387959718,-21.14867007242742,-0.5385964912280702
seriea,2012,cataniacalcio,1532.1158623155834,1526.0295802247597,1509.2156406123527,6.086282090823715,0.26666666666666666
seriea,2012,chievoverona,1540.23432555577,1511.3853506558905,1515.396872682617,28.848974899879522,0.43684210526315786
seriea,2012,delfinopescara1936,1520.7118551528845,1534.2572817992332,1511.2454933164129,-13.545426646348687,-0.13859649122807016
seriea,2012,genoa,1535.1818378772443,1516.0496153523734,1520.6858174527088,19.13222252487094,0.08070175438596491
seriea,2012,interdemilao,1520.0216101981675,1528.1469559219454,1508.9145837222434,-8.125345723777855,-0.14210526315789473
seriea,2012,juventusfc,1518.1302280827815,1514.0300527967124,1513.7482306609245,4.1001752860690885,0.28771929824561404
seriea,2012,parmafc,1521.2078087660873,1506.3928965414727,1532.3187971104574,14.814912224614545,0.21929824561403505
seriea,2012,sscnapoli,1514.0253771691578,1525.3079235772263,1517.0672158067296,-11.282546408068583,0.010526315789473684
seriea,2012,sslazio,1510.9636121970595,1529.806754216164,1518.146642638239,-18.84314201910456,-0.11228070175438597
seriea,2012,torinofc,1514.4209349771556,1529.35931544352,1525.4230778246454,-14.938380466364379,-0.1754385964912281
seriea,2012,ucsampdoria,1519.733201753177,1520.7403219978005,1530.2318143385148,-1.007120244623593,-0.14035087719298248
seriea,2012,udinesecalcio,1525.0284668079503,1513.8805160438076,1519.2284125584933,11.147950764142706,0.11578947368421051
seriea,2012,uspalermo,1511.8162696413472,1527.7308884923789,1529.3867817441208,-15.914618851031719,-0.2368421052631579
seriea,2013,acffiorentina,1529.290112569465,1533.8150063002463,1503.7498830191298,-4.524893730781287,0.16761739217829352
seriea,2013,acmilan,1531.6169526723359,1524.4031344919656,1502.7589893745728,7.213818180370254,0.12110575979374086
seriea,2013,aslivorno,1506.0638349094386,1536.6546182973946,1537.8269871676664,-30.59078338795598,-0.3089074452709912
seriea,2013,asroma,1511.6780549761163,1534.8175674367126,1520.8035015950404,-23.13951246059628,-0.23343573989228308
seriea,2013,atalantabc,1517.0344137792308,1521.4432685809832,1541.5011770378487,-4.408854801752341,-0.09302326476910529
seriea,2013,bologna,1519.3767764049862,1513.9781118288881,1542.8186129398866,5.398664576098099,0.014918825481837641
seriea,2013,cagliaricalcio,1517.4478950614578,1529.577372209404,1528.6306960786847,-12.129477147946318,-0.08688021898246627
seriea,2013,cataniacalcio,1531.397907580001,1530.0296044013617,1512.0172948872116,1.3683031786392803,0.05528741207975126
seriea,2013,chievoverona,1547.8272162477178,1506.9112214954657,1524.4422884475305,40.91599475225212,0.45458538821128813
seriea,2013,genoa,1533.5562257088843,1524.3045936888452,1523.8152534982323,9.251632020039096,0.14918825481837641
seriea,2013,hellasverona,1517.3350430037028,1517.9957984460832,1540.4048215406085,-0.6607554423803776,-0.07017543859649124
seriea,2013,interdemilao,1520.3638365609074,1521.0553800467512,1533.3104452740022,-0.6915434858437948,-0.05353225614071153
seriea,2013,juventusfc,1522.2708885054365,1527.3738217427904,1503.9868310640215,-5.102933237353909,-0.029837650963675282
seriea,2013,parmafc,1537.9537170498108,1526.2136116759737,1511.9235147873162,11.740105373837196,0.3255814266918685
seriea,2013,sscnapoli,1522.3406389327174,1525.2539236209927,1512.3477487295943,-2.9132846882753256,-0.26327339085595836
seriea,2013,sslazio,1535.7018522174574,1511.6151629041913,1524.3549385300971,24.086689313266106,0.4168495355219341
seriea,2013,torinofc,1528.0745702392726,1521.4316465293236,1531.5085521045642,6.6429237099489455,-0.12110575979374086
seriea,2013,ucsampdoria,1521.1572473322574,1517.3695582952391,1541.495146753185,3.7876890370182537,-0.20447566689812766
seriea,2013,udinesecalcio,1514.6925633223448,1532.5484938482584,1515.354298314798,-17.855930525913664,0.036858274719834175
seriea,2013,ussassuolo,1518.4345408621728,1530.819028172743,1526.566670713823,-12.384487310570194,-0.2771929824561403
seriea,2014,accesena,1533.8783026888495,1513.0339481654205,1534.8488168004455,20.844354523429047,0.256140350877193
seriea,2014,acffiorentina,1527.3194209749688,1522.5424978532444,1514.5130076911628,4.776923121724394,0.27017543859649124
seriea,2014,acmilan,1516.5600958137948,1516.9599415398573,1529.0409094062504,-0.3998457260624946,0.010526315789473684
seriea,2014,asroma,1525.120291957576,1505.9780826320773,1524.6677047962792,19.142209325498698,0.06666666666666667
seriea,2014,atalantabc,1544.23999775167,1516.0454136039434,1515.4083223919101,28.194584147726573,0.2789473684210526
seriea,2014,cagliaricalcio,1526.010354333909,1526.929235872429,1524.7123496039903,-0.9188815385200542,0.0543859649122807
seriea,2014,chievoverona,1530.9541488114135,1508.0137163202166,1541.2519135776545,22.940432491196816,0.23157894736842102
seriea,2014,fcempoli,1520.2162583764775,1531.9323361604106,1521.80994426587,-11.716077783933088,-0.2421052631578947
seriea,2014,genoa,1528.1708966613887,1522.5147994465758,1526.3552342752373,5.656097214812917,0.21052631578947367
seriea,2014,hellasverona,1526.1949349975746,1531.4991230441547,1514.5906406038994,-5.304188046580066,-0.0824561403508772
seriea,2014,interdemilao,1511.3103551238312,1534.4318749851952,1520.2415079630448,-23.12151986136405,-0.20350877192982456
seriea,2014,juventusfc,1504.3983932524695,1513.3786659737018,1522.402021858554,-8.980272721232268,-0.3175438596491228
seriea,2014,parmafc,1523.9157041351093,1529.772468618001,1513.3107970743795,-5.856764482891776,-0.18070175438596495
seriea,2014,sscnapoli,1506.3964408356385,1534.5404327262074,1512.401887242385,-28.14399189056894,-0.37894736842105264
seriea,2014,sslazio,1515.2746199794863,1538.9146997443515,1512.6965697159706,-23.640079764865277,-0.3666666666666667
seriea,2014,torinofc,1527.2090620129127,1519.7626294858385,1521.8404182810891,7.446432527074194,0.30877192982456136
seriea,2014,ucsampdoria,1506.2958368848942,1546.3324388378728,1521.9828051322604,-40.03660195297857,-0.41754385964912283
seriea,2014,udinesecalcio,1526.543508755827,1509.5936673599272,1535.8913358403815,16.94984139589974,0.28947368421052627
seriea,2014,uspalermo,1527.894315169262,1524.9156186129635,1526.1710812777287,2.9786965562984733,-0.007017543859649123
seriea,2014,ussassuolo,1535.1953561936982,1522.8515603654475,1522.1161702751706,12.343795828250677,0.21929824561403505
seriea,2015,acffiorentina,1520.5325158920195,1526.190211417033,1520.9398267588072,-5.657695525013423,0.10794209025094292
seriea,2015,acmilan,1518.4639862625972,1528.6909912214483,1526.1878441761621,-10.227004958851012,-0.003510311878079445
seriea,2015,asroma,1527.8335748738555,1515.9932704195521,1520.6521709137191,11.84030445430335,0.021939449237996532
seriea,2015,atalantabc,1529.6742894268702,1536.0125582122305,1517.255446213126,-6.338268785360242,0.043878898475993064
seriea,2015,bologna,1526.2513573467165,1532.0326690479826,1527.1912530714362,-5.781311701266077,0.09916631055574433
seriea,2015,carpifc1909,1520.7586388424072,1516.3195697015835,1541.063624476524,4.439069140823676,0.13508771929824562
seriea,2015,chievoverona,1538.296908498547,1515.6538876128934,1528.2705884561294,22.64302088565364,0.30013166557579257
seriea,2015,fcempoli,1527.6817089105086,1537.2971902125255,1514.8891023316776,-9.61548130201686,-0.22114964831900505
seriea,2015,frosinonecalcio,1531.4602537208477,1521.3301402023644,1526.174640241798,10.130113518483313,0.02456140350877193
seriea,2015,genoa,1532.2381683714584,1509.4429241469318,1532.7262648596325,22.79524422452664,0.18955684141629003
seriea,2015,hellasverona,1519.511035009222,1519.3760532754602,1538.5600191200756,0.1349817337618333,0.14304520903173737
seriea,2015,interdemilao,1527.3486620914275,1530.6827706583624,1514.2758969606282,-3.3341085669349013,-0.0430013205064732
seriea,2015,juventusfc,1511.0650436938524,1514.1096799560955,1525.3567532452803,-3.0446362622431025,-0.18429137359917086
seriea,2015,sscnapoli,1527.6003212104436,1513.2193114314719,1527.411756279017,14.381009778971702,0.09302326476910529
seriea,2015,sslazio,1511.1048302593529,1532.2463285646218,1522.9374595839136,-21.141498305268897,-0.4730145255712052
seriea,2015,torinofc,1534.8539383532486,1530.3619214962814,1508.9780345818067,4.492016856967211,0.14567794294029696
seriea,2015,ucsampdoria,1517.4028735323218,1527.409515863591,1529.995716135425,-10.006642331269177,-0.13251427339749905
seriea,2015,udinesecalcio,1534.4223130742591,1523.8692162992693,1525.9712282500777,10.553096774989854,0.10530935634238335
seriea,2015,uspalermo,1515.7976618326848,1534.0735450583088,1528.505812040204,-18.275883225624057,-0.15357614466597572
seriea,2015,ussassuolo,1525.2445140095003,1533.2308404141352,1520.1991575167015,-7.986326404634838,-0.21149629065428657
seriea,2016,acffiorentina,1515.286478520679,1504.0390265401586,1537.8248015336796,11.247451980520509,0.14210526315789473
seriea,2016,acmilan,1524.6203009117332,1519.33994584188,1517.8359458891223,5.280355069853158,0.2070175438596491
seriea,2016,asroma,1507.35387670203,1526.1768466534838,1511.1462667165943,-18.822969951453842,-0.25263157894736843
seriea,2016,atalantabc,1514.0281564837517,1538.1578678519274,1515.6330335947678,-24.129711368175776,-0.0894736842105263
seriea,2016,bologna,1531.538578128099,1526.8186653580728,1513.6892673228565,4.7199127700262125,0.042105263157894736
seriea,2016,cagliaricalcio,1530.103201431776,1516.1250780339142,1526.527045413511,13.978123397861737,0.08596491228070174
seriea,2016,chievoverona,1532.994488636679,1511.4484592469757,1522.5046255423306,21.546029389703335,0.18596491228070175
seriea,2016,delfinopescara1936,1515.484580584685,1516.7853545193148,1540.462000223079,-1.3007739346296603,0.2596491228070175
seriea,2016,fccrotone,1523.8907450382233,1528.8797089230875,1513.876162758872,-4.9889638848642335,-0.13333333333333333
seriea,2016,fcempoli,1534.3870103326074,1532.2587863743267,1503.1333512243286,2.128223958280614,0.12105263157894736
seriea,2016,genoa,1501.9814260179003,1521.7081733384448,1541.353873927879,-19.72674732054452,-0.343859649122807
seriea,2016,interdemilao,1510.005609679872,1522.9816674477092,1524.1406977996642,-12.976057767837347,-0.2157894736842105
seriea,2016,juventusfc,1516.422737333559,1508.4487958093503,1512.8382083862855,7.97394152420884,0.16842105263157894
seriea,2016,sscnapoli,1521.4487321813046,1528.7023495786145,1498.085565713781,-7.253617397309881,-0.2157894736842105
seriea,2016,sslazio,1516.1634790369808,1518.2584425013188,1526.0184213903178,-2.0949634643379795,-0.21929824561403505
seriea,2016,torinofc,1508.7668675934055,1528.00885319231,1529.720689707876,-19.24198559890442,-0.27543859649122804
seriea,2016,ucsampdoria,1524.5053415013097,1528.974481379862,1517.2596155704014,-4.469139878552369,-0.22280701754385965
seriea,2016,udinesecalcio,1533.0105491146735,1515.9512431726241,1524.7736364121117,17.059305942049377,0.32807017543859646
seriea,2016,uspalermo,1537.0565969715042,1504.7110283351997,1530.389843762912,32.345568636304506,0.39122807017543854
seriea,2016,ussassuolo,1519.248394214478,1523.4828620635,1516.7773393456966,-4.234467849022167,-0.13684210526315788
seriea,2017,acffiorentina,1524.0420785319254,1521.3558084018223,1531.0784239531376,2.6862701301031393,-0.09653357664718475
seriea,2017,acmilan,1522.6828980156931,1539.5781874629463,1515.0448580694067,-16.895289447253163,-0.13690216324509835
seriea,2017,asroma,1525.9198712565815,1525.9466625162515,1508.789942559146,-0.026791259670062573,0.11408513603758197
seriea,2017,atalantabc,1530.5834293233168,1511.8039302103489,1530.4432062940289,18.77949911296787,0.18955684141629003
seriea,2017,beneventocalcio,1543.277284271892,1521.7359098287793,1520.2977309426537,21.541374443112772,0.15263157894736842
seriea,2017,bologna,1540.2547066935138,1523.0501358865279,1527.958001452307,17.204570806985885,0.27204917055115696
seriea,2017,cagliaricalcio,1526.0901435182939,1530.0036067811,1531.3094036227583,-3.91346326280609,-0.04212374253695334
seriea,2017,chievoverona,1535.1414066086415,1527.0225445375268,1527.4536786268336,8.11886207111479,0.1588416124830949
seriea,2017,fccrotone,1522.211719794218,1535.5604385430984,1530.2580789291233,-13.348718748880401,-0.12549364964134016
seriea,2017,genoa,1529.9807919354464,1527.2023958689144,1534.9217937729811,2.7783960665319682,-0.021939449237996532
seriea,2017,hellasverona,1538.702809397116,1514.4505910771609,1537.7763067558933,24.25221831995509,0.2106187126847667
seriea,2017,interdemilao,1520.853265276535,1531.4938224563039,1524.577871695921,-10.640557179768848,-0.10004388852526418
seriea,2017,juventusfc,1509.8538183266262,1529.9841446029668,1515.7302846995083,-20.13032627634061,-0.11057482415950252
seriea,2017,spal2013,1532.9848994498404,1521.2450371062746,1530.2892665778215,11.739862343565846,0.10526315789473684
seriea,2017,sscnapoli,1512.9014205141068,1524.325002912939,1521.348575565473,-11.423582398832195,-0.06494076974446973
seriea,2017,sslazio,1529.2830745199033,1530.1490484384858,1515.218567216549,-0.8659739185825401,-0.14567794294029696
seriea,2017,torinofc,1521.7975660759,1531.3844726811062,1527.894737546578,-9.586906605206195,-0.19569988720292902
seriea,2017,ucsampdoria,1518.6743120902431,1524.7709297871038,1541.2393450749757,-6.096617696860676,-0.1904344193858099
seriea,2017,udinesecalcio,1533.5786672035345,1533.2840781459004,1521.860903989373,0.2945890576340844,-0.03598069675031432
seriea,2017,ussassuolo,1529.8752842660722,1528.5356234001117,1524.8002458331393,1.339660865960468,-0.1175954479156614
seriea,2018,acffiorentina,1534.187076928477,1527.5966858771822,1521.8013437481716,6.590391051294773,0.07283897147014848
seriea,2018,acmilan,1535.9654605068808,1519.6278164857042,1523.8314296101146,16.33764402117663,0.151820988726936
seriea,2018,asroma,1523.7890875660223,1530.4533526066293,1514.463357319969,-6.664265040607006,0.024572183146556112
seriea,2018,atalantabc,1516.0562263237343,1526.1127277016333,1536.6769851924826,-10.05650137789894,-0.005265467817119168
seriea,2018,bologna,1525.8269016807328,1522.364413041164,1550.0179357043285,3.4624886395688463,-0.1720052820258928
seriea,2018,cagliaricalcio,1525.3550734468754,1540.2410932314988,1529.2042351607188,-14.886019784623386,-0.08688021898246627
seriea,2018,chievoverona,1525.103560221347,1528.3816052627153,1541.0056847993494,-3.2780450413683866,0.07459412740918821
seriea,2018,fcempoli,1537.9149534124142,1544.1293495559212,1515.298344829367,-6.214396143506974,-0.16235192436117432
seriea,2018,frosinonecalcio,1533.4142312133279,1514.5074232719455,1547.1071545338853,18.90680794138234,0.10969724618998265
seriea,2018,genoa,1531.2909195846412,1545.8156266097235,1518.6516023285662,-14.524707025082307,-0.32470384872234864
seriea,2018,interdemilao,1512.6271246635035,1536.3999973918092,1526.60153611584,-23.77287272830563,-0.08951295289102583
seriea,2018,juventusfc,1501.9732901308023,1532.162209459319,1523.4352629754155,-30.188919328516704,-0.2790697943073159
seriea,2018,parmacalcio1913,1535.185408674675,1515.797344734109,1538.9749279763423,19.3880639405661,0.008771929824561405
seriea,2018,spal,1525.2310075151029,1537.7004862486838,1526.2604644552184,-12.4694787335809,-0.014035087719298246
seriea,2018,sscnapoli,1534.5813878838037,1513.1552695993194,1515.9136266858636,21.426118284484346,0.39578766425345746
seriea,2018,sslazio,1537.4324365677865,1508.1726216225468,1531.605504899409,29.25981494523967,0.2176393364409256
seriea,2018,torinofc,1525.942812942117,1510.294490198052,1547.7859702961975,15.648322744064899,0.10267662243382376
seriea,2018,ucsampdoria,1539.2203095134446,1530.3454740964937,1521.0548010449465,8.874835416950873,0.0043878898475993066
seriea,2018,udinesecalcio,1534.2428223622476,1548.898045789349,1514.175829634551,-14.655223427101419,0.05177710020167182
seriea,2018,ussassuolo,1531.792133528046,1532.0185188530193,1526.2239003844124,-0.22638532497330743,-0.08863537492150599
seriea,2021,acffiorentina,1552.0799323736703,1533.1164767078756,1508.2000483129605,18.963455665794754,0.4147633821919603
seriea,2021,acmilan,1538.7761534882002,1508.7419220732288,1528.8973757782226,30.034231414971373,0.21792652284662317
seriea,2021,asroma,1520.390317048158,1525.004495321129,1527.099452431755,-4.614178272971003,-0.3884013028153526
seriea,2021,atalantabc,1514.3271567893783,1517.4460016439682,1540.7504739010526,-3.118844854589952,-0.02987702329348866
seriea,2021,bologna,1521.661630144695,1541.1913995361745,1526.876182397972,-19.529769391479476,-0.21792652284662317
seriea,2021,cagliaricalcio,1531.203656179541,1534.8270757065957,1527.985810752934,-3.6234195270546934,-0.09841842967266852
seriea,2021,fcempoli,1534.9778640597717,1538.7691366683505,1521.2680154791574,-3.7912726085787654,0.11775062121551413
seriea,2021,genoa,1508.7157641515978,1541.9695091741971,1542.2724914130777,-33.25374502259933,-0.32337484035305375
seriea,2021,hellasverona,1545.8241326245186,1539.1327651850527,1516.9345005484518,6.691367439465921,0.028119551335048152
seriea,2021,interdemilao,1516.8709423222579,1509.4957417099763,1548.397757763009,7.37520061228156,-0.34094955993745885
seriea,2021,juventusfc,1526.9964536101481,1505.070574810823,1530.510144929522,21.92587879932512,0.23550124243102827
seriea,2021,salernitanacalcio1919,1523.5558160952094,1530.8082264959814,1534.0705832468725,-7.252410400772078,-0.03334796284175473
seriea,2021,speziacalcio,1516.8919137474093,1546.3174801851856,1524.712624032561,-29.425566437776297,-0.17727074984301197
seriea,2021,sscnapoli,1513.3755129706099,1513.6250158108344,1540.0900606463074,-0.24950284022452252,-0.10193337358954954
seriea,2021,sslazio,1522.5619642445326,1530.3084489431094,1527.9293471138744,-7.746484698576751,-0.02987702329348866
seriea,2021,torinofc,1539.6168746563533,1527.9095249821935,1511.0875461683124,11.707349674159786,0.27240815355827896
seriea,2021,ucsampdoria,1544.7252290053545,1523.935274308433,1520.4286537518226,20.78995469692154,0.15641500430120533
seriea,2021,udinesecalcio,1539.9337509715406,1516.7245333956912,1535.5818476661489,23.20921757584938,0.3778564710647096
seriea,2021,ussassuolo,1530.6313182853994,1542.0206248483696,1518.3621764028867,-11.389306562970205,0.08787359792202548
seriea,2021,veneziafc,1519.9307771314616,1520.0130388637187,1548.2119606918254,-0.08226173225716593,-0.16673981420877362
seriea,2022,acffiorentina,1533.5926256867542,1522.627605653078,1535.0480605354626,10.965020033676183,-0.06581834771398959
seriea,2022,acmilan,1531.64035786385,1516.4498778163377,1525.8606156051474,15.190480047512438,0.07459412740918821
seriea,2022,acmonza,1533.9957725619054,1536.651909353672,1525.5283138725329,-2.656136791766585,0.1087719298245614
seriea,2022,asroma,1525.4789847256006,1525.261023613599,1533.2442526570453,0.2179611120016034,-0.11584029197662168
seriea,2022,atalantabc,1523.6920412209238,1529.8640356696092,1534.715906428233,-6.171994448685382,0.10092146649478403
seriea,2022,bologna,1526.6714050603148,1538.8296473883388,1531.5264773400206,-12.158242328024016,-0.07810443928726764
seriea,2022,fcempoli,1528.6763326382243,1532.1994172230895,1539.8433783510445,-3.5230845848652734,-0.3132953351185905
seriea,2022,hellasverona,1531.262084512183,1539.6126101973912,1524.9278671703896,-8.35052568520814,-0.029837650963675282
seriea,2022,interdemilao,1518.957780283169,1529.4057932970643,1525.9017758526281,-10.448013013895206,0.002632733908559584
seriea,2022,juventusfc,1509.7242215974172,1533.9571387379817,1533.2584659005865,-24.232917140564496,-0.34488814202130547
seriea,2022,salernitanacalcio1919,1522.4890172334544,1539.6033069423588,1539.503775377281,-17.11428970890438,-0.3685827471983417
seriea,2022,speziacalcio,1529.6218049221204,1534.509911543445,1538.322608495731,-4.888106621324596,-0.057042568018790984
seriea,2022,sscnapoli,1524.9581821667043,1531.374383784838,1519.616579054938,-6.416201618133755,0.007898201725678752
seriea,2022,sslazio,1519.966841843909,1532.2233311220054,1532.6866110090778,-12.256489278096524,-0.1061869343119032
seriea,2022,torinofc,1550.3851095623095,1527.6358044971005,1514.6315311135074,22.749305065209,0.2562527670997995
seriea,2022,ucsampdoria,1540.5509098976852,1534.8396128790457,1527.773176832749,5.7112970186394705,0.08336990710438681
seriea,2022,udinesecalcio,1541.3160327188405,1532.9064027127536,1522.0574177026126,8.4096300060869,0.3378675182651466
seriea,2022,uscremonese,1536.105986587386,1518.2364464467387,1541.9958869097916,17.86954014064736,0.3649122807017544
seriea,2022,uslecce,1536.4382819615096,1529.991317149687,1530.5435989402981,6.446964811822681,0.0860026410129464
seriea,2022,ussassuolo,1542.622313297503,1521.9665103136297,1531.1597871926876,20.6558029838734,0.05616499004927112
seriea,2023,acffiorentina,1528.3079805608606,1535.745643709388,1513.1941702443942,-7.437663148527463,-0.16140350877192983
seriea,2023,acmilan,1532.5820086145438,1517.1427956946156,1519.0027602549474,15.439212919928195,0.243859649122807
seriea,2023,acmonza,1520.133508246656,1529.632272191204,1530.5196970017278,-9.498763944548045,0.10526315789473684
seriea,2023,asroma,1509.7809829887856,1531.851141754099,1532.5894996694935,-22.07015876531341,-0.48245614035087714
seriea,2023,atalantabc,1512.8215528936655,1530.1442034724043,1532.1213285794145,-17.32265057873883,-0.29473684210526313
seriea,2023,bologna,1539.4674063790055,1526.3655132158794,1514.948268547307,13.101893163126078,0.22280701754385965
seriea,2023,cagliaricalcio,1533.9240571527446,1532.43229491275,1525.2537836310619,1.491762239994614,0.31052631578947365
seriea,2023,fcempoli,1537.7155897374314,1537.5513384729575,1512.541006480011,0.16425126447393268,0.01754385964912281
seriea,2023,frosinonecalcio,1525.7964800833427,1531.1473637045901,1534.46391859948,-5.350883621247476,0.008771929824561405
seriea,2023,genoa,1533.0425265853128,1531.4288660932557,1527.4150439862651,1.613660492057079,0.1701754385964912
seriea,2023,hellasverona,1536.2363855608867,1523.759061817692,1532.0299059181705,12.477323743194574,0.04736842105263158
seriea,2023,interdemilao,1518.2311914618776,1519.5816400101055,1529.6811484119494,-1.3504485482278596,0.15964912280701754
seriea,2023,juventusfc,1516.7512114731417,1534.9218704505524,1517.1635117875683,-18.170658977410767,0.03859649122807017
seriea,2023,salernitanacalcio1919,1513.5082235338584,1520.1642912027605,1551.853624134071,-6.656067668902097,-0.28070175438596495
seriea,2023,sscnapoli,1504.6609458121209,1524.8077361482563,1529.3146463028693,-20.146790336135382,-0.3192982456140351
seriea,2023,sslazio,1542.341367515248,1518.9965025635042,1509.047088571257,23.34486495174383,0.27017543859649124
seriea,2023,torinofc,1524.5905613189632,1542.6796494526427,1512.4546423014713,-18.089088133679525,-0.08070175438596491
seriea,2023,udinesecalcio,1523.4021767380164,1520.4713028791598,1542.4203790487913,2.9308738588565575,-0.27368421052631575
seriea,2023,uslecce,1544.3599094062563,1524.2149035269695,1522.8266475716114,20.145005879286828,0.1649122807017544
seriea,2023,ussassuolo,1537.7604550582084,1525.223716626086,1523.725863301119,12.536738432122547,0.13333333333333333
seriea,2024,acffiorentina,1515.366383381889,1515.5014405595907,1541.9476693377876,-0.13505717770181036,-0.25888550100835905
seriea,2024,acmilan,1521.146201499442,1524.3102372313774,1519.7625280352877,-3.164035731935428,-0.13251427339749905
seriea,2024,acmonza,1542.007176605421,1530.5242604420125,1511.400042139366,11.48291616340839,0.22114964831900505
seriea,2024,asroma,1521.073416596442,1533.607473325452,1516.4186821017583,-12.53405672900999,-0.2904783079110741
seriea,2024,atalantabc,1516.2384754657116,1537.9172454284358,1514.056884617634,-21.678769962724118,-0.04212374253695334
seriea,2024,bologna,1505.4926903447695,1541.0289889971657,1521.1087488883636,-35.536298652396226,-0.39139977440585805
seriea,2024,cagliaricalcio,1528.0932789638225,1524.792809646771,1534.6697591218785,3.3004693170514656,-0.1720052820258928
seriea,2024,como1907,1518.445910530699,1512.698931266545,1549.51395004653,5.746979264153879,-0.08070175438596491
seriea,2024,fcempoli,1534.9405110169928,1512.5830160281037,1539.5383712180276,22.35749498888913,0.1904344193858099
seriea,2024,genoa,1541.8724283795448,1532.5909264798088,1507.1116782632612,9.281501899735986,0.2694164366425974
seriea,2024,hellasverona,1525.3671445467571,1527.0073620224139,1534.0846821645139,-1.6402174756567547,0.06932865959206903
seriea,2024,interdemilao,1519.9335650054745,1516.566579051181,1518.55802310634,3.3669859542935683,0.0702062375615889
seriea,2024,juventusfc,1516.7190092931166,1511.7099780784783,1537.7407909374388,5.0090312146382985,-0.18078106172109143
seriea,2024,napoli,1529.4693093338667,1520.271447528256,1531.7659887357406,9.197861805610728,-0.09649122807017543
seriea,2024,parmacalcio1913,1513.2551130021247,1536.4649706644716,1532.2850274067785,-23.20985766234685,-0.07634928334822792
seriea,2024,sslazio,1509.102863882453,1537.1310601583364,1523.4516012770275,-28.028196275883374,-0.25888550100835905
seriea,2024,torinofc,1539.0597748569833,1516.5013295401768,1521.4479332143405,22.558445316806456,0.09214568679958543
seriea,2024,udinesecalcio,1543.3649053002694,1535.6225016413796,1506.271720701705,7.742403658889771,0.2325581619227632
seriea,2024,uslecce,1531.1601635459463,1530.9235504929277,1525.4122090759722,0.23661305301857283,0.120228181824221
seriea,2024,veneziafc,1541.2886272147705,1529.399921672265,1517.9524409036292,11.888705542505477,0.3589293895336233
serieb,2004,acarezzo,1500.0,1500.0,1500.0,0.0,
serieb,2004,accesena,1500.0,1500.0,1500.0,0.0,
serieb,2004,acperugia,1500.0,1500.0,1500.0,0.0,
serieb,2004,acvenezia1907,1500.0,1500.0,1500.0,0.0,
serieb,2004,asbari,1500.0,1500.0,1500.0,0.0,
serieb,2004,ascolicalcio1898,1500.0,1500.0,1500.0,0.0,
serieb,2004,cataniacalcio,1500.0,1500.0,1500.0,0.0,
serieb,2004,fccrotone,1500.0,1500.0,1500.0,0.0,
serieb,2004,fcempoli,1500.0,1500.0,1500.0,0.0,
serieb,2004,genoa,1500.0,1500.0,1500.0,0.0,
serieb,2004,hellasverona,1500.0,1500.0,1500.0,0.0,
serieb,2004,modenafc,1500.0,1500.0,1500.0,0.0,
serieb,2004,pescaracalcio,1500.0,1500.0,1500.0,0.0,
serieb,2004,piacenzafc,1500.0,1500.0,1500.0,0.0,
serieb,2004,ternanacalcio,1500.0,1500.0,1500.0,0.0,
serieb,2004,torinocalcio,1500.0,1500.0,1500.0,0.0,
serieb,2004,trevisofbc1993,1500.0,1500.0,1500.0,0.0,
serieb,2004,ucalbinoleffe,1500.0,1500.0,1500.0,0.0,
serieb,2004,uscatanzaro,1500.0,1500.0,1500.0,0.0,
serieb,2004,ussalernitana,1500.0,1500.0,1500.0,0.0,
serieb,2004,ustriestina,1500.0,1500.0,1500.0,0.0,
serieb,2004,vicenzacalcio,1500.0,1500.0,1500.0,0.0,
serieb,2005,acarezzo,1489.8410067226268,1486.9525385656448,1499.1929585309865,2.8884681569820714,0.11820401230821208
serieb,2005,accesena,1497.2221343258502,1490.2963279704422,1489.9159634604093,6.925806355407985,0.08681650621507103
serieb,2005,acmantova1911,1497.8822389435954,1489.72177576572,1486.4348584362249,8.1604631778755,0.10451527703491831
serieb,2005,asbari,1496.4085173010676,1484.8679889675375,1490.5408983544385,11.54052833353012,0.2450896752379313
serieb,2005,atalantabc,1495.842618405788,1490.5272044437722,1487.6690502959798,5.315413962015782,0.06482593132545565
serieb,2005,bologna,1494.5788040844852,1488.4779563972513,1490.9821126638042,6.100847687233909,0.07011784408671734
serieb,2005,bresciacalcio,1490.451331557312,1487.2057279882467,1496.3818135999816,3.2456035690652243,-0.06879486589640192
serieb,2005,cataniacalcio,1494.7101303978013,1489.0544729696123,1490.593445206908,5.655657428188988,0.09816943395088802
serieb,2005,fccrotone,1488.4428803066965,1487.439421323594,1496.6682398133785,1.0034589831025187,-0.06811756641490188
serieb,2005,hellasverona,1489.753374433056,1488.327977889834,1494.0632975511046,1.4253965432219502,0.030719686814563597
serieb,2005,modenafc,1488.0057008949711,1487.3668369993484,1495.080459400067,0.6388638956227624,0.07947049415071886
serieb,2005,pescaracalcio,1491.0804764365262,1495.3412188108573,1492.1284838038307,-4.26074237433113,0.13890640994411363
serieb,2005,piacenzafc,1497.949157464258,1489.9981294238153,1488.20910056186,7.951028040442679,0.09816943395088802
serieb,2005,riminifc,1488.8282011507843,1493.9926660361548,1491.2180059586012,-5.164464885370535,-0.04498125847072433
serieb,2005,ternanacalcio,1485.8191355143954,1493.00355649166,1494.3039107246072,-7.184420977264608,-0.1702939160372547
serieb,2005,torinofc,1486.2742805534667,1490.8985185856757,1496.8660740063985,-4.62423803220895,-0.22755224873425248
serieb,2005,ucalbinoleffe,1489.5264143159511,1488.4528653842515,1497.3172959458468,1.0735489316996336,0.11486491591532472
serieb,2005,usavellino,1489.9504510523718,1494.2479740666984,1489.8404480264703,-4.2975230143265435,0.06350295313514025
serieb,2005,uscatanzaro,1496.2114749525888,1500.5322971216924,1492.068404009058,-4.3208221691036215,-0.036730060321760814
serieb,2005,uscremonese,1487.8543858139255,1498.7543128406373,1487.4301744909776,-10.899927026711794,-0.3929245225236802
serieb,2005,ustriestina,1491.067665076827,1496.5736976265318,1490.3872975262748,-5.5060325497047415,-0.03405878320745094
serieb,2005,vicenzacalcio,1490.571732314438,1500.5497711864875,1486.6686948148947,-9.978038872049638,-0.3299027236172699
serieb,2006,acarezzo,1499.583202700062,1499.3504952942014,1499.148355720599,0.23270740586053762,0.061439220809880256
serieb,2006,accesena,1503.1972980130333,1503.513846596533,1494.0274241727914,-0.31654858349975257,0.13856505118824058
serieb,2006,acmantova1911,1498.4410765810321,1502.6237182356072,1498.5800534640657,-4.182641654575036,0.03660208899312015
serieb,2006,asbari,1499.9312455910015,1499.7040081933326,1502.9899325163096,0.22723739766888684,0.06666809066604028
serieb,2006,bologna,1500.2190759700536,1497.3984030784482,1499.286076483104,2.8206728916054544,-0.14117948611632058
serieb,2006,bresciacalcio,1502.22355480326,1502.8266261951937,1497.5140215311912,-0.6030713919337813,-0.08496913516260034
serieb,2006,fccrotone,1501.842320952686,1500.5434991915938,1498.0349900401682,1.2988217610920856,0.14902279090056061
serieb,2006,frosinonecalcio,1495.9043379100651,1506.9674879876181,1499.0668241827614,-11.063150077553018,-0.41759179191768414
serieb,2006,genoa,1499.57388607209,1495.9223030462324,1500.0789446856936,3.65158302585769,-0.15294444329268064
serieb,2006,hellasverona,1499.5226669950239,1506.607922501742,1499.5786877364912,-7.085255506718113,-0.07974026530644034
serieb,2006,juventusfc,1497.0051197206044,1502.2079968972014,1502.725533462639,-5.202877176596985,-0.31921993453925923
serieb,2006,modenafc,1499.2922858271904,1496.6908652713919,1498.9212571482071,2.6014205557985406,-0.12810731147592053
serieb,2006,pescaracalcio,1503.8438300973244,1501.9928857228876,1499.113431542864,1.8509443744367218,0.17647435764540073
serieb,2006,piacenzafc,1508.3861671943469,1497.7852570248428,1498.8961065774222,10.600910169504004,0.3790930645716015
serieb,2006,riminifc,1505.6292822330354,1494.3686542455637,1506.5466722222513,11.260627987471707,0.35425593275484146
serieb,2006,speziacalcio1906,1503.456084447875,1499.7193884024086,1498.7631772301613,3.7366960454662603,0.14527764367807106
serieb,2006,sscnapoli,1494.7215942372734,1506.7215392540763,1500.495516589095,-11.99994501680294,-0.2859950025770099
serieb,2006,trevisofbc1993,1492.9364028676312,1503.515093103544,1503.6181210347986,-10.578690235912745,-0.3464126279706014
serieb,2006,ucalbinoleffe,1501.90190850981,1500.1110342584961,1502.1841845303638,1.7908742513138804,0.057517568417760234
serieb,2006,uslecce,1502.2540466887592,1496.3773214346838,1503.3072819570014,5.876725254075382,0.11140124246165987
serieb,2006,ustriestina,1499.4334111074058,1499.5075272361676,1507.035151448416,-0.07411612876171603,0.11503513683552047
serieb,2006,vicenzacalcio,1504.2717520435494,1503.6246930633092,1499.1487906147554,0.6470589802402174,0.23529914352720097
serieb,2007,accesena,1502.7796028133564,1499.7455500188498,1495.571332594876,3.0340527945065787,0.07712583037836032
serieb,2007,acmantova1911,1494.2367701527442,1500.22396499048,1494.3084917767724,-5.987194837735842,-0.2575218404158811
serieb,2007,acpisa1909,1495.8791264112915,1500.003404740058,1497.3226781426997,-4.124278328766422,-0.227362769702452
serieb,2007,asbari,1496.7321468924235,1495.1321803209146,1503.673069092238,1.5999665715089577,0.015686609568480066
serieb,2007,ascolicalcio1898,1496.4007055378322,1497.42986155781,1498.6609946959984,-1.0291560199777905,0.03660208899312015
serieb,2007,bologna,1494.7261999379846,1498.5511887552573,1496.3287737169208,-3.824988817272697,-0.11503513683552047
serieb,2007,bresciacalcio,1495.0278055664025,1492.391223736325,1500.7463941422502,2.6365818300776027,0.05098148109756021
serieb,2007,chievoverona,1496.535151437952,1503.9741672124371,1492.6958906436598,-7.439015774485142,-0.2319230544815843
serieb,2007,fcmessinapeloro,1494.6553217017008,1498.6411824435124,1499.9087051488357,-3.9858607418116208,-0.30423614169353896
serieb,2007,frosinonecalcio,1498.077803412935,1499.1453927077207,1498.915498882365,-1.0675892947856482,-0.0470598287054402
serieb,2007,modenafc,1499.2228053185813,1496.8286062773807,1496.7615401165228,2.394199041200636,0.03790930645716016
serieb,2007,piacenzafc,1500.4426632758034,1495.958437783875,1494.3564988151886,4.484225491928328,0.2862806246247612
serieb,2007,ravennacalcio,1498.0854699152637,1492.0394574299607,1503.0802819488247,6.046012485302981,0.2710112097312895
serieb,2007,riminifc,1497.2273754988598,1495.9122364070383,1496.6824920231343,1.315139091821493,0.08496913516260034
serieb,2007,speziacalcio1906,1500.0047809055907,1500.169940332855,1497.375482518314,-0.1651594272643706,0.0013072174640400053
serieb,2007,trevisofbc1993,1501.7235148636978,1495.00317197849,1497.9201705842643,6.720342885207856,0.24837131816760102
serieb,2007,ucalbinoleffe,1494.47652607399,1504.6875354071303,1496.3711289766923,-10.211009333140282,-0.41177350117260164
serieb,2007,usavellino,1503.2083583854724,1495.0109338449017,1496.989981359116,8.197424540570637,0.34249097557848146
serieb,2007,usgrossetofc,1497.5825168963295,1497.137499062967,1498.4851933347522,0.445017833362499,0.06905574094114589
serieb,2007,uslecce,1500.0862442891732,1500.1440294759075,1492.1610725482535,-0.05778518673423605,0.010457739712320042
serieb,2007,ustriestina,1499.6421747050051,1496.6900414706809,1501.5517645416178,2.9521332343242648,0.010457739712320042
serieb,2007,vicenzacalcio,1494.279375342481,1497.6164591037905,1503.9730551785176,-3.3370837613094864,-0.12418565908380051
serieb,2008,acancona,1495.8278597767392,1496.9824028516286,1505.7658442227896,-1.1545430748894887,-0.12157122415572051
serieb,2008,acmantova1911,1500.3899898186169,1500.9913732958812,1495.546059949677,-0.6013834772643349,-0.031529176448345346
serieb,2008,acpisa1909,1494.8412914474645,1503.880636877844,1495.624087938384,-9.039345430379399,-0.33828178897703853
serieb,2008,asbari,1497.4467395229174,1498.202876943013,1501.7049576508275,-0.7561374200956834,-0.02496059802160673
serieb,2008,ascittadella,1493.0377899352538,1507.307854604221,1498.230462311683,-14.270064668967052,-0.41438793610068175
serieb,2008,ascolicalcio1898,1500.9429079149322,1501.8776111627012,1492.249187333171,-0.9347032477689936,-0.04335261761647484
serieb,2008,aslivorno,1498.8412286788825,1501.5033420889545,1498.2315360833204,-2.6621134100719246,-0.12549287654784053
serieb,2008,bresciacalcio,1492.7001858287204,1495.2308632176935,1505.0680650990073,-2.5306773889731176,0.013794014696151085
serieb,2008,fcempoli,1505.2830656119952,1492.9856762181557,1496.974614575672,12.297389393839467,0.34485036740377717
serieb,2008,frosinonecalcio,1495.5422054793214,1497.826096767046,1507.1725678536266,-2.2838912877246003,0.06765635779540771
serieb,2008,modenafc,1505.1938549269398,1493.653359042099,1504.3544568364607,11.540495884840766,0.4223595928392927
serieb,2008,parmafc,1503.615158541753,1494.3349985415155,1500.6259497678889,9.280160000237629,0.23137749113508094
serieb,2008,piacenzafc,1504.9269887736316,1496.1174328470802,1502.1098883390168,8.809555926551411,0.05057805388588731
serieb,2008,riminifc,1497.5446700417692,1501.188124554759,1494.213905234195,-3.6434545129898197,-0.22530224003713442
serieb,2008,salernitanacalcio1919,1497.6262421241756,1504.881485448672,1496.0683792783097,-7.255243324496405,-0.28889505955284117
serieb,2008,trevisofbc1993,1504.7789986235105,1498.7592834946906,1498.596357394173,6.019715128819826,0.10641097051316552
serieb,2008,ucalbinoleffe,1490.92585015507,1504.2356589559074,1497.1533604108968,-13.309808800837345,-0.3809775487508395
serieb,2008,usavellino,1505.8452403988651,1503.4561971536934,1498.5889009868115,2.389043245171706,0.03941147056043167
serieb,2008,usgrossetofc,1499.0620819557382,1501.474206907671,1499.011018071898,-2.4121249519328103,-0.045323191144496434
serieb,2008,ussassuolo,1498.041520454123,1495.6167644906216,1504.9178219064129,2.4247559635014113,0.07974026530644034
serieb,2008,ustriestina,1506.6126402680022,1500.7660276560362,1495.4458632490218,5.846612611966066,0.27390972039500017
serieb,2008,vicenzacalcio,1501.0062376796807,1498.7604748382182,1502.37946346486,2.245762841462465,0.3579875242572544
serieb,2009,acancona,1497.7702173316786,1492.4151114730769,1507.528616104495,5.355105858601746,0.3732122791428898
serieb,2009,accesena,1492.0368652839559,1507.7061676636051,1501.4118806120318,-15.669302379649253,-0.3706114967098383
serieb,2009,acmantova1911,1502.475945986356,1494.5165974808676,1496.4820728554098,7.959348505488379,0.23537081019116046
serieb,2009,ascittadella,1502.7195254632713,1496.0793880240751,1494.842668241748,6.640137439196224,0.32899897778101433
serieb,2009,ascolicalcio1898,1499.6167413320356,1502.3545326524666,1492.8901671788024,-2.737791320430915,0.03120938919661797
serieb,2009,bresciacalcio,1494.5802383212792,1496.0309700152015,1496.5914325474748,-1.4507316939223074,-0.11313403583774014
serieb,2009,calciopadova,1497.8103249444812,1497.595611013541,1497.476025211604,0.2147139309402064,-0.040922379553556744
serieb,2009,fccrotone,1500.942544910972,1492.8346419538611,1506.3277666376955,8.10790295711081,0.3381017162966946
serieb,2009,fcempoli,1496.9117584958788,1498.6777842653069,1491.4741520196014,-1.7660257694280972,-0.18335516153013054
serieb,2009,frosinonecalcio,1499.145985893282,1489.115841106868,1505.2972863400685,10.030144786413985,0.2028610297780168
serieb,2009,gallipolicalcio,1499.87019732597,1505.2410672206074,1487.7706966230487,-5.370869894637508,-0.13121143920346764
serieb,2009,modenafc,1499.156306958026,1492.670808538975,1501.0791508606853,6.485498419051055,0.18725633517970777
serieb,2009,piacenzafc,1504.0414627561572,1487.3373603555594,1501.8832450362302,16.704102400597776,0.5097533568780934
serieb,2009,regginacalcio,1494.3819735602235,1503.9794095340408,1494.5205780753618,-9.597435973817255,-0.33322509065039063
serieb,2009,salernitanacalcio1919,1494.1017668537445,1500.733015451164,1500.289839913882,-6.6312485974194715,-0.3459040635958491
serieb,2009,torinofc,1505.3509827434198,1489.023679226115,1494.9030119809488,16.3273035173047,0.4460341872683317
serieb,2009,ucalbinoleffe,1489.295386118185,1503.4335876350488,1499.5607593255827,-14.138201516863774,-0.4538365345674861
serieb,2009,usgrossetofc,1490.7801009525751,1495.7988128124784,1504.2427334518813,-5.018711859903306,-0.09362816758985389
serieb,2009,uslecce,1495.3192043022186,1499.961815421932,1488.8607477248022,-4.642611119713365,-0.21586494194327427
serieb,2009,ussassuolo,1490.9877795418356,1501.8132536484788,1500.2626284332225,-10.825474106643242,-0.4122240156386623
serieb,2009,ustriestina,1504.4153949854992,1499.9092305109073,1490.610003505623,4.506164474591969,0.14174264260130656
serieb,2009,vicenzacalcio,1491.2067523430744,1500.8287862826885,1505.2407931909627,-9.622033939614084,-0.16254890206571854
serieb,2010,acsiena,1503.6502266792334,1501.6315265872058,1506.2267744755995,2.0187000920275295,0.03127052419976418
serieb,2010,ascittadella,1504.6036714418208,1503.6491430601106,1498.647999771944,0.9545283817101335,0.06405365573796026
serieb,2010,ascolicalcio1898,1510.46252370774,1504.2868982411126,1496.745513045349,6.17562546662748,0.14902279090056061
serieb,2010,aslivorno,1505.4043687156839,1502.3092427148101,1499.9756499707125,3.0951260008737336,0.3202682786898013
serieb,2010,atalantabc,1499.2436173690692,1505.0295628738818,1504.3636071065546,-5.7859455048126165,-0.2653651452001211
serieb,2010,calciopadova,1501.4737441477812,1509.4951569844036,1501.8885486252432,-8.021412836622403,-0.37255697725140147
serieb,2010,calcioportogruarosummaga,1507.1548461446641,1498.495426406005,1505.8582551913694,8.659419738659153,0.2586332939022162
serieb,2010,delfinopescara1936,1504.4716227623867,1503.3803188200832,1503.6565861595689,1.0913039423035116,-0.03127052419976418
serieb,2010,fccrotone,1499.4849097475342,1503.432953087346,1508.0686147007534,-3.948043339811875,-0.2169980990306409
serieb,2010,fcempoli,1498.141259645851,1506.2064590383018,1508.227836127039,-8.065199392450722,-0.25882905787992105
serieb,2010,frosinonecalcio,1504.7461669289683,1503.2627463898273,1507.4249168864487,1.4834205391409796,-0.10327017965916042
serieb,2010,modenafc,1500.7823331079676,1509.288172585346,1503.364657392196,-8.505839477378458,-0.35687036768292146
serieb,2010,novaracalcio1908,1508.9825128163707,1499.209495702132,1503.316519223536,9.773017114238655,0.3022817339310537
serieb,2010,piacenzafc,1495.8507731759546,1508.5772396956502,1507.2525299517854,-12.726466519695578,-0.48367046169480193
serieb,2010,regginacalcio,1499.1147939126988,1507.2334463343764,1506.114882704043,-8.118652421677552,-0.4039301963883617
serieb,2010,torinofc,1506.8170848158563,1497.2131856773535,1500.9334116864543,9.603899138502811,0.5947839461382024
serieb,2010,ucalbinoleffe,1501.9775807879032,1506.052104623118,1503.879218381296,-4.0745238352149045,-0.1647094004690407
serieb,2010,usgrossetofc,1505.9648553820675,1505.2668973092434,1497.6088493353298,0.6979580728241217,-0.0235299143527201
serieb,2010,ussassuolo,1508.3850675817164,1495.812570125234,1501.9033428846992,12.572497456482324,0.6470726446998026
serieb,2010,ustriestina,1498.7090918539213,1509.4653653737646,1506.535363247957,-10.756273519843262,-0.44706837270168187
serieb,2010,varese1910,1505.2447777465518,1503.7423236848838,1502.5214263106031,1.5024540616680042,0.177199637131997
serieb,2010,vicenzacalcio,1511.2395048466738,1497.519458880082,1504.6995518916447,13.72004596659167,0.6366149049874826
serieb,2011,asbari,1505.79938718833,1500.5904744271172,1507.5536979768383,5.208912761212787,0.29935279926516123
serieb,2011,ascittadella,1500.3588297626375,1508.7705393778524,1510.1061171045349,-8.411709615214932,-0.25490740548780105
serieb,2011,ascolicalcio1898,1498.8350508179785,1509.986967021221,1509.8709644531816,-11.151916203242536,-0.33987654065040135
serieb,2011,asgnocerina,1507.5920345979869,1503.182064806386,1509.442982054092,4.409969791600815,0.2990243876602449
serieb,2011,asgubbio1910,1507.089893017153,1504.5175248079274,1508.6096636333846,2.5723682092254876,0.03257346270808768
serieb,2011,aslivorno,1506.986968163868,1503.837395686522,1507.0973871490871,3.149572477345828,0.026144349280800106
serieb,2011,bresciacalcio2025,1503.2298056738018,1508.3644966049294,1508.6227791797337,-5.1346909311275795,-0.15374674398217386
serieb,2011,calciopadova,1507.2740307156078,1504.4238359584149,1503.631906948302,2.8501947571928667,0.10980626697936045
serieb,2011,delfinopescara1936,1509.5057374510995,1511.0283395840736,1502.6447582111164,-1.5226021329740433,-0.0732041779862403
serieb,2011,fccrotone,1507.9142453877032,1508.299447331307,1504.121651056288,-0.3852019436037608,0.02222269688868009
serieb,2011,fcempoli,1509.5516708854689,1506.430997337972,1503.364202542439,3.1206735474968355,0.10457739712320042
serieb,2011,hellasverona,1505.100532532296,1508.943735415114,1506.9500600316885,-3.8432028828178773,-0.3176538437617213
serieb,2011,modenafc,1509.5234366360417,1507.4962531031338,1501.4002002128102,2.027183532907884,0.13725783372420056
serieb,2011,regginacalcio,1511.692771045696,1506.9004548198848,1499.2416016934187,4.7923162258111915,0.2719012325203211
serieb,2011,ssjuvestabia,1510.5146621248084,1507.7823976224465,1501.9200217112102,2.732264502361886,-0.05016313257045502
serieb,2011,torinofc,1504.3649082312497,1505.5287620617378,1507.7612482870989,-1.1638538304880512,0.01960826196060008
serieb,2011,ucalbinoleffe,1509.6490723233983,1505.5595131572595,1508.2567294233504,4.08955916613877,0.18039601003752073
serieb,2011,ucsampdoria,1504.317083948539,1507.5283992896423,1508.3715982202837,-3.2113153411032727,-0.028664647183117162
serieb,2011,usgrossetofc,1503.5365304804416,1510.506754502038,1506.7328348041362,-6.970224021596323,-0.32549714854596135
serieb,2011,ussassuolo,1505.2771046590412,1503.9535846968429,1510.7701498399588,1.323519962198361,-0.2143836641025609
serieb,2011,varese1910,1506.11644990418,1502.7107738176542,1504.575085617266,3.405676086525773,0.22876305620700094
serieb,2011,vicenzacalcio,1507.2893646619289,1507.7394929190318,1507.9112959197826,-0.45012825710296056,-0.009150522248280038
serieb,2012,accesena,1508.0346902473245,1505.6682910506358,1512.092444327347,2.3663991966886897,0.05851760474365868
serieb,2012,asbari,1506.4054786839558,1506.323960932679,1516.1201845022586,0.08151775127680594,-0.045513692578401196
serieb,2012,ascittadella,1507.0309871877398,1517.3457377440557,1509.932736830265,-10.314750556315857,-0.1794539878805533
serieb,2012,ascolicalcio1898,1511.056435429548,1501.0869663457377,1514.6600178272422,9.969469083810282,0.2873864588521904
serieb,2012,aslivorno,1506.7812634596041,1516.7369360166103,1508.8657133519318,-9.95567255700621,-0.23797159262421194
serieb,2012,bresciacalcio,1500.6596430141792,1513.721526623729,1510.6911312583711,-13.061883609549795,-0.12223677435342035
serieb,2012,calciopadova,1508.1084563900044,1515.9612798844223,1504.8592775514753,-7.852823494417862,-0.3029911534504994
serieb,2012,fccrotone,1507.9989257499813,1512.2095871545346,1508.0754730082924,-4.210661404553321,-0.06501956082628742
serieb,2012,fcempoli,1514.8745323168337,1508.810523301863,1508.1882413799106,6.064009014970679,0.15084538111698684
serieb,2012,fcprovercelli1892,1505.5168161497902,1512.6987776369674,1511.408131868496,-7.181961487177205,-0.23968822309940374
serieb,2012,hellasverona,1507.0787436630578,1506.0122212164072,1507.8314918924566,1.0665224466506515,-0.09232777637332815
serieb,2012,modenafc,1506.78556118736,1505.9945299960705,1515.5329838528542,0.7910311912894485,0.02600782433051497
serieb,2012,novaracalcio1908,1515.2858562849462,1508.972363795925,1501.6768906668674,6.3134924890212005,0.05201564866102994
serieb,2012,regginacalcio,1514.2802288422797,1511.3190780225177,1505.4959091685373,2.961150819761997,0.11443442705426587
serieb,2012,speziacalcio,1511.3826434648302,1502.6072055041345,1515.6338766862889,8.775437960695626,0.1903215430030496
serieb,2012,ssjuvestabia,1510.7076855009086,1509.958372742775,1506.4574213572494,0.7493127581335557,-0.06111838717671018
serieb,2012,ssvirtuslanciano1924,1505.2218964944864,1512.6336176063594,1511.7682115544078,-7.411721111873021,-0.20785970566885964
serieb,2012,ternanacalcio,1509.9070077939953,1511.078891384909,1509.8637190827958,-1.1718835909136942,-0.11443442705426587
serieb,2012,usgrossetofc,1512.545699913935,1517.15299786214,1503.4889957410883,-4.6072979482048595,-0.014304303381783234
serieb,2012,ussassuolo,1507.8747227030558,1508.882880375486,1502.091053520251,-1.0081576724301158,0.016905085814834728
serieb,2012,varese1910,1513.3581643068017,1500.2184180956572,1506.7951269645084,13.139746211144484,0.3524060196784778
serieb,2012,vicenzacalcio,1516.4706408021568,1503.743631684036,1514.0653318030031,12.727009118120804,0.41742558050476525
serieb,2013,accesena,1510.027306336886,1510.8357116299228,1512.5188398216662,-0.8084052930366852,0.12418565908380051
serieb,2013,acsiena,1509.4505683306031,1504.7866416800862,1513.9740011940019,4.663926650516942,0.22222696888680088
serieb,2013,asavellino1912,1517.56924796625,1502.4209037101894,1512.7280678782424,15.148344256060682,0.5133577722794619
serieb,2013,asbari,1514.9107933622727,1506.5484173246546,1508.6012700628467,8.362376037618105,0.29673836433708123
serieb,2013,ascittadella,1510.9169511268035,1515.159885331443,1510.001610733705,-4.242934204639596,-0.1960826196060008
serieb,2013,bresciacalcio,1508.9893399800483,1507.8666088453745,1510.2662123283956,1.1227311346738134,0.16340218300500067
serieb,2013,calciopadova,1510.2437094757067,1508.5245207574737,1514.8905262865173,1.7191887182329992,-0.03921652392120016
serieb,2013,carpifc1909,1511.202715041785,1510.357419359454,1511.1580851534425,0.8452956823309705,0.0912056955826455
serieb,2013,delfinopescara1936,1502.5409206411982,1510.5180181426472,1512.0829465983377,-7.977097501448952,-0.19738983707004082
serieb,2013,fccrotone,1512.7747808255353,1509.518254012009,1509.448831940022,3.256526813526307,0.11111348444340044
serieb,2013,fcempoli,1503.7095658090639,1509.940205978951,1509.7971115548607,-6.230640169887238,-0.16078774807692067
serieb,2013,modenafc,1503.7943987848523,1514.9341687907786,1513.7469868546154,-11.139770005926266,-0.1921609672138808
serieb,2013,novaracalcio1908,1502.369517911933,1510.9276614090825,1512.3253265651567,-8.558143497149558,-0.2941239294090012
serieb,2013,regginacalcio,1513.9494286264887,1511.3938956399634,1508.2171729456138,2.5555329865253498,0.08889078755472037
serieb,2013,speziacalcio,1509.833258019756,1515.2812178936606,1508.7965850644396,-5.447959873904665,-0.14248670358036059
serieb,2013,ssjuvestabia,1509.2654250117898,1514.1424300801266,1511.4488585830586,-4.877005068336757,-0.31634662629768134
serieb,2013,ssvirtuslanciano1924,1513.2686034318062,1514.1124873251597,1505.4532710876526,-0.8438838933534498,0.03921652392120016
serieb,2013,ternanacalcio,1515.4126748726328,1511.5595257464233,1504.9707384331512,3.8531491262094733,-0.010457739712320042
serieb,2013,trapanicalcio,1515.4926959608654,1506.7836642760733,1510.4418593177431,8.70903168479208,0.05928370212871958
serieb,2013,uslatinacalcio,1515.227275851182,1509.496920982642,1507.9940227208576,5.730354868539962,0.13680854337396825
serieb,2013,uspalermo,1513.673621266895,1512.7409950779056,1506.303603209881,0.9326261889893885,0.04755725555380801
serieb,2013,varese1910,1508.4573803083742,1511.1779828887497,1509.808966488605,-2.7206025803754983,-0.11634235429956048
serieb,2014,acdventellachiaveri,1499.897562155002,1501.036363327568,1512.4117342663158,-1.1388011725659908,-0.10392985283442982
serieb,2014,acperugiacalcio,1500.29943856342,1500.875821229391,1512.1703999560748,-0.5763826659710958,0.033127640590974505
serieb,2014,asavellino1912,1504.9219787039997,1504.9954050387228,1503.3234407618052,-0.0734263347230808,-0.07282190812544191
serieb,2014,ascittadella,1508.2929612916457,1506.5694927853062,1500.7939214184391,1.7234685063394863,0.013003912165257484
serieb,2014,aslivorno,1504.4312071359343,1497.7917040547934,1504.4193111162633,6.6395030811409015,0.377113452792467
serieb,2014,bologna,1508.0260998760584,1508.1269128336758,1495.0398516614164,-0.100812957617336,-0.07932386420807065
serieb,2014,bresciacalcio,1505.0693994686806,1505.333710482513,1499.6997539261715,-0.26431101383241185,-0.02730821554704072
serieb,2014,carpifc1909,1501.1642109257994,1504.515018689828,1505.1410436144301,-3.350807764028559,0.06762034325933891
serieb,2014,cataniacalcio,1496.9566406761667,1509.7867108392088,1505.8171829296057,-12.830070163042137,-0.21456455072674846
serieb,2014,delfinopescara1936,1505.6747999323657,1503.444890202962,1504.9708511895296,2.2299097294037438,0.016905085814834728
serieb,2014,fcbari1908,1498.4794596657957,1503.5878465157753,1511.278353567315,-5.108386849979524,-0.30724262744178316
serieb,2014,fccrotone,1508.8934663973123,1498.2523187930838,1502.8617497397156,10.641147604228536,0.33290015143059165
serieb,2014,fcprovercelli1892,1504.7711293531477,1510.926113252711,1505.1646107047738,-6.154983899563376,-0.09232777637332815
serieb,2014,frosinonecalcio,1505.0485110067002,1507.4810996291653,1504.6329509957638,-2.4325886224651185,0.13654107773520358
serieb,2014,modenafc,1493.8256439340319,1503.8960532764152,1509.0700954209135,-10.0704093423833,-0.2652798081712527
serieb,2014,speziacalcio,1504.71719165192,1504.4768039770322,1500.2948295729236,0.24038767488787016,-0.09102738515680239
serieb,2014,ssvirtuslanciano1924,1500.2982603022688,1505.998246933545,1505.322187544821,-5.699986631276261,-0.26397941695472693
serieb,2014,ternanacalcio,1510.3954277093792,1501.957918655444,1501.338401248969,8.437509053935173,0.2366712014076862
serieb,2014,trapanicalcio,1504.1896745394308,1508.3927986907893,1500.5231841640395,-4.203124151358452,-0.14564381625088382
serieb,2014,uslatinacalcio,1505.8375945726405,1501.1839943818118,1499.6444293003551,4.6536001908286835,0.14954498990046106
serieb,2014,varese1910,1507.071699155151,1503.6992006793287,1507.4067296645637,3.37249847582234,0.22496768045895446
serieb,2014,vicenzacalcio,1507.7497900977294,1503.139292248085,1507.4539783306639,4.610497849644389,0.07282190812544191
serieb,2015,accesena,1505.383535797837,1500.0286750741664,1495.7755131481283,5.354860723670754,0.11111348444340044
serieb,2015,acdventellachiaveri,1502.614176321629,1502.8892314876812,1502.207048894423,-0.2750551660521978,0.01699382703252007
serieb,2015,acperugiacalcio,1500.1513757983553,1495.4364812409335,1502.3445731981417,4.714894557421758,0.2248414038148809
serieb,2015,ascolipicchio,1501.18241561026,1502.8638542936367,1500.6455014218104,-1.6814386833766548,-0.23062011597326076
serieb,2015,aslivorno,1500.0275555528974,1497.000073498565,1505.3022214209818,3.027482054332495,0.0065360873202000265
serieb,2015,bresciacalcio,1498.8462477695134,1504.3277946938983,1503.7728505704633,-5.481546924384929,-0.07843304784240032
serieb,2015,cagliaricalcio,1506.360176990089,1502.542344504264,1495.789249831354,3.8178324858249653,0.04364844002883749
serieb,2015,calciocomo,1501.501279984849,1497.6668656449258,1505.5236256959324,3.8344143399231143,0.16417025204876193
serieb,2015,delfinopescara1936,1500.9328389075174,1493.7548314216353,1507.1355594506247,7.178007485882063,0.3673281073952415
serieb,2015,fcbari1908,1502.4009836572238,1496.9680755440424,1506.0961180682257,5.432908113181384,0.16732383539712067
serieb,2015,fccrotone,1501.4241263999647,1500.8486052493045,1504.1686587086206,0.5755211506602791,0.15163722582864064
serieb,2015,fcprovercelli1892,1501.388385163197,1507.2391354695699,1500.9218342221536,-5.850750306372902,-0.20392592439024085
serieb,2015,modenafc,1502.8362813618953,1502.3479051118898,1502.2246658354686,0.4883762500055582,0.12941452893996053
serieb,2015,novaracalcio1908,1500.3808732624873,1509.3323720419983,1497.3284087159716,-8.951498779510985,-0.1921609672138808
serieb,2015,speziacalcio,1496.4567372629504,1499.7468274258783,1501.9090948810936,-3.2900901629279815,-0.15948053061288067
serieb,2015,ssvirtuslanciano1924,1503.156393035975,1502.0616699279,1501.9781006883998,1.0947231080749589,-0.11111348444340044
serieb,2015,ternanacalcio,1503.6029930345683,1502.154253130141,1501.3014005848058,1.4487399044273843,0.08627635262664035
serieb,2015,trapanicalcio,1506.0210718307903,1503.28831925383,1496.506308682605,2.7327525769603653,0.11634235429956048
serieb,2015,usavellino1912,1502.96648630359,1501.102254577887,1500.6230304442304,1.864231725703121,0.04755725555380801
serieb,2015,uslatinacalcio,1496.909754834532,1508.0719898094146,1499.3403533820704,-11.162234974882722,-0.34249097557848146
serieb,2015,ussalernitana1919,1501.9694020232262,1501.3698313148345,1501.3525379876464,0.5995707083916386,0.010423508066588058
serieb,2015,vicenzacalcio,1496.3293083766023,1501.8010085635535,1500.5957434467994,-5.471700186951239,-0.32288271361788135
serieb,2016,accesena,1497.6994550836648,1507.9334748706663,1506.0337016279943,-10.234019787001444,-0.1909711045832648
serieb,2016,acdventellachiaveri,1500.8878050488122,1504.4205522312386,1509.526498724725,-3.5327471824264194,0.03572588691183525
serieb,2016,acperugiacalcio,1509.338745038087,1503.0803413227063,1504.98230575322,6.258403715380609,0.12081845392002467
serieb,2016,acpisa1909,1505.762282250207,1505.5324721189631,1506.9458789238106,0.2298101312437666,-0.05911010379958195
serieb,2016,ascittadella,1500.1168785986317,1510.6098149405257,1510.5727191463336,-10.492936341893937,-0.24228646942026452
serieb,2016,ascolipicchio,1515.1374346555879,1503.178058387432,1503.8336540020214,11.959376268155893,0.13705749342540433
serieb,2016,beneventocalcio,1511.0721692141958,1503.1800061861716,1503.4719832067806,7.8921630280242425,0.1961038961038961
serieb,2016,bresciacalcio,1512.4145332170588,1507.0620876450905,1502.133531323596,5.352445571968246,0.1136732765376576
serieb,2016,carpifc1909,1498.2566558293584,1500.9821015087498,1510.6476913903007,-2.7254456793914414,0.05196492641721491
serieb,2016,fcbari1908,1506.504181711587,1509.0928261451797,1498.1509356268164,-2.5886444335926626,0.1188697691793791
serieb,2016,fcprovercelli1892,1513.2631878425066,1506.6758831756085,1502.86810006486,6.587304666898035,0.04546931061506304
serieb,2016,frosinonecalcio,1502.3193224781844,1502.2652329134055,1508.6704545593695,0.0540895647789057,0.06560571960173382
serieb,2016,hellasverona,1497.7091504473653,1510.7443942835748,1503.381758900037,-13.035243836209474,-0.5222475104930099
serieb,2016,novaracalcio1908,1499.2844807722684,1504.8313205514964,1511.0523569893871,-5.546839779228094,-0.23514129203789746
serieb,2016,spal2013,1506.0285336221407,1508.5784372301473,1503.11718775486,-2.549903608006616,0.05324675324675325
serieb,2016,speziacalcio,1499.4885482011941,1508.6722018061441,1502.947352177691,-9.183653604949995,-0.32607991326802355
serieb,2016,ternanacalcio,1507.0978670770662,1505.5445531389612,1507.34722875087,1.5533139381050205,0.10328029125421462
serieb,2016,trapanicalcio,1495.531370208258,1509.9353401304652,1502.4472499754843,-14.403969922207125,-0.43780450506503565
serieb,2016,usavellino1912,1512.2445114075492,1508.8997308341811,1501.6080508573043,3.344780573368098,0.09873336019270833
serieb,2016,uslatinacalcio,1517.3401073803714,1499.1068415777197,1505.088831210894,18.23326580265166,0.5703150674289337
serieb,2016,ussalernitana1919,1509.02923708198,1495.4520865420152,1516.2602221620393,13.577150539964805,0.31763561272522617
serieb,2016,vicenzacalcio,1507.3391340684134,1508.2913527095914,1503.1849361371867,-0.9522186411779785,0.006495615802151864
serieb,2017,accesena,1503.3965476389697,1515.4476245419887,1510.4489824030763,-12.051076903019066,-0.354399274263994
serieb,2017,acdventellachiaveri,1515.4965042387666,1506.3406512786346,1511.907127134831,9.155852960132052,0.37068600561803783
serieb,2017,acperugiacalcio,1510.3485537915676,1504.0557443186538,1511.4826847551344,6.292809472913859,0.1713364138445412
serieb,2017,ascittadella,1512.342205374304,1507.3086058187012,1512.179684590128,5.033599555602905,0.2260598311941285
serieb,2017,ascolipicchio,1513.6867933870471,1507.3076557927677,1513.634528924496,6.3791375942794275,0.2214995464149962
serieb,2017,bresciacalcio2025,1508.2641830301986,1511.7188546461098,1512.1934284681902,-3.4546716159111384,-0.15114086696552684
serieb,2017,carpifc1909,1505.8474232312212,1511.0536233161936,1509.800322463972,-5.206200084972352,-0.029316116437278914
serieb,2017,delfinopescara1936,1511.6769997292843,1507.5383057623844,1507.553333659286,4.138693966899837,0.16417025204876193
serieb,2017,fcbari1908,1508.4857343854526,1510.344610295743,1514.5745096613102,-1.8588759102904078,-0.08664541080351323
serieb,2017,fcempoli,1502.9181512366408,1513.9902507444808,1511.3967991565262,-11.072099507839994,-0.3387640121641119
serieb,2017,fcprovercelli1892,1512.8281194207636,1510.2566703909365,1510.4176637595149,2.5714490298271357,-0.04886019406213152
serieb,2017,foggiacalcio,1510.8559621008844,1509.2760677222486,1511.9288047666528,1.5798943786357995,0.0403121277122982
serieb,2017,frosinonecalcio,1507.8932084261066,1509.0421457969933,1507.0073634622415,-1.1489373708866424,-0.04886019406213152
serieb,2017,novaracalcio1908,1509.850602891749,1513.154925061335,1508.4057130007623,-3.30432216958593,0.011074977320749812
serieb,2017,parmacalcio1913,1512.64017135383,1511.372109539443,1508.0485536965127,1.2680618143870106,0.08322503785764791
serieb,2017,speziacalcio,1513.3651686781657,1507.844573153612,1506.8439642113576,5.520595524553755,0.22671130044829027
serieb,2017,ternanaunicusanocalcio,1509.014941149338,1514.6716373093932,1508.3742561310548,-5.656696160055162,-0.12743833921952336
serieb,2017,usavellino1912,1506.453702079443,1513.7075676332777,1513.8269634630658,-7.2538655538346575,-0.20130399953598185
serieb,2017,uscremonese,1512.2978871053635,1509.2441358090728,1511.002989305234,3.053751296290784,-0.16677612906540892
serieb,2017,uspalermo,1513.531482768917,1508.157846110978,1504.4375830146116,5.37363665793896,0.2293171774649373
serieb,2017,ussalernitana1919,1511.334316363739,1509.7531590621725,1511.6360132808845,1.5811573015664635,-0.024755831658146637
serieb,2017,veneziafc,1511.8971837467484,1514.6100492465578,1505.5536015964797,-2.712865499809368,-0.15344616355003832
serieb,2018,acperugiacalcio,1511.332164592498,1506.109186345843,1508.6214279328478,5.222978246654975,0.0805369234842997
serieb,2018,ascittadella,1503.452069362607,1507.4816309380274,1512.845182698522,-4.029561575420303,-0.16210637162865452
serieb,2018,ascolicalcio,1502.0622664543937,1514.5127950893054,1513.4417094696537,-12.450528634911734,-0.26109391124871
serieb,2018,aslivorno,1509.4652552843788,1511.6530542630635,1513.343743478564,-2.1877989786846683,-0.039235937082094725
serieb,2018,beneventocalcio,1503.9066146815774,1507.0610293502584,1516.3143139108936,-3.1544146686810564,0.04233351106226009
serieb,2018,bresciacalcio2025,1519.1901334480374,1508.0840264828323,1505.4633777851761,11.106106965205072,0.11564276192617393
serieb,2018,calciopadova,1511.4474825302905,1510.969123954342,1509.6100505093466,0.47835857594850495,0.056788856303031834
serieb,2018,carpifc1909,1517.1340897975494,1506.585658607538,1506.7715239975125,10.548431190011343,0.3696438282997345
serieb,2018,cosenzacalcio,1509.2879152325195,1509.9419540461292,1510.786901734704,-0.654038813609759,-0.027863777089783277
serieb,2018,delfinopescara1936,1507.7614346235714,1518.1672247665176,1506.4303554919854,-10.405790142946216,-0.48735163954601873
serieb,2018,fccrotone,1509.2967278310825,1508.2603862124834,1506.333154996777,1.036341618599181,0.0020650493201102484
serieb,2018,foggiacalcio,1509.0387039649124,1506.6107373119078,1511.7035124966012,2.4279666530046597,0.07847187416418945
serieb,2018,hellasverona,1503.547449640046,1510.3759699532347,1508.1172674747559,-6.828520313188847,-0.05472380698292159
serieb,2018,speziacalcio,1504.7053370424474,1508.2180334191132,1517.8844600031841,-3.512696376665872,-0.26639136229422206
serieb,2018,uscremonese,1508.9098294519601,1514.3264920687272,1510.3702686605948,-5.416662616767098,-0.11357771260606367
serieb,2018,uslecce,1517.214472321485,1505.4564150695317,1506.1260167022285,11.758057251953232,0.33247294053775006
serieb,2018,uspalermo,1509.0967510143182,1507.5242790872392,1503.2989455672275,1.5724719270790501,-0.07847187416418945
serieb,2018,ussalernitana1919,1514.1074428550319,1505.7807028517707,1511.6909332967273,8.326740003261193,0.29426952811571044
serieb,2018,veneziafc,1508.5501590657525,1511.2057236991268,1503.3180093215979,-2.655564633374297,0.009292721940496119
serieb,2021,acmonza,1511.887618882861,1522.6213655526185,1512.3378624677919,-10.733746669757465,-0.3328393439377627
serieb,2021,acperugiacalcio,1518.516239849594,1518.2663265557328,1509.3902512320374,0.24991329386125472,0.15129469607734997
serieb,2021,ascittadella,1517.7055791057364,1511.2975599153108,1514.249551540461,6.408019190425648,0.22967628561139874
serieb,2021,ascolicalcio,1519.9316609214657,1514.548894880917,1514.8211400915204,5.382766040548631,0.21965073346169478
serieb,2021,beneventocalcio,1521.8366990470224,1510.588030816325,1508.5626140513689,11.248668230697376,0.3755024986980012
serieb,2021,bresciacalcio2025,1514.0795768227629,1514.7361722182382,1508.5422553945052,-0.6565953954752786,-0.057419071402849686
serieb,2021,como1907,1518.392035916305,1510.9064782703258,1518.048672488444,7.48555764597927,0.2644723435613574
serieb,2021,cosenzacalcio,1517.7395947356517,1517.216764795446,1511.1361325657979,0.5228299402058383,-0.04101362243060692
serieb,2021,fccrotone,1519.7868273866754,1510.0269834704911,1516.3515904511955,9.759843916184309,0.13397783327331592
serieb,2021,frosinonecalcio,1515.3863650952483,1510.8497085105155,1513.728491181908,4.536656584732782,0.23696759626572886
serieb,2021,lrvicenza,1509.4745221164728,1515.9194040141224,1521.2672979444928,-6.444881897649566,-0.032384368599349886
serieb,2021,parmacalcio1913,1515.27138501062,1512.613147200416,1512.9824009769316,2.6582378102039,0.0674446235525536
serieb,2021,pisasportingclub,1505.6466470825883,1520.349259681431,1520.370865385385,-14.702612598842734,-0.573922976844034
serieb,2021,pordenonecalcio,1511.8153514595197,1517.233298167063,1517.7926382441242,-5.417946707543251,-0.32564281758235164
serieb,2021,reggina1914,1510.8899431883444,1519.2491146611965,1516.631044769537,-8.35917147285204,-0.3184462912269405
serieb,2021,spal,1505.5896887570007,1523.4693613901509,1517.3033405925923,-17.87967263315022,-0.6728752142309364
serieb,2021,ternanacalcio,1510.182334773295,1515.5205323729367,1522.0191121550924,-5.338197599641717,-0.12304086729182076
serieb,2021,usalessandriacalcio1912,1518.392035916305,1510.3082894950992,1518.6468612636706,8.083746421205888,0.22309231701774365
serieb,2021,uscremonese,1519.7315621097896,1511.5424435461869,1514.4802298204559,8.189118563602733,0.30714646131365625
serieb,2021,uslecce,1516.3050272525752,1511.2975599153108,1509.898342812522,5.007467337264416,0.29165242617320475
serieb,2022,acperugiacalcio,1519.8305566768215,1505.587696337756,1511.428304462212,14.2428603390656,0.28295298530892204
serieb,2022,ascittadella,1519.9332712896103,1509.2365360924164,1511.767821418257,10.696735197193902,0.29877023293488664
serieb,2022,ascolicalcio,1515.5800320751944,1510.8688642231086,1508.5906574033677,4.711167852085737,0.17574719584405096
serieb,2022,beneventocalcio,1516.0311520878774,1511.1546139265631,1508.728199888559,4.876538161314329,0.04217932700257223
serieb,2022,bresciacalcio2025,1513.8060502670241,1508.079859637255,1509.6117931355557,5.726190629769235,0.05096668679477477
serieb,2022,cagliaricalcio,1510.0562818829223,1517.4916952649337,1511.4029162499307,-7.4354133820113475,-0.17047477996872942
serieb,2022,como1907,1517.1829894763525,1508.345816216734,1518.5241512992152,8.837173259618567,0.27240815355827896
serieb,2022,cosenzacalcio,1510.3913924415237,1518.535301733157,1518.9280071369208,-8.143909291633236,-0.30404264881020815
serieb,2022,fcsudtirol,1513.9190858280056,1516.3388662219704,1512.1529799864768,-2.4197803939648566,0.012286091573278056
serieb,2022,frosinonecalcio,1508.4167756098843,1510.1214447369716,1518.0443247856174,-1.7046691270872998,-0.12478050904927618
serieb,2022,genoa,1511.7039981833839,1513.7680497796778,1516.5039970827934,-2.0640515962938935,-0.12126556513239516
serieb,2022,modenafc,1517.0819737581003,1513.3897733159263,1514.599216818044,3.6922004421739985,0.15290006038432433
serieb,2022,palermofc,1516.7719206996253,1511.8993360229722,1513.959124150134,4.872584676653105,0.06757350365302932
serieb,2022,parmacalcio1913,1511.673830959767,1513.7652806502686,1514.012536384505,-2.0914496905015767,0.07908623812982293
serieb,2022,pisasportingclub,1502.6249414245533,1517.833353786074,1512.9231317441631,-15.208412361520686,-0.32688978426993476
serieb,2022,reggina1914,1508.4281266390929,1515.7640678455782,1519.4426694174,-7.335941206485359,-0.27240815355827896
serieb,2022,spal,1505.8610142144037,1518.4797761176926,1519.0440247460729,-12.618761903288942,-0.2618633218076359
serieb,2022,sscbari,1519.7345857764728,1518.3402615233301,1504.7834308865322,1.3943242531427131,0.11145240212902238
serieb,2022,ternanacalcio,1507.4710831002465,1515.929051529808,1515.5593093451278,-8.45796842956156,-0.14059775667524077
serieb,2022,veneziafc,1522.212452932078,1513.781870360747,1508.7049189820568,8.430582571330888,0.17574719584405096
serieb,2023,acreggiana1919,1510.8018773466608,1503.1202565140889,1504.468823592237,7.68162083257198,0.28646792922580305
serieb,2023,ascittadella,1509.8525340852404,1508.0316546905879,1501.8440126704684,1.820879394652593,0.3356860766530041
serieb,2023,ascolicalcio,1508.6398913980536,1494.2920141653385,1514.997824492568,14.347877232715064,-0.1180628196102429
serieb,2023,bresciacalcio2025,1502.9049311828137,1504.510026358948,1512.3419407036563,-1.6050951761342276,-0.37180977519046643
serieb,2023,calciolecco1912,1499.6957105258143,1503.7577456885847,1514.0831807139075,-4.062035162770371,-0.5711783864931655
serieb,2023,como1907,1510.1762131411886,1510.6101234889486,1496.542293146453,-0.43391034776004744,0.24229309994639403
serieb,2023,cosenzacalcio,1506.452898059918,1505.6055820308236,1510.9797919515322,0.8473160290943724,-0.15859184723763975
serieb,2023,fccatanzaro,1512.0748469475018,1505.1250458026761,1501.2889854413354,6.949801144825642,0.31985989643617274
serieb,2023,fcsudtirol,1502.853222025422,1508.9818279681615,1500.6545883603046,-6.1286059427395685,-0.21233686213483985
serieb,2023,feralpisalo,1503.3249608650433,1501.4467078113428,1513.0441413549377,1.8782530537005186,0.08963106988046599
serieb,2023,modenafc,1502.2978253827084,1508.1238888310727,1508.8621656307685,-5.826063448364266,-0.2748925352119089
serieb,2023,palermofc,1504.1946507777586,1505.0632253347305,1507.6533982147278,-0.8685745569719074,-0.021145579631685296
serieb,2023,parmacalcio1913,1511.7637065538454,1505.6946163034493,1493.6659344406644,6.06909025039613,0.20352620395497095
serieb,2023,pisasportingclub,1506.0001393161522,1506.9608872306767,1505.0704864935726,-0.9607479145245179,0.0977983057965445
serieb,2023,speziacalcio,1504.2836063743068,1507.6511900972373,1505.2010431045928,-3.367583722930476,0.08458231852674118
serieb,2023,sscbari,1503.569862565374,1506.304725840288,1499.5547510322945,-2.734863274914005,0.05198288326122636
serieb,2023,ternanacalcio,1509.8621541016446,1506.2756665262807,1506.9019231906966,3.58648757536389,0.2951570490256073
serieb,2023,ucsampdoria,1506.1673404046408,1506.8287757910718,1504.5026969917562,-0.6614353864310942,-0.0696041996209641
serieb,2023,uscremonese,1506.7822949675137,1508.417822749093,1496.2506263349655,-1.635527781579185,0.07312846289291165
serieb,2023,veneziafc,1497.8182112710801,1507.3385015476836,1511.26866842817,-9.520290276603419,-0.2167421912247743
serieb,2024,acreggiana1919,1506.7539233533591,1510.3251282934182,1502.2032488109985,-3.571204940059033,0.21265410697130166
serieb,2024,ascittadella,1509.4725323078467,1512.2085227410378,1501.74760807284,-2.735990433191091,-0.02636207937660764
serieb,2024,bresciacalcio2025,1512.0764976620985,1501.561096694995,1505.2322283505184,10.51540096710346,0.15114258842588382
serieb,2024,carraresecalcio1908,1509.4087022087867,1511.3463385783286,1498.4813828976103,-1.9376363695419059,0.22817027207516394
serieb,2024,cesenafc,1504.0389464560176,1508.4211915703602,1506.3632275235193,-4.382245114342595,0.2193944923799653
serieb,2024,cosenzacalcio,1504.2185462560547,1504.4652328015882,1511.727842584586,-0.24668654553352098,0.13356786884147873
serieb,2024,fccatanzaro,1505.1710146108378,1502.7476069792776,1507.5489538548443,2.423407631560167,-0.23022882655570676
serieb,2024,fcsudtirol,1508.7526953225952,1497.504795410753,1513.2206370609497,11.247899911842069,0.13884028471680024
serieb,2024,frosinonecalcio,1498.472513973523,1499.9432464651238,1508.1561431936275,-1.4707324916007565,-0.13356786884147873
serieb,2024,mantova1911,1498.5239377304877,1510.0329996829819,1509.8421966960022,-11.509061952494221,-0.4194822694304937
serieb,2024,modenafc,1512.9383958610836,1496.5074724340157,1511.6546134586074,16.43092342706791,0.012302303709083565
serieb,2024,palermofc,1498.7536574090675,1513.2129955807466,1505.1561274469238,-14.459338171679065,-0.17574719584405096
serieb,2024,pisasportingclub,1510.76961561227,1507.7596005224946,1502.758280421716,3.0100150897753792,0.0017574719584405095
serieb,2024,salernitanacalcio1919,1506.0999196175646,1503.452336884409,1510.0115917257351,2.6475827331555593,-0.15114258842588382
serieb,2024,speziacalcio,1507.861761686927,1511.9327657990084,1498.8131359345653,-4.071004112081482,-0.010544831750643057
serieb,2024,sscbari,1514.0627861283026,1504.9530327946175,1502.8860118705861,9.109753333685148,0.13005292492459772
serieb,2024,ssjuvestabia,1513.2618317147746,1503.9274636825264,1504.0842755635117,9.334368032248221,0.20913916305442062
serieb,2024,ucsampdoria,1499.9287281221762,1509.0409949532693,1504.565229269855,-9.112266831093166,-0.37082658323094747
serieb,2024,uscremonese,1498.4583332896289,1500.4328914203434,1510.2099628450726,-1.974558130714513,0.11072073338175212
serieb,2024,ussassuolo,1501.3080635229214,1510.5566895570266,1505.6697052642535,-9.2486260341052,-0.02987702329348866
superlig,2014,akhisarbelediyespor,1500.0,1500.0,1500.0,0.0,
superlig,2014,balikesirspor,1500.0,1500.0,1500.0,0.0,
superlig,2014,basaksehirfk,1500.0,1500.0,1500.0,0.0,
superlig,2014,besiktasjk,1500.0,1500.0,1500.0,0.0,
superlig,2014,bursaspor,1500.0,1500.0,1500.0,0.0,
superlig,2014,caykurrizespor,1500.0,1500.0,1500.0,0.0,
superlig,2014,eskisehirspor,1500.0,1500.0,1500.0,0.0,
superlig,2014,fenerbahce,1500.0,1500.0,1500.0,0.0,
superlig,2014,galatasaray,1500.0,1500.0,1500.0,0.0,
superlig,2014,gaziantepspor,1500.0,1500.0,1500.0,0.0,
superlig,2014,genclerbirligiankara,1500.0,1500.0,1500.0,0.0,
superlig,2014,kardemirkarabukspor,1500.0,1500.0,1500.0,0.0,
superlig,2014,kasimpasa,1500.0,1500.0,1500.0,0.0,
superlig,2014,kayserierciyesspor,1500.0,1500.0,1500.0,0.0,
superlig,2014,konyaspor,1500.0,1500.0,1500.0,0.0,
superlig,2014,mersinidmanyurdu,1500.0,1500.0,1500.0,0.0,
superlig,2014,sivasspor,1500.0,1500.0,1500.0,0.0,
superlig,2014,trabzonspor,1500.0,1500.0,1500.0,0.0,
superlig,2015,akhisarbelediyespor,1504.8320315373253,1511.4951381759531,1521.4174632458853,-6.6631066386278235,0.044226177719891055
superlig,2015,antalyaspor,1506.0734694657426,1509.9273764207858,1517.226565289173,-3.8539069550431577,-0.06866954080402414
superlig,2015,basaksehirfk,1516.4880909857588,1508.6572370988588,1498.691487623123,7.830853886900059,0.15724863189294597
superlig,2015,besiktasjk,1506.8434991924134,1503.0580473418331,1512.7411359674895,3.78545185058033,0.03685514809990922
superlig,2015,bursaspor,1506.2856379663704,1502.0805987647461,1519.3792776078678,4.205039201624231,-0.11793647391970948
superlig,2015,caykurrizespor,1512.8596891250816,1517.0611575036692,1507.956861348704,-4.201468378587606,-0.24324397745940082
superlig,2015,eskisehirspor,1514.2777125940156,1518.225721284149,1503.6359301719922,-3.9480086901332925,-0.16216265163960053
superlig,2015,fenerbahce,1508.3610671658018,1512.6094004766646,1495.6153246276078,-4.24833331086279,-0.08599534556645483
superlig,2015,galatasaray,1505.307450171333,1505.9343114040794,1504.5689758679184,-0.626861232746478,-0.0049140197466545615
superlig,2015,gaziantepspor,1513.458815689409,1515.4240537879268,1509.1027447620925,-1.9652380985178297,0.07862431594647298
superlig,2015,genclerbirligiankara,1510.229813464359,1515.355165004474,1511.617518811656,-5.125351540114934,-0.18181873062621878
superlig,2015,kasimpasa,1506.9492128930033,1513.121256905529,1519.8759764665444,-6.172044012525703,-0.28501314530596455
superlig,2015,kayserispor,1508.3367254676828,1513.7163668466303,1510.8298651863117,-5.379641378947554,0.07357450800431158
superlig,2015,konyaspor,1515.2638498366096,1511.4107636135695,1504.245639394543,3.853086223040009,-0.012285049366636405
superlig,2015,mersinidmanyurdu,1513.7201372433663,1504.4594036698124,1515.4738139593487,9.260733573553807,0.2604430465726918
superlig,2015,osmanlisporfk,1516.8467011701944,1509.2424388861054,1507.2005381680092,7.604262284088918,0.14714901600862315
superlig,2015,sivasspor,1506.1018215961228,1513.3840832390397,1519.4858108588523,-7.282261642916865,-0.06879627645316386
superlig,2015,trabzonspor,1515.4787241121637,1503.4819550927252,1507.6349466762158,11.996769019438489,0.4324337377056014
superlig,2021,adanademirspor,1523.1411521084472,1504.2611284586123,1520.9134917592123,18.88002364983481,0.14856045458197617
superlig,2021,alanyaspor,1518.4395409410542,1514.3135117965712,1515.201057191154,4.126029144483027,0.1294207641143596
superlig,2021,altaysk,1517.2828948260078,1513.561127609872,1517.0211147148193,3.7217672161357314,0.1367120747686897
superlig,2021,antalyaspor,1518.7235999533434,1508.1583516002065,1520.9134917592123,10.565248353136894,0.1131376930951803
superlig,2021,basaksehirfk,1520.6883863845699,1514.425304938672,1502.198162502843,6.263081445897797,0.1873263443051346
superlig,2021,besiktasjk,1501.3402101201266,1516.9729329948836,1509.7256353711784,-15.632722874757064,-0.21143765594836977
superlig,2021,caykurrizespor,1518.0967131359237,1516.9729329948836,1519.0487903273597,1.1237801410400152,0.3468319444065363
superlig,2021,fatihkaragumruk,1510.7171221376564,1516.9729329948836,1519.670022580594,-6.255810857227289,-0.12759793645077708
superlig,2021,fenerbahce,1505.0164451806631,1512.098910364535,1512.1770457665048,-7.082465183871818,-0.05564148840746573
superlig,2021,galatasaray,1509.187603632831,1523.6453811241581,1507.1733467411605,-14.457777491327079,-0.3060281862410615
superlig,2021,gaziantepfk,1516.4678119570835,1511.6134926079524,1519.7211339034386,4.854319349131174,0.25246163140618033
superlig,2021,giresunspor,1509.273572309241,1506.274682654376,1531.700780455023,2.9988896548650246,-0.10572400448778671
superlig,2021,goztepe,1511.4106718854694,1520.9134917592123,1515.089264049053,-9.502819873742965,-0.051950588412102094
superlig,2021,hatayspor,1517.638423730229,1525.1008004923824,1505.1532613053355,-7.462376762153326,-0.16678873121780147
superlig,2021,kasimpasa,1512.6585659772102,1523.6453811241581,1511.3481474952916,-10.986815146947947,-0.09829996285318944
superlig,2021,kayserispor,1524.267513079077,1516.597829436009,1512.1057082416478,7.669683643067856,0.05193205584696801
superlig,2021,konyaspor,1511.5928946891509,1521.8508401911863,1501.4401110808076,-10.257945502035454,-0.2930451722793195
superlig,2021,sivasspor,1524.7397681428704,1512.964921271652,1517.0211147148193,11.774846871218415,0.38578098629176233
superlig,2021,trabzonspor,1521.0273815603066,1518.2327947184951,1512.1728574755616,2.7945868418114514,-0.24111311643235148
superlig,2021,yenimalatyaspor,1510.7716723152791,1518.6610442961014,1517.9315572692624,-7.889371980822261,-0.09660986616987408
superlig,2023,adanademirspor,1531.6329819159353,1534.5510939497633,1511.3348205948462,-2.918112033828038,-0.18590488759523321
superlig,2023,alanyaspor,1520.3301793465128,1523.1392350383749,1527.6758139630374,-2.8090556918621132,-0.018502382177724635
superlig,2023,antalyaspor,1533.1366014958842,1514.6004863877608,1522.8064224403574,18.53611510812334,0.195596611593089
superlig,2023,basaksehirfk,1528.9996987640216,1512.1713885311362,1525.989042103486,16.828310232885315,0.14185159669588887
superlig,2023,besiktasjk,1525.3415101588755,1524.2654831925634,1517.7775932941372,1.0760269663121562,0.10308470070446583
superlig,2023,caykurrizespor,1527.5408454594142,1523.825930163884,1535.0162146843527,3.7149152955300906,0.22114752031470872
superlig,2023,fatihkaragumruk,1526.9700153853692,1529.3196197985378,1517.9091566927252,-2.349604413168663,0.18238062432328572
superlig,2023,fenerbahce,1517.619818793957,1518.0872086519894,1524.930587826286,-0.4673898580324476,-0.17356996614341685
superlig,2023,galatasaray,1517.6196447350885,1527.2114857667623,1529.3910276458896,-9.591841031673766,-0.2599144163061318
superlig,2023,gaziantepfk,1530.9882407095781,1524.9178913216326,1525.247995932656,6.070349387945498,0.21850432286074806
superlig,2023,hatayspor,1530.97474148153,1524.0100055148343,1523.6674400779202,6.964735966695571,0.21409899377081365
superlig,2023,istanbulspor,1517.8213370008598,1528.7266651867671,1530.9187541763827,-10.905328185907365,-0.11072073338175212
superlig,2023,kasimpasa,1523.4476027316975,1525.995860004081,1524.791115804346,-2.5482572723833528,-0.08370125270875431
superlig,2023,kayserispor,1517.506836196515,1529.9577508637626,1533.1141328338294,-12.450914667247616,-0.28898958829969906
superlig,2023,konyaspor,1520.0317901365386,1528.8067470192204,1518.7405957724006,-8.774956882681863,-0.1903102166851677
superlig,2023,mkeankaragucu,1530.7934517336726,1519.3036033577405,1528.3675562520436,11.48984837593207,0.09841842967266852
superlig,2023,pendikspor,1536.6048717688063,1525.2236917926884,1517.0830800923568,11.381179976117892,0.31107253664397017
superlig,2023,samsunspor,1514.6943754722258,1524.5587823869091,1537.9730630026718,-9.864406914683286,-0.28119551335048154
superlig,2023,sivasspor,1512.4078130099272,1533.1032998575583,1529.5688095879743,-20.695486847631173,-0.2511037581262629
superlig,2023,trabzonspor,1530.1608915692223,1522.8470190796647,1512.320025087931,7.313872489557525,0.1321598726980331
superlig,2024,adanademirspor,1540.4921818399641,1506.6146927131394,1535.7388389793193,33.877489126824685,0.2756840842347182
superlig,2024,alanyaspor,1527.525015202266,1523.5194535738037,1521.7278674666343,4.005561628462374,-0.09808984270523681
superlig,2024,antalyaspor,1532.438997024242,1536.3756547534367,1508.566552137486,-3.9366577291946214,-0.10944761396584318
superlig,2024,basaksehirfk,1510.571243549771,1529.569040343518,1527.9221303727181,-18.997796793747057,-0.10325246600551242
superlig,2024,besiktasjk,1523.2028276700296,1530.397036184945,1520.8730353932785,-7.194208514915317,0.12183790988650468
superlig,2024,bodrumfk,1517.563425388574,1541.5248706693703,1520.6036991618,-23.961445280796397,-0.3126934984520124
superlig,2024,caykurrizespor,1548.4930472473218,1506.5248128938745,1528.2650330652086,41.968234353447315,0.48735163954601873
superlig,2024,eyupspor,1509.6073485621139,1526.9829168319204,1543.1017298257095,-17.375568269806536,-0.023735810113519093
superlig,2024,fenerbahce,1518.017656902357,1513.0874057536564,1517.42623577765,4.930251148700563,-0.12596800852672516
superlig,2024,galatasaray,1518.5658147688846,1515.8252970659803,1517.3228704875585,2.740517702904299,-0.15487869900826864
superlig,2024,gaziantepfk,1521.7821705362996,1519.3839596553214,1540.8828077771232,2.3982108809782403,0.0722767262038587
superlig,2024,goztepe,1527.947040936142,1528.0449120745418,1534.334676985515,-0.09787113839979611,0.12906558250689054
superlig,2024,hatayspor,1526.1651840699085,1521.5666662510976,1535.2286404543254,4.598517818810933,0.2880743801553797
superlig,2024,kasimpasa,1529.3467744346544,1525.061403423959,1520.4457512333463,4.285371010695371,0.008260197280440994
superlig,2024,kayserispor,1526.1143856240249,1535.1236907045134,1522.3888890782027,-9.009305080488502,0.003097573980165372
superlig,2024,konyaspor,1524.0206069993312,1523.126679544657,1531.2719626674473,0.8939274546742126,0.053691282322866456
superlig,2024,samsunspor,1530.7021503344602,1536.5031398055216,1514.70607611335,-5.800989471061484,-0.18378938948981213
superlig,2024,sivasspor,1517.1803423145036,1530.984844690786,1526.0226558968534,-13.804502376282471,-0.17139909356915062
superlig,2024,trabzonspor,1513.9233062349203,1530.984844690786,1522.7656198172701,-17.06153845586573,-0.10841508930578805
