league_name,season_year,null_type,teams,observed_mean_abs_ssb,null_mean_abs_ssb,null_sd,null_q025,null_q975,empirical_p_upper,monte_carlo_se,permutations,fdr_q_upper
2bundesliga,2004,global_round,18,0.2263071895424837,0.20145854296604077,0.026475558610539598,0.150747697327879,0.25459772240815753,0.17398260173982602,0.003790945212366793,10000,0.9983001699830018
2bundesliga,2004,phase_preserving,18,0.2263071895424837,0.20136749102897056,0.02616331419853731,0.15014827717755655,0.25295927365966825,0.17028297170282972,0.0037588120630178226,10000,0.9982001799820018
2bundesliga,2005,global_round,18,0.15876906318082792,0.20243259060284782,0.042554262502408666,0.13089668989574654,0.2971500900389737,0.8554144585541446,0.0035168247418753225,10000,0.9983001699830018
2bundesliga,2005,phase_preserving,18,0.15876906318082792,0.20250211765380685,0.04265874446409879,0.1305673275318038,0.29869489255497356,0.8547145285471452,0.003523884266510132,10000,0.9982001799820018
2bundesliga,2006,global_round,18,0.18382352941176472,0.20092289136915892,0.03650708361977417,0.13472223600351008,0.27716555896428946,0.6677332266773323,0.004710260764208397,10000,0.9983001699830018
2bundesliga,2006,phase_preserving,18,0.18382352941176472,0.20253888309527934,0.03702033466441114,0.13503805298519464,0.2797879615219915,0.6765323467653235,0.004677994554780153,10000,0.9982001799820018
2bundesliga,2007,global_round,18,0.14188453159041395,0.2013910100991754,0.03598243905254821,0.13416480651397433,0.2738387465163666,0.9561043895610439,0.0020486284637080358,10000,0.9983001699830018
2bundesliga,2007,phase_preserving,18,0.14188453159041395,0.20201946669416937,0.03653236110715819,0.13204669400695698,0.2751607675955229,0.9506049395060494,0.002166914592058246,10000,0.9982001799820018
2bundesliga,2008,global_round,18,0.2372004357298475,0.20179678876444954,0.037781344072114524,0.1344300690520108,0.280311751963231,0.17348265173482652,0.003786639952278001,10000,0.9983001699830018
2bundesliga,2008,phase_preserving,18,0.2372004357298475,0.20221307010530198,0.038245823137969565,0.13336879195489687,0.28207893777713233,0.1770822917708229,0.0038173833146805686,10000,0.9982001799820018
2bundesliga,2009,global_round,18,0.21405228758169936,0.2016860215659075,0.034309185117837815,0.13847845092939073,0.2742769845855332,0.3457654234576542,0.004756171731537911,10000,0.9983001699830018
2bundesliga,2009,phase_preserving,18,0.21405228758169936,0.20204353669911562,0.03415486214519391,0.13990649241062847,0.27408678765629774,0.34626537346265374,0.004757790081575927,10000,0.9982001799820018
2bundesliga,2010,global_round,18,0.15550108932461879,0.20187443006785732,0.043578976471178095,0.1260392353564809,0.2992711638538823,0.8668133186681332,0.0033977638123870615,10000,0.9983001699830018
2bundesliga,2010,phase_preserving,18,0.15550108932461879,0.201300857958655,0.04282127426497629,0.1273376234817804,0.29803533220922707,0.8700129987001299,0.0033628913273095465,10000,0.9982001799820018
2bundesliga,2011,global_round,18,0.1263616557734205,0.20237189563917118,0.04371506585405692,0.12792426798505144,0.29705150836002,0.9783021697830216,0.0014569500465305438,10000,0.9983001699830018
2bundesliga,2011,phase_preserving,18,0.1263616557734205,0.20137204539379117,0.04389173314557427,0.12713434781576316,0.29785091627276317,0.9771022897710229,0.0014957742174287847,10000,0.9982001799820018
2bundesliga,2012,global_round,18,0.21486928104575165,0.202097597983286,0.03323336277047582,0.13976704931798756,0.26899015701238194,0.3458654134586541,0.004756495865989251,10000,0.9983001699830018
2bundesliga,2012,phase_preserving,18,0.21486928104575165,0.20147680061090303,0.033752474491685926,0.13881675933417573,0.270432507449007,0.34056594340565943,0.004738995480034483,10000,0.9982001799820018
2bundesliga,2013,global_round,18,0.14460784313725494,0.20210078396862954,0.039635988451165276,0.13038944549983314,0.28533229053904235,0.9337066293370663,0.002487942114862816,10000,0.9983001699830018
2bundesliga,2013,phase_preserving,18,0.14460784313725494,0.20194042094737658,0.039759162084799994,0.12975909358539056,0.2843969695589491,0.9334066593340666,0.002493164006736908,10000,0.9982001799820018
2bundesliga,2014,global_round,18,0.14950980392156865,0.2013165134464838,0.03683764368078389,0.1352840541153631,0.2797494097263157,0.9312068793120688,0.002531020095415027,10000,0.9983001699830018
2bundesliga,2014,phase_preserving,18,0.14950980392156865,0.2020175808730199,0.03819994712851478,0.13435207189492732,0.2832127793715413,0.9273072692730727,0.0025963146501606794,10000,0.9982001799820018
2bundesliga,2015,global_round,18,0.16775599128540306,0.20188839150041574,0.041361892055554184,0.12812249242978277,0.2896276960671453,0.7875212478752125,0.004090617704213883,10000,0.9983001699830018
2bundesliga,2015,phase_preserving,18,0.16775599128540306,0.2017501118613459,0.0405022099300504,0.12823547072918157,0.28668972204847915,0.793920607939206,0.004044881657461038,10000,0.9982001799820018
2bundesliga,2016,global_round,18,0.13126361655773422,0.20265500823999869,0.03483224671497028,0.1383580624932286,0.27444130075068435,0.984001599840016,0.0012546892584343352,10000,0.9983001699830018
2bundesliga,2016,phase_preserving,18,0.13126361655773422,0.20202855524452518,0.0345016165124542,0.13729775725892915,0.2728926311994565,0.9853014698530147,0.001203431899132787,10000,0.9982001799820018
2bundesliga,2017,global_round,18,0.3213507625272331,0.20185335602037152,0.03703871222253965,0.1341287082781246,0.27859886725746286,0.0016998300169983002,0.00041193938812786665,10000,0.33231676832316764
2bundesliga,2017,phase_preserving,18,0.3213507625272331,0.20210847386502293,0.03709243407150139,0.1351090346854593,0.28045857893882503,0.0021997800219978004,0.00046850197329921885,10000,0.31786821317868214
2bundesliga,2018,global_round,18,0.18001089324618738,0.20192470955989164,0.032978459297042316,0.13792448466065357,0.2660296254672698,0.7408259174082592,0.00438181329479555,10000,0.9983001699830018
2bundesliga,2018,phase_preserving,18,0.18001089324618738,0.2019113438753331,0.03285304288558782,0.13812498982330065,0.2663782794400298,0.7479252074792521,0.004342039745285271,10000,0.9982001799820018
2bundesliga,2022,global_round,18,0.2652505446623094,0.20200538391133888,0.03061772437228258,0.1419089491797844,0.2609599244984075,0.017298270172982702,0.0013038036670452034,10000,0.8332000133320002
2bundesliga,2022,phase_preserving,18,0.2652505446623094,0.2019176884589793,0.030741866368180455,0.1413437965101305,0.2605064182035572,0.017298270172982702,0.0013038036670452034,10000,0.8861780488617805
2bundesliga,2023,global_round,18,0.18709150326797389,0.20196625771074916,0.033860095962039594,0.1396961332132665,0.2716064005443309,0.6584341565843416,0.004742347710020938,10000,0.9983001699830018
2bundesliga,2023,phase_preserving,18,0.18709150326797389,0.20200415197268523,0.03413545854037058,0.13828017694977404,0.27057222734762565,0.6537346265373463,0.004757790081575927,10000,0.9982001799820018
2bundesliga,2024,global_round,18,0.20206971677559912,0.20173709415110588,0.03623897434062336,0.13530495081816615,0.2774472435480319,0.47625237476252374,0.004994357318970884,10000,0.9983001699830018
2bundesliga,2024,phase_preserving,18,0.20206971677559912,0.2025363305233118,0.036166492883360477,0.13587591384391454,0.2766673607581219,0.49005099490050996,0.004999010074980149,10000,0.9982001799820018
bundesliga,2004,global_round,18,0.1320806100217865,0.20222579946523012,0.029641135496819664,0.1435179942387714,0.25949063730559957,0.9901009899010099,0.000990000994850519,10000,0.9983001699830018
bundesliga,2004,phase_preserving,18,0.1320806100217865,0.20200226497386195,0.029184798547903946,0.14315455280880784,0.25803908621733035,0.9909009099090091,0.0009495418184844146,10000,0.9982001799820018
bundesliga,2005,global_round,18,0.18872549019607845,0.20201026578384906,0.02865260873194291,0.14959015820678864,0.26168369850345674,0.6664333566643336,0.004714869433923306,10000,0.9983001699830018
bundesliga,2005,phase_preserving,18,0.18872549019607845,0.20184485788065107,0.02813388012405884,0.15030044780843851,0.26116605112327584,0.6694330566943306,0.00470417303358641,10000,0.9982001799820018
bundesliga,2006,global_round,18,0.21051198257080614,0.2015365927840239,0.03225042653006269,0.13947860763601602,0.2647095934445502,0.38686131386861317,0.004870314545288256,10000,0.9983001699830018
bundesliga,2006,phase_preserving,18,0.21051198257080614,0.20158190207362403,0.03172333464126837,0.14109065842493304,0.2662560050473429,0.38436156384361564,0.0048644398658355915,10000,0.9982001799820018
bundesliga,2007,global_round,18,0.15196078431372553,0.2021225871358456,0.04170168246795995,0.13209109647399317,0.29702703014388154,0.9013098690130987,0.002982455180429197,10000,0.9983001699830018
bundesliga,2007,phase_preserving,18,0.15196078431372553,0.2020221796369468,0.042594443287452405,0.12994989897071338,0.29942876180799566,0.8982101789821018,0.0030237171388051904,10000,0.9982001799820018
bundesliga,2008,global_round,18,0.1451525054466231,0.20127601161692624,0.03418030259519695,0.13876950602555657,0.27146041956649064,0.9582041795820418,0.0020012228714850313,10000,0.9983001699830018
bundesliga,2008,phase_preserving,18,0.1451525054466231,0.20207942155073927,0.0345549700743443,0.1376359506151685,0.27267863814128124,0.959004099590041,0.001982807014299066,10000,0.9982001799820018
bundesliga,2009,global_round,18,0.2126906318082789,0.20185389123267317,0.03104153487165349,0.14282268269684983,0.2628975588985835,0.36366363363663634,0.004810534224042426,10000,0.9983001699830018
bundesliga,2009,phase_preserving,18,0.2126906318082789,0.2026360681672662,0.031535633600222816,0.1404338333703991,0.26503491816438585,0.37576242375762425,0.004843191351262304,10000,0.9982001799820018
bundesliga,2010,global_round,18,0.18164488017429192,0.2021529051830098,0.03833709838429086,0.1339592007740198,0.28421359334486007,0.6857314268573143,0.004642239083433189,10000,0.9983001699830018
bundesliga,2010,phase_preserving,18,0.18164488017429192,0.20194754704465467,0.03836732632005214,0.1334626291632007,0.28241791120304194,0.6855314468553144,0.0046430386841784296,10000,0.9982001799820018
bundesliga,2011,global_round,18,0.1898148148148148,0.2010026965542132,0.03199978314586037,0.14020297509208623,0.26486757867908567,0.6284371562843716,0.004832224093371332,10000,0.9983001699830018
bundesliga,2011,phase_preserving,18,0.1898148148148148,0.20178054066345238,0.031738850007963317,0.14149738225090416,0.2662671934405883,0.6428357164283571,0.004791638113551543,10000,0.9982001799820018
bundesliga,2012,global_round,18,0.19607843137254907,0.202413474176406,0.036116835716190024,0.13529827430832278,0.27835005649861944,0.5582441755824418,0.004965960289920991,10000,0.9983001699830018
bundesliga,2012,phase_preserving,18,0.19607843137254907,0.2022640752903887,0.03665224988803686,0.13367352039603367,0.27823003186031753,0.5557444255574443,0.004968828423474396,10000,0.9982001799820018
bundesliga,2013,global_round,18,0.18055555555555555,0.20172594489654824,0.03389702786613479,0.1393203875190151,0.2714748651036857,0.7309269073092691,0.004434780304373331,10000,0.9983001699830018
bundesliga,2013,phase_preserving,18,0.18055555555555555,0.20202528244311485,0.034018414805265705,0.13928851181713012,0.27201290281880425,0.7293270672932707,0.004443074343364824,10000,0.9982001799820018
bundesliga,2014,global_round,18,0.15305010893246188,0.20225210084048592,0.03623975295304019,0.1368156129477996,0.2774114712458239,0.922007799220078,0.002681593134638928,10000,0.9983001699830018
bundesliga,2014,phase_preserving,18,0.15305010893246188,0.2020463415506479,0.035716666820456544,0.1368339527952131,0.27691374955538006,0.9226077392260774,0.0026721283417198314,10000,0.9982001799820018
bundesliga,2015,global_round,18,0.10811546840958608,0.20147945774030276,0.0349461043430683,0.13569886910004322,0.2725968740055157,0.9983001699830018,0.0004119393881278605,10000,0.9983001699830018
bundesliga,2015,phase_preserving,18,0.10811546840958608,0.2016056748929646,0.03525625091680792,0.13502473438729728,0.27470467334678916,0.9982001799820018,0.00042386090476723365,10000,0.9982001799820018
bundesliga,2016,global_round,18,0.11002178649237475,0.20210489323670605,0.04662730317153324,0.1260841106591751,0.3112069573950477,0.9932006799320068,0.0008217718244504495,10000,0.9983001699830018
bundesliga,2016,phase_preserving,18,0.11002178649237475,0.20130013097822744,0.04681490709913074,0.1240294564443712,0.3112695770328015,0.9925007499250075,0.0008627288869224937,10000,0.9982001799820018
bundesliga,2017,global_round,18,0.21541394335511985,0.20175650726751876,0.03362889042113554,0.13835042198262687,0.26935311943465085,0.3421657834216578,0.004744347795820844,10000,0.9983001699830018
bundesliga,2017,phase_preserving,18,0.21541394335511985,0.20174214575242355,0.033147568905216036,0.137851678370337,0.2676540142097694,0.3374662533746625,0.004728454094182692,10000,0.9982001799820018
bundesliga,2018,global_round,18,0.1680283224400872,0.20234658910195308,0.040783877880423515,0.13127833293479776,0.29278449641485405,0.7958204179582041,0.004031008314541579,10000,0.9983001699830018
bundesliga,2018,phase_preserving,18,0.1680283224400872,0.20161206918563868,0.04105558406991298,0.13173836903902678,0.29081982407288015,0.7896210378962104,0.004075777893947631,10000,0.9982001799820018
bundesliga,2022,global_round,18,0.12064270152505446,0.2016812143961894,0.03318569325562657,0.13777079945962595,0.26715494954168206,0.9947005299470053,0.0007260430889521713,10000,0.9983001699830018
bundesliga,2022,phase_preserving,18,0.12064270152505446,0.20213435412181832,0.0334229794690758,0.13887197056901146,0.2692363817367251,0.9952004799520048,0.000691121165592844,10000,0.9982001799820018
bundesliga,2023,global_round,18,0.1990740740740741,0.20181243556687808,0.03337888640690516,0.13801442573480677,0.2707520925000317,0.5268473152684732,0.004992787013911921,10000,0.9983001699830018
bundesliga,2023,phase_preserving,18,0.1990740740740741,0.20193292593453857,0.03358820243148287,0.1377137308970839,0.26995720637440174,0.52994700529947,0.004991023711360161,10000,0.9982001799820018
bundesliga,2024,global_round,18,0.21132897603485837,0.2022157300351433,0.03406775137406251,0.13895763637005634,0.2708847926116559,0.38046195380461956,0.004855004176226743,10000,0.9983001699830018
bundesliga,2024,phase_preserving,18,0.21132897603485837,0.20169449650987675,0.034055382660854276,0.13887347074828738,0.2715733523867075,0.37366263373662634,0.004837756400291712,10000,0.9982001799820018
campeonatobrasileiroseriea,2007,global_round,20,0.14491228070175438,0.18966259182776643,0.035590996268377105,0.12577020609216177,0.2659672728381128,0.9063093690630937,0.002913978322011863,10000,0.9983001699830018
campeonatobrasileiroseriea,2007,phase_preserving,20,0.14491228070175438,0.19047852135752733,0.035456421464018666,0.12796938394784002,0.2688025652712979,0.9111088891110889,0.0028458650933212985,10000,0.9982001799820018
campeonatobrasileiroseriea,2009,global_round,20,0.16052631578947368,0.19061826519052455,0.03288024770070099,0.129620309022418,0.2585551596373357,0.818018198180182,0.003858295292305016,10000,0.9983001699830018
campeonatobrasileiroseriea,2009,phase_preserving,20,0.16052631578947368,0.19039858736587362,0.03293751913919318,0.1285593662669754,0.25740746246148455,0.8148185181481852,0.003884447201739017,10000,0.9982001799820018
campeonatobrasileiroseriea,2010,global_round,20,0.15228070175438596,0.19042044288020726,0.02978594717607868,0.1335926088381794,0.2500965200141067,0.9000099990001,0.0029998666753697566,10000,0.9983001699830018
campeonatobrasileiroseriea,2010,phase_preserving,20,0.15228070175438596,0.1899531434441813,0.029482586334703804,0.1331905936326182,0.24936578195810188,0.9009099090090991,0.002987829393695629,10000,0.9982001799820018
campeonatobrasileiroseriea,2011,global_round,20,0.1468421052631579,0.19023256547535136,0.03304414839724481,0.1307671546268161,0.26100497322092125,0.9143085691430857,0.002799078590082976,10000,0.9983001699830018
campeonatobrasileiroseriea,2011,phase_preserving,20,0.1468421052631579,0.19033600286341967,0.032738241077312026,0.13109350648202175,0.25943526569433145,0.9159084091590841,0.00277525125332392,10000,0.9982001799820018
campeonatobrasileiroseriea,2012,global_round,20,0.1749122807017544,0.1902021376664123,0.032854112210492885,0.12840701799017007,0.25688843496420444,0.6685331466853315,0.004707404576497972,10000,0.9983001699830018
campeonatobrasileiroseriea,2012,phase_preserving,20,0.1749122807017544,0.19024992969756307,0.03264939494520421,0.12936484557302375,0.2562532524536208,0.6699330066993301,0.004702369330817449,10000,0.9982001799820018
campeonatobrasileiroseriea,2013,global_round,20,0.182280701754386,0.1903174226287629,0.029205081974357682,0.13327080612427367,0.24733830693440212,0.6089391060893911,0.004879879826024862,10000,0.9983001699830018
campeonatobrasileiroseriea,2013,phase_preserving,20,0.182280701754386,0.19000376467661428,0.029312282091096473,0.13271187734436007,0.24688456866942562,0.5987401259874012,0.004901534326310407,10000,0.9982001799820018
campeonatobrasileiroseriea,2014,global_round,20,0.12771929824561404,0.1903089564423611,0.031892288028929044,0.13198245150573878,0.2573172061153587,0.9822017798220178,0.0013221741011106756,10000,0.9983001699830018
campeonatobrasileiroseriea,2014,phase_preserving,20,0.12771929824561404,0.19006799171773314,0.03216413468547531,0.1308685292450982,0.25658687770047534,0.9804019598040196,0.001386144185013131,10000,0.9982001799820018
campeonatobrasileiroseriea,2015,global_round,20,0.12210526315789472,0.19023492290706764,0.031426615041071915,0.1317063377988589,0.2562520316782979,0.9905009499050095,0.0009699906258455998,10000,0.9983001699830018
campeonatobrasileiroseriea,2015,phase_preserving,20,0.12210526315789472,0.19060863610026377,0.03129954240871628,0.13255279628238248,0.2557524318858366,0.9907009299070093,0.0009598227642849662,10000,0.9982001799820018
campeonatobrasileiroseriea,2016,global_round,20,0.15596491228070175,0.1903383885294665,0.03020864580157171,0.13371020190241534,0.2503970480021941,0.8673132686731326,0.00339235851078065,10000,0.9983001699830018
campeonatobrasileiroseriea,2016,phase_preserving,20,0.15596491228070175,0.1902149840785851,0.029870975110426964,0.13324891817809245,0.24940885270793828,0.8743125687431257,0.0033149675847724785,10000,0.9982001799820018
campeonatobrasileiroseriea,2017,global_round,20,0.183859649122807,0.19079433454245082,0.03335056175818358,0.1309522033851687,0.26062091752913064,0.5605439456054394,0.004963208948357157,10000,0.9983001699830018
campeonatobrasileiroseriea,2017,phase_preserving,20,0.183859649122807,0.1899921834274238,0.03288654625298284,0.13005834000196936,0.2586707704914896,0.5564443555644436,0.004968038191529073,10000,0.9982001799820018
campeonatobrasileiroseriea,2018,global_round,20,0.19035087719298244,0.19001311592164177,0.029839825589067778,0.13288787820540193,0.24918464814946975,0.48595140485951405,0.004998025980070319,10000,0.9983001699830018
campeonatobrasileiroseriea,2018,phase_preserving,20,0.19035087719298244,0.18950945550717938,0.030111038652997527,0.1322413584337677,0.24945312904872433,0.48195180481951805,0.004996741564767255,10000,0.9982001799820018
campeonatobrasileiroseriea,2019,global_round,20,0.13631578947368422,0.1901539122766058,0.03323855734308384,0.1288807424077572,0.25897178935095666,0.9566043395660434,0.0020374610938483544,10000,0.9983001699830018
campeonatobrasileiroseriea,2019,phase_preserving,20,0.13631578947368422,0.18976219527370655,0.03309356289250103,0.1297464054209222,0.25900831827356247,0.957004299570043,0.002028474061320342,10000,0.9982001799820018
campeonatobrasileiroseriea,2022,global_round,20,0.15842105263157896,0.19066044033565016,0.032918540228951645,0.1311854524581151,0.25829201136354146,0.8354164583541646,0.00370804260311487,10000,0.9983001699830018
campeonatobrasileiroseriea,2022,phase_preserving,20,0.15842105263157896,0.19051808733105044,0.032719577395806804,0.12984148447290456,0.25708186089188106,0.8364163583641636,0.0036989732876163708,10000,0.9982001799820018
campeonatobrasileiroseriea,2023,global_round,20,0.14350877192982453,0.18968631443695055,0.028804508566777527,0.1355793452892128,0.24791771054208508,0.951004899510049,0.0021585777868293426,10000,0.9983001699830018
campeonatobrasileiroseriea,2023,phase_preserving,20,0.14350877192982453,0.18990579995343496,0.02859099808866488,0.1356417782149008,0.24875334767544094,0.9518048195180482,0.0021417844209972187,10000,0.9982001799820018
campeonatobrasileiroseriea,2024,global_round,20,0.15052631578947367,0.18960826587940097,0.03646025060004483,0.12434364061596113,0.2669275521563273,0.8614138586141386,0.0034551414269410083,10000,0.9983001699830018
campeonatobrasileiroseriea,2024,phase_preserving,20,0.15052631578947367,0.19033417424439422,0.03654700234504789,0.1250552220740109,0.2676332797417593,0.8653134686531346,0.003413884438885054,10000,0.9982001799820018
campeonatobrasileiroserieb,2010,global_round,20,0.15649122807017543,0.19012489210359046,0.0323570946298186,0.13143238875192712,0.2563408271011975,0.8497150284971503,0.0035735052657473077,10000,0.9983001699830018
campeonatobrasileiroserieb,2010,phase_preserving,20,0.15649122807017543,0.19013183420936652,0.03199390159166748,0.13238434741893804,0.25662875188227885,0.8522147785221478,0.0035488695353674865,10000,0.9982001799820018
campeonatobrasileiroserieb,2011,global_round,20,0.20052631578947366,0.19027090258218132,0.0295438031862053,0.13446904610359128,0.24921118550585492,0.36176382361763826,0.004805109359204893,10000,0.9983001699830018
campeonatobrasileiroserieb,2011,phase_preserving,20,0.20052631578947366,0.19051323388063146,0.02973069444902705,0.13355847082820096,0.2503183348597373,0.36546345365463456,0.004815598796592812,10000,0.9982001799820018
campeonatobrasileiroserieb,2012,global_round,20,0.17456140350877195,0.18994349496223079,0.03208286321151817,0.1303809975617651,0.25563719459499973,0.671032896710329,0.004698380021271949,10000,0.9983001699830018
campeonatobrasileiroserieb,2012,phase_preserving,20,0.17456140350877195,0.1898133329529188,0.0317614506612389,0.13010704005480384,0.2547705179016345,0.676932306769323,0.004676483281497819,10000,0.9982001799820018
campeonatobrasileiroserieb,2013,global_round,20,0.1642105263157895,0.19008243173647435,0.030965035661864274,0.13298391872529727,0.25263241188284574,0.791920807919208,0.004059337900493095,10000,0.9983001699830018
campeonatobrasileiroserieb,2013,phase_preserving,20,0.1642105263157895,0.18998399278306874,0.031233968382743695,0.13074482168792548,0.2529747286050781,0.7952204779522047,0.004035404185427673,10000,0.9982001799820018
campeonatobrasileiroserieb,2014,global_round,20,0.21456140350877195,0.18995297682578507,0.03028147961064377,0.13132613450705624,0.24933784488382765,0.20827917208279173,0.004060775277693886,10000,0.9983001699830018
campeonatobrasileiroserieb,2014,phase_preserving,20,0.21456140350877195,0.1898457482237332,0.030624709311908315,0.13092628606541443,0.2505978855599907,0.21237876212378762,0.004089914712100428,10000,0.9982001799820018
campeonatobrasileiroserieb,2015,global_round,20,0.1619298245614035,0.19021048168224747,0.032830600299445276,0.1299153360737939,0.2576330949803068,0.801019898010199,0.003992330409697191,10000,0.9983001699830018
campeonatobrasileiroserieb,2015,phase_preserving,20,0.1619298245614035,0.18987296178257201,0.03235325122754404,0.13036479677816354,0.25673228765290085,0.8049195080491951,0.003962626573512029,10000,0.9982001799820018
campeonatobrasileiroserieb,2016,global_round,20,0.16701754385964912,0.19009999788118256,0.03169126383825003,0.13180272182989608,0.25558760225583305,0.7626237376262374,0.004254747612200108,10000,0.9983001699830018
campeonatobrasileiroserieb,2016,phase_preserving,20,0.16701754385964912,0.1900651933716672,0.031709519604546293,0.1309106543939046,0.25490528748535163,0.7629237076292371,0.004252894590352498,10000,0.9982001799820018
campeonatobrasileiroserieb,2017,global_round,20,0.20719298245614035,0.19013137050328438,0.030346331372384218,0.13262493098315484,0.2514056513364301,0.2783721627837216,0.004481976146420625,10000,0.9983001699830018
campeonatobrasileiroserieb,2017,phase_preserving,20,0.20719298245614035,0.19027970737005487,0.030587723694571512,0.13312385214327746,0.2516882584999099,0.28657134286571345,0.004521594943312095,10000,0.9982001799820018
campeonatobrasileiroserieb,2018,global_round,20,0.22666666666666666,0.1898614690265983,0.031764328313164086,0.13111572912186922,0.2559128652617763,0.12288771122887711,0.00328308272295727,10000,0.9983001699830018
campeonatobrasileiroserieb,2018,phase_preserving,20,0.22666666666666666,0.1894049586558274,0.03172584502517793,0.13092878082780413,0.25567563865283754,0.12108789121087891,0.00326229388334315,10000,0.9982001799820018
campeonatobrasileiroserieb,2019,global_round,20,0.13789473684210524,0.190688131888533,0.031485690849579674,0.132030474362784,0.25444854091815033,0.9597040295970403,0.001966524985151308,10000,0.9983001699830018
campeonatobrasileiroserieb,2019,phase_preserving,20,0.13789473684210524,0.18931874939634422,0.031482437917846655,0.12939549165528125,0.25273055423241825,0.954004599540046,0.0020947511450404425,10000,0.9982001799820018
campeonatobrasileiroserieb,2022,global_round,20,0.18666666666666668,0.19077652004010287,0.031448837056561894,0.13356702078064128,0.2554651491281701,0.5368463153684632,0.004986405008057085,10000,0.9983001699830018
campeonatobrasileiroserieb,2022,phase_preserving,20,0.18666666666666668,0.19026358911459434,0.03152792474344666,0.13183063660484726,0.25403761832060245,0.5303469653034697,0.0049907821200376,10000,0.9982001799820018
campeonatobrasileiroserieb,2023,global_round,20,0.18035087719298243,0.18983120376472698,0.03336635440009598,0.12903877025852278,0.26043695704180636,0.5938406159384062,0.004911149954952511,10000,0.9983001699830018
campeonatobrasileiroserieb,2023,phase_preserving,20,0.18035087719298243,0.19034885315514968,0.03357003913726226,0.13111891013442734,0.26188411484910706,0.5974402559744025,0.004904134954460806,10000,0.9982001799820018
campeonatobrasileiroserieb,2024,global_round,20,0.16245614035087722,0.19019637117757257,0.03240763615906313,0.1315314288448285,0.2590863225247023,0.801019898010199,0.003992330409697191,10000,0.9983001699830018
campeonatobrasileiroserieb,2024,phase_preserving,20,0.16245614035087722,0.19014386730722135,0.03204916881228428,0.132447433313029,0.25752957974610047,0.8068193180681932,0.003947934979963182,10000,0.9982001799820018
challengerproleague,2006,global_round,18,0.16993464052287585,0.20238083275506177,0.033624919631297046,0.14405656756038668,0.2749983795206677,0.82991700829917,0.0037570569284338154,10000,0.9983001699830018
challengerproleague,2006,phase_preserving,18,0.16993464052287585,0.20182027116382475,0.0331810905184964,0.14308928140037025,0.2736590783789831,0.8335166483351665,0.003725139531390427,10000,0.9982001799820018
challengerproleague,2007,global_round,19,0.13595133344196403,0.19567816253083387,0.030418629523529767,0.13839848848737898,0.2564722703445389,0.9796020397960205,0.001413572899552634,10000,0.9983001699830018
challengerproleague,2007,phase_preserving,19,0.13595133344196403,0.19545199061587917,0.030136489148595052,0.1393584310741515,0.25664077488308534,0.9799020097990201,0.0014033553003734024,10000,0.9982001799820018
challengerproleague,2008,global_round,19,0.17288577480853837,0.1961847481729541,0.036578263918942165,0.12914949592723038,0.2714445964048359,0.7268273172682732,0.004455887881678331,10000,0.9983001699830018
challengerproleague,2008,phase_preserving,19,0.17288577480853837,0.19495149717415333,0.03658379227757351,0.12859647432990262,0.27131999571243953,0.7119288071192881,0.004528644175832272,10000,0.9982001799820018
challengerproleague,2009,global_round,19,0.23708652436043673,0.1958594788473098,0.022789169238024726,0.1519481094442475,0.23995836785360883,0.034396560343965606,0.0018224554035824727,10000,0.9983001699830018
challengerproleague,2009,phase_preserving,19,0.23708652436043673,0.19608398635173088,0.02251676222044344,0.15152212877881224,0.24003766331059292,0.0336966303369663,0.0018044713198302749,10000,0.9982001799820018
challengerproleague,2010,global_round,18,0.15522875816993464,0.20206539176674065,0.034785737663147985,0.13575883088397156,0.2710547351980757,0.9112088791120888,0.0028444201120681792,10000,0.9983001699830018
challengerproleague,2010,phase_preserving,18,0.15522875816993464,0.2022267820065931,0.03458079945115492,0.13656458127553164,0.2692853184924781,0.913008699130087,0.0028182231005169428,10000,0.9982001799820018
challengerproleague,2011,global_round,18,0.15032679738562094,0.20154023969483534,0.042089983374440844,0.12721105096010307,0.28949304525275604,0.8942105789421058,0.0030756791030621157,10000,0.9983001699830018
challengerproleague,2011,phase_preserving,18,0.15032679738562094,0.2022325840086686,0.04157537249998176,0.12905044750056574,0.2887755104209185,0.8966103389661034,0.0030446713948338094,10000,0.9982001799820018
challengerproleague,2012,global_round,18,0.1587690631808279,0.20181594272995482,0.027366073856609534,0.14809066081981578,0.2554549349505186,0.9417058294170583,0.0023429886952136287,10000,0.9983001699830018
challengerproleague,2012,phase_preserving,18,0.1587690631808279,0.2020601388631403,0.027213376641512813,0.14901988974466665,0.2553629036623974,0.942905709429057,0.002320226983619139,10000,0.9982001799820018
challengerproleague,2014,global_round,18,0.21704793028322442,0.20219097862759908,0.035369288829651103,0.13679149111642036,0.2735536159531348,0.3341665833416658,0.004716982911983287,10000,0.9983001699830018
challengerproleague,2014,phase_preserving,18,0.21704793028322442,0.20141116844351756,0.03507111543889417,0.13626192117750238,0.2719497312357553,0.32496750324967505,0.004683627067576447,10000,0.9982001799820018
challengerproleague,2015,global_round,17,0.1987889273356401,0.20865253000399725,0.03674488346825807,0.1383351291690602,0.28361578131072157,0.5975402459754025,0.004903936178367924,10000,0.9983001699830018
challengerproleague,2015,phase_preserving,17,0.1987889273356401,0.20834085080578876,0.03669790622580443,0.13838610421366201,0.28427043765672855,0.5954404559544045,0.0049080660077795955,10000,0.9982001799820018
challengerproleague,2016,global_round,8,0.44642857142857156,0.3366407855651989,0.08915710374918354,0.17528713233136411,0.5271477050666197,0.11158884111588842,0.003148599238618682,10000,0.9983001699830018
challengerproleague,2016,phase_preserving,8,0.44642857142857156,0.3365372419159177,0.10777196424365292,0.1529029829032095,0.5726022918901118,0.15898410158984103,0.003656612599544996,10000,0.9982001799820018
challengerproleague,2017,global_round,8,0.3303571428571429,0.3365286613208714,0.0809619700226434,0.18932151480579454,0.5129292931482292,0.5108489151084892,0.004998822871846619,10000,0.9983001699830018
challengerproleague,2017,phase_preserving,8,0.3303571428571429,0.3370517216640718,0.07154215374933678,0.2028087707504163,0.4889305409190661,0.5276472352764724,0.004992350452257608,10000,0.9982001799820018
challengerproleague,2018,global_round,8,0.25,0.3359841488713969,0.07190637029587567,0.2017740305580169,0.4796896498250065,0.8845115488451155,0.003196104954545929,10000,0.9983001699830018
challengerproleague,2018,phase_preserving,8,0.25,0.3363641325864903,0.06504582074205346,0.2122926099326063,0.4654156674180447,0.912008799120088,0.0028328210223666256,10000,0.9982001799820018
challengerproleague,2022,global_round,12,0.19848484848484846,0.25673510801534405,0.052832980230560204,0.1592217920208584,0.3663483718380749,0.8665133486651335,0.003400999342109173,10000,0.9983001699830018
challengerproleague,2022,phase_preserving,12,0.19848484848484846,0.25850423914105247,0.05624123109797931,0.16441224383555342,0.392971115081743,0.8805119488051195,0.003243619225749689,10000,0.9982001799820018
challengerproleague,2023,global_round,16,0.19955357142857139,0.21560594335152142,0.039450496618847794,0.14243772248946376,0.29587540203456747,0.6447355264473552,0.004785933841832824,10000,0.9983001699830018
challengerproleague,2023,phase_preserving,16,0.19955357142857139,0.21575265092340132,0.04136510658658855,0.13956973648980578,0.2987703928900381,0.6342365763423657,0.004816435835468798,10000,0.9982001799820018
championship,2004,global_round,24,0.1754776021080369,0.171281388999179,0.026691080869226617,0.12125928829822619,0.2267699401497196,0.42185781421857815,0.004938560506881552,10000,0.9983001699830018
championship,2004,phase_preserving,24,0.1754776021080369,0.17001310087848057,0.02678363488223525,0.12006808942399676,0.22556447336746435,0.40105989401059894,0.004901131047287005,10000,0.9982001799820018
championship,2005,global_round,24,0.15892621870882742,0.1711227519456122,0.025241502925342187,0.12321914682946446,0.2219006251576688,0.6764323567643236,0.004678371762553575,10000,0.9983001699830018
championship,2005,phase_preserving,24,0.15892621870882742,0.17081037382363384,0.022838433348794186,0.1261127866627056,0.21476545493519622,0.6953304669533047,0.004602673230632432,10000,0.9982001799820018
championship,2006,global_round,24,0.1529973649538867,0.1717445100590732,0.027790694888937015,0.12134515258291485,0.23088837442935123,0.7455254474552545,0.004355654424445275,10000,0.9983001699830018
championship,2006,phase_preserving,24,0.1529973649538867,0.16917043670645981,0.025833694473327926,0.12127211022750017,0.2216009516519967,0.724027597240276,0.004470029481723232,10000,0.9982001799820018
championship,2007,global_round,24,0.1648550724637681,0.1715008240459113,0.027789805017021645,0.12025404810200388,0.22820069654452774,0.5813418658134186,0.004933391337264781,10000,0.9983001699830018
championship,2007,phase_preserving,24,0.1648550724637681,0.1682761410557337,0.026152772302783445,0.11858147470013376,0.2207677512251628,0.5444455554444556,0.004980206748732766,10000,0.9982001799820018
championship,2008,global_round,24,0.12738801054018445,0.1714047530445145,0.0266653092154681,0.12080875980532714,0.22577385624367294,0.9562043795620438,0.0020464008421717046,10000,0.9983001699830018
championship,2008,phase_preserving,24,0.12738801054018445,0.17150737755622622,0.027984388517951816,0.11929132284897831,0.2273606953547481,0.9475052494750525,0.0022302253628786258,10000,0.9982001799820018
championship,2009,global_round,24,0.1399044795783926,0.17168502595247132,0.025669292904179006,0.12383947366225921,0.2240202588692184,0.8987101289871013,0.0030171216919953527,10000,0.9983001699830018
championship,2009,phase_preserving,24,0.1399044795783926,0.1709584787767154,0.025544068419859494,0.12199370610922149,0.22318552619129262,0.8922107789221078,0.003101140191886099,10000,0.9982001799820018
championship,2010,global_round,24,0.19976943346508566,0.17154723914098166,0.02712511135112271,0.12080335206024448,0.2278349917241415,0.1463853614638536,0.003534921320382542,10000,0.9983001699830018
championship,2010,phase_preserving,24,0.19976943346508566,0.17048920415926358,0.02741212855679254,0.11981720850436957,0.22799106617060663,0.14428557144285573,0.003513790621483647,10000,0.9982001799820018
championship,2011,global_round,24,0.14245718050065878,0.1718188548474547,0.0261567085910728,0.12392642927548644,0.22705749418843887,0.8721127887211279,0.003339641784236526,10000,0.9983001699830018
championship,2011,phase_preserving,24,0.14245718050065878,0.1713837777542453,0.026299514271001606,0.12334064023449824,0.22576118406787463,0.8661133886611339,0.0034053044892206267,10000,0.9982001799820018
championship,2012,global_round,24,0.1511034255599473,0.1716324107522229,0.024574736430933726,0.12427177967007308,0.22076892373823248,0.7977202279772023,0.0040169972100214685,10000,0.9983001699830018
championship,2012,phase_preserving,24,0.1511034255599473,0.17160681992318372,0.02468046342687848,0.12375566753976172,0.2204306172664786,0.7913208679132087,0.004063645554404257,10000,0.9982001799820018
championship,2013,global_round,24,0.16287878787878787,0.17117262549852272,0.02729883964750169,0.12067080762581439,0.22744748350862942,0.6064393560643936,0.00488539316207608,10000,0.9983001699830018
championship,2013,phase_preserving,24,0.16287878787878787,0.17083505452982645,0.027610116736847528,0.11987346266525167,0.22778198759887305,0.597940205979402,0.004903138954309905,10000,0.9982001799820018
championship,2014,global_round,24,0.18502964426877475,0.17160606893544897,0.02518695610435726,0.12286937993396639,0.22183901358510993,0.29287071292870714,0.00455079617690507,10000,0.9983001699830018
championship,2014,phase_preserving,24,0.18502964426877475,0.17201486887371562,0.024849006162496683,0.12405790701567547,0.22160347076727166,0.294970502949705,0.004560295005142793,10000,0.9982001799820018
championship,2015,global_round,24,0.16699604743083005,0.171549283918208,0.026158314370860507,0.12243673512389949,0.2247459873243756,0.5589441055894411,0.004965134362897552,10000,0.9983001699830018
championship,2015,phase_preserving,24,0.16699604743083005,0.1716498514437899,0.026052751422875713,0.12329887756992564,0.22434675847574745,0.5560443955604439,0.004968490975399518,10000,0.9982001799820018
championship,2016,global_round,24,0.1296936758893281,0.17178774284854073,0.02669077115074269,0.12212337595746561,0.22538033167026944,0.9492050794920508,0.002195786796538779,10000,0.9983001699830018
championship,2016,phase_preserving,24,0.1296936758893281,0.17174561053043413,0.025894639605627195,0.12320370119223287,0.2253854381622135,0.9506049395060494,0.002166914592058246,10000,0.9982001799820018
championship,2017,global_round,24,0.17177206851119897,0.1719189452271975,0.024727161920140288,0.12471055994474867,0.2218384644711746,0.49645035496450357,0.004999873998613584,10000,0.9983001699830018
championship,2017,phase_preserving,24,0.17177206851119897,0.17181257481907347,0.02496146498027828,0.12454746223900579,0.22168067907097727,0.49375062493750627,0.004999609437859404,10000,0.9982001799820018
championship,2018,global_round,24,0.13027009222661398,0.17185299167727422,0.02713873451703003,0.12193000000543758,0.22744258515548477,0.9448055194480552,0.0022835947510130984,10000,0.9983001699830018
championship,2018,phase_preserving,24,0.13027009222661398,0.17179272256149783,0.027028308409456102,0.12239527508321156,0.2279976101068525,0.9475052494750525,0.0022302253628786258,10000,0.9982001799820018
championship,2021,global_round,24,0.1541501976284585,0.17120678373649484,0.02843520535611862,0.12202449805794909,0.23394720800632676,0.7145285471452855,0.004516386857430761,10000,0.9983001699830018
championship,2021,phase_preserving,24,0.1541501976284585,0.1716913377544126,0.028851953945766666,0.12051728709351311,0.23390902884448672,0.7172282771722828,0.0045034639511909265,10000,0.9982001799820018
championship,2022,global_round,24,0.15958498023715417,0.17167858525211846,0.027136954884777586,0.12126216446584716,0.22716844601693284,0.6606339366063394,0.004734941799118026,10000,0.9983001699830018
championship,2022,phase_preserving,24,0.15958498023715417,0.1721077183737623,0.02701673125640388,0.12243729550612191,0.22845575687965544,0.6675332466753324,0.004710972418285022,10000,0.9982001799820018
championship,2023,global_round,24,0.14303359683794467,0.17177069241985923,0.02668241457270622,0.12101621116788308,0.22560215713988824,0.8598140185981402,0.0034717988423907456,10000,0.9983001699830018
championship,2023,phase_preserving,24,0.14303359683794467,0.1707621236546367,0.026769104773504578,0.11931027211359674,0.22368096871984053,0.8481151884811519,0.003589092023739878,10000,0.9982001799820018
championship,2024,global_round,24,0.1629611330698287,0.17181962884260346,0.027513792493379634,0.12018866149046063,0.22951170977311822,0.6147385261473852,0.004866570359272799,10000,0.9983001699830018
championship,2024,phase_preserving,24,0.1629611330698287,0.17177396063881273,0.027050113058434952,0.12211334531175025,0.2273980163449889,0.6132386761323868,0.0048700821577031365,10000,0.9982001799820018
j1league,2009,global_round,18,0.19989106753812638,0.20164871669395193,0.03498900389993175,0.1362443072253168,0.27337810358103687,0.5048495150484952,0.0049997648165068164,10000,0.9983001699830018
j1league,2009,phase_preserving,18,0.19989106753812638,0.20221216870049144,0.036388426000690414,0.13865870515417475,0.27997290306210293,0.4971502849715029,0.004999918790583067,10000,0.9982001799820018
j1league,2010,global_round,18,0.13997821350762527,0.2020044990504988,0.03597094450055044,0.13540892522632128,0.27672494818160964,0.9666033396660334,0.0017967004038654932,10000,0.9983001699830018
j1league,2010,phase_preserving,18,0.13997821350762527,0.20187131801891847,0.03503328460371315,0.13811670992185265,0.27527405705771013,0.9698030196980302,0.0017112896506030846,10000,0.9982001799820018
j1league,2011,global_round,18,0.17892156862745098,0.2021210023173025,0.03712844418222604,0.1351135340951969,0.2818726528898054,0.7241275872412759,0.004469528214894769,10000,0.9983001699830018
j1league,2011,phase_preserving,18,0.17892156862745098,0.20173571833588475,0.03594294971079487,0.13470328193769862,0.276809758283349,0.7319268073192681,0.0044295593014056275,10000,0.9982001799820018
j1league,2012,global_round,18,0.1985294117647059,0.2023550628313241,0.035387483287446724,0.13594095157566166,0.2742145880964347,0.5291470852914708,0.004991497244505017,10000,0.9983001699830018
j1league,2012,phase_preserving,18,0.1985294117647059,0.20178197690945762,0.03464355555676263,0.1375891857587154,0.2729371914087851,0.521947805219478,0.004995180615814086,10000,0.9982001799820018
j1league,2013,global_round,18,0.17102396514161222,0.20204855595950935,0.035637142237624216,0.13701894761339922,0.2757212636283067,0.80991900809919,0.003923648919294566,10000,0.9983001699830018
j1league,2013,phase_preserving,18,0.17102396514161222,0.20193048847774722,0.03797257932056455,0.13512677580697283,0.28347244867045585,0.7866213378662134,0.0040969282234349915,10000,0.9982001799820018
j1league,2014,global_round,18,0.20234204793028324,0.2019154383842107,0.035662991804071044,0.1361374267054724,0.27503100002906433,0.47925207479252074,0.004995693381299385,10000,0.9983001699830018
j1league,2014,phase_preserving,18,0.20234204793028324,0.2024884257800338,0.04022477676191388,0.13285360149724326,0.2903208591748768,0.47035296470352966,0.004991202793897778,10000,0.9982001799820018
j1league,2017,global_round,18,0.18327886710239652,0.20136868932889126,0.03571104442881536,0.1348225036913025,0.27571866206885964,0.6914308569143086,0.004619028328783592,10000,0.9983001699830018
j1league,2017,phase_preserving,18,0.18327886710239652,0.2017627508066324,0.03730908818073267,0.13503536002305258,0.28028609869739557,0.6765323467653235,0.004677994554780153,10000,0.9982001799820018
j1league,2018,global_round,18,0.21677559912854033,0.20182213685519096,0.03575911844717015,0.13710674993515504,0.27628543852063564,0.32026797320267975,0.004665794664827497,10000,0.9983001699830018
j1league,2018,phase_preserving,18,0.21677559912854033,0.20228848372030617,0.03937943310902817,0.13324605026825356,0.28804974869381733,0.33336666333366666,0.00471416303400131,10000,0.9982001799820018
j1league,2019,global_round,18,0.23556644880174293,0.20192246953342396,0.0341070814220673,0.13708152393055406,0.2702048763000791,0.16448355164483552,0.0037071378836392942,10000,0.9983001699830018
j1league,2019,phase_preserving,18,0.23556644880174293,0.20204677438859148,0.035363585127322024,0.13681954002948948,0.2748456234663022,0.17168283171682833,0.0037710454387413516,10000,0.9982001799820018
j1league,2021,global_round,20,0.1336842105263158,0.19021731091461264,0.03204813276029257,0.13182697352358022,0.257608155805573,0.9703029697030296,0.0016975015961262355,10000,0.9983001699830018
j1league,2021,phase_preserving,20,0.1336842105263158,0.19053005033473958,0.033011610074685886,0.12832025039995346,0.2578662099574067,0.9617038296170383,0.001919103272806362,10000,0.9982001799820018
j1league,2022,global_round,18,0.23937908496732024,0.2027209078486338,0.03575107958275771,0.13719850459942526,0.27646759005579985,0.1503849615038496,0.003574483527131371,10000,0.9983001699830018
j1league,2022,phase_preserving,18,0.23937908496732024,0.20179806878827872,0.03558619748267128,0.13313062060421554,0.27385201547531407,0.143985601439856,0.003510751315856179,10000,0.9982001799820018
j1league,2023,global_round,18,0.2265795206971678,0.20145085438996907,0.03479166049588767,0.13739599874403927,0.2723111305078387,0.23077692230776922,0.004213299591032224,10000,0.9983001699830018
j1league,2023,phase_preserving,18,0.2265795206971678,0.20221116244468718,0.03585347363121101,0.13545920765508818,0.2760544628354925,0.24437556244375563,0.004297163563608601,10000,0.9982001799820018
j1league,2024,global_round,20,0.1626315789473684,0.18984696045621643,0.032509053204536724,0.1316047290001318,0.25714970354780753,0.7964203579642036,0.004026598705910155,10000,0.9983001699830018
j1league,2024,phase_preserving,20,0.1626315789473684,0.19020194931116235,0.03244847713374605,0.12966292516736627,0.25565690415388503,0.7962203779622038,0.004028070104652216,10000,0.9982001799820018
j2league,2011,global_round,20,0.2124561403508772,0.18988862516423946,0.0314439128754438,0.12978328355246166,0.253779698673989,0.2343765623437656,0.004236085331620275,10000,0.9983001699830018
j2league,2011,phase_preserving,20,0.2124561403508772,0.19021994410905685,0.032527680732305435,0.12804140552450632,0.25604223388344477,0.24397560243975602,0.004294781808822355,10000,0.9982001799820018
j2league,2012,global_round,22,0.1580873671782763,0.17978593444269933,0.027705821771292168,0.1276326208180904,0.2364655779308632,0.7805219478052194,0.004138930257923727,10000,0.9983001699830018
j2league,2012,phase_preserving,22,0.1580873671782763,0.1796981172094525,0.026154754675276486,0.13067031579978067,0.23271293369975865,0.7953204679532047,0.004034672492382749,10000,0.9982001799820018
j2league,2013,global_round,22,0.20295159386068481,0.17990980377607801,0.028557744545804998,0.12825465657911472,0.2386471883223444,0.20957904209579042,0.004070081905932623,10000,0.9983001699830018
j2league,2013,phase_preserving,22,0.20295159386068481,0.17992347326669197,0.02765777630118082,0.12914946797968568,0.23619279386573516,0.208979102089791,0.004065794350179749,10000,0.9982001799820018
j2league,2014,global_round,22,0.16706021251475797,0.17989231278359247,0.027744104911655958,0.1278166606309083,0.23585097391642884,0.6692330766923308,0.004704892833564307,10000,0.9983001699830018
j2league,2014,phase_preserving,22,0.16706021251475797,0.17985940902783054,0.026680080366115896,0.12837011686254282,0.2329092768965022,0.6784321567843216,0.00467078114907234,10000,0.9982001799820018
j2league,2015,global_round,22,0.16493506493506493,0.17990171151972525,0.028620969678301775,0.12673000908387722,0.23787309355291858,0.6848315168483151,0.004645829424113105,10000,0.9983001699830018
j2league,2015,phase_preserving,22,0.16493506493506493,0.1794663491430276,0.028288781574678196,0.1259577042190405,0.23659433176575,0.6902309769023097,0.004623982865742399,10000,0.9982001799820018
j2league,2016,global_round,22,0.1360094451003542,0.18029803629613952,0.028317103610535282,0.12817961407269302,0.23808214340437717,0.9484051594840516,0.002212076240731369,10000,0.9983001699830018
j2league,2016,phase_preserving,22,0.1360094451003542,0.18074471673881104,0.030372902266444218,0.12473873765054745,0.24384018827109305,0.9393060693930607,0.002387680409820781,10000,0.9982001799820018
j2league,2017,global_round,22,0.19315230224321134,0.18025651783606136,0.027484296479118313,0.1292611323075007,0.23657241278296381,0.3127687231276872,0.004636210186787947,10000,0.9983001699830018
j2league,2017,phase_preserving,22,0.19315230224321134,0.18000904024404638,0.026159790783130653,0.12827290100287284,0.2314398759713723,0.3103689631036896,0.004626446474840383,10000,0.9982001799820018
j2league,2018,global_round,22,0.16635182998819362,0.18034810843950907,0.030694366066787573,0.12447241174138274,0.2468458151307719,0.6685331466853315,0.004707404576497972,10000,0.9983001699830018
j2league,2018,phase_preserving,22,0.16635182998819362,0.17990015420377886,0.028499276367211262,0.12865356836279596,0.23972133998134584,0.6677332266773323,0.004710260764208397,10000,0.9982001799820018
j2league,2019,global_round,22,0.1985832349468713,0.17961304757929605,0.029959199791412514,0.12634354596772415,0.24338287033543538,0.24617538246175383,0.004307819210825392,10000,0.9983001699830018
j2league,2019,phase_preserving,22,0.1985832349468713,0.18005772983096266,0.030085214652810516,0.12388304739141248,0.24279191782773937,0.2605739426057394,0.004389477907913881,10000,0.9982001799820018
j2league,2021,global_round,22,0.1948051948051948,0.18062957054376078,0.02892289554752573,0.12667114538746285,0.24055347843509745,0.2990700929907009,0.004578506005994034,10000,0.9983001699830018
j2league,2021,phase_preserving,22,0.1948051948051948,0.18073345917509587,0.02821023560713116,0.12752132341210037,0.2386569883608891,0.3046695330466953,0.004602673230632432,10000,0.9982001799820018
j2league,2022,global_round,22,0.1641086186540732,0.17999910054712043,0.028122587131469683,0.12633533854081308,0.2365781803160197,0.7076292370762923,0.004548517339871497,10000,0.9983001699830018
j2league,2022,phase_preserving,22,0.1641086186540732,0.18031011672220978,0.027562614905394234,0.1279774971321378,0.2364828326110707,0.7184281571842815,0.004497656502547508,10000,0.9982001799820018
j2league,2023,global_round,22,0.15041322314049585,0.18053667518163347,0.028903739332487376,0.12754146090702523,0.24021534612281253,0.8580141985801419,0.003490355764317138,10000,0.9983001699830018
j2league,2023,phase_preserving,22,0.15041322314049585,0.17990941362725224,0.027835016078608825,0.12716197280794428,0.23576260123256798,0.8554144585541446,0.0035168247418753225,10000,0.9982001799820018
j2league,2024,global_round,20,0.13842105263157894,0.1898054454719255,0.03092266230454662,0.13195825518007717,0.2534789586501618,0.9564043595640436,0.002041936839643558,10000,0.9983001699830018
j2league,2024,phase_preserving,20,0.13842105263157894,0.18933636197429274,0.031430442341371524,0.13073242049703923,0.2539529521596113,0.9501049895010499,0.002177280377587134,10000,0.9982001799820018
jupilerproleague,2008,global_round,18,0.18600217864923752,0.20215715611451007,0.03676902266094084,0.13422459671774886,0.279607764975564,0.6575342465753424,0.004745344678270897,10000,0.9983001699830018
jupilerproleague,2008,phase_preserving,18,0.18600217864923752,0.20228231101290117,0.03647925477297872,0.13521207951092976,0.2770756626314002,0.6585341465853415,0.004742013542435928,10000,0.9982001799820018
jupilerproleague,2010,global_round,16,0.2357142857142857,0.21584494454185105,0.041429506996413366,0.13872769544707417,0.30088849108528715,0.3126687331266873,0.004635806256215198,10000,0.9983001699830018
jupilerproleague,2010,phase_preserving,16,0.2357142857142857,0.21606907994404265,0.041693562981383735,0.1361294536166158,0.29737475226935295,0.3240675932406759,0.0046802541410896886,10000,0.9982001799820018
jupilerproleague,2011,global_round,16,0.1763392857142857,0.21622542460056599,0.04609617602152857,0.13540625132074408,0.31511279989736796,0.8016198380161984,0.0039877998108616515,10000,0.9983001699830018
jupilerproleague,2011,phase_preserving,16,0.1763392857142857,0.21597170154784584,0.049255282546285334,0.132631822727544,0.3268166129115046,0.7843215678432157,0.004112921662993057,10000,0.9982001799820018
jupilerproleague,2012,global_round,16,0.1964285714285714,0.21623899740532734,0.04136051488308141,0.14199737568583312,0.3038102132224512,0.6699330066993301,0.004702369330817449,10000,0.9983001699830018
jupilerproleague,2012,phase_preserving,16,0.1964285714285714,0.21715760590534283,0.04106506287401497,0.14380617886690858,0.3067024094581913,0.6737326267373263,0.0046884642944886425,10000,0.9982001799820018
jupilerproleague,2013,global_round,16,0.1575892857142857,0.21648783936061963,0.043626071303126374,0.14120236603484282,0.3119188749232237,0.9254074592540746,0.0026273274179476154,10000,0.9983001699830018
jupilerproleague,2013,phase_preserving,16,0.1575892857142857,0.21641308205648288,0.04136363186923935,0.14205285528050615,0.30652300016289563,0.936906309369063,0.0024313139828805444,10000,0.9982001799820018
jupilerproleague,2014,global_round,16,0.16964285714285712,0.21576708251908358,0.04237851772962803,0.14059912226380397,0.305091997393545,0.867013298670133,0.0033956036075971493,10000,0.9983001699830018
jupilerproleague,2014,phase_preserving,16,0.16964285714285712,0.21566202463599893,0.04701091384139643,0.13455724413561337,0.31951862159648486,0.837916208379162,0.0036852765990445105,10000,0.9982001799820018
jupilerproleague,2015,global_round,16,0.14598214285714284,0.21610901209983185,0.04062839627974819,0.1396051177700172,0.3006473643477061,0.9643035696430357,0.001855321945559173,10000,0.9983001699830018
jupilerproleague,2015,phase_preserving,16,0.14598214285714284,0.21583767211084567,0.04779808033572866,0.13172853072216215,0.32247149923607576,0.9445055494450555,0.002289428236755835,10000,0.9982001799820018
jupilerproleague,2016,global_round,16,0.15982142857142856,0.21649768660720042,0.041994016546284825,0.1404044935315341,0.3051973354643045,0.918008199180082,0.002743522287465966,10000,0.9983001699830018
jupilerproleague,2016,phase_preserving,16,0.15982142857142856,0.21602842985908363,0.046698034762111235,0.13605342393420658,0.3232501417001843,0.908009199080092,0.002890129641833076,10000,0.9982001799820018
jupilerproleague,2017,global_round,16,0.18124999999999997,0.21669193095498585,0.04006440669136297,0.1427285909429194,0.29977303446243503,0.8096190380961904,0.003926016444799866,10000,0.9983001699830018
jupilerproleague,2017,phase_preserving,16,0.18124999999999997,0.21604749371321777,0.04026678587789496,0.14010867189934456,0.2995908054108914,0.8028197180281972,0.003978695997099089,10000,0.9982001799820018
jupilerproleague,2018,global_round,16,0.2022321428571428,0.21615281775648573,0.03883161127606301,0.14351762416349154,0.29584454899080076,0.6251374862513749,0.004840873986530604,10000,0.9983001699830018
jupilerproleague,2018,phase_preserving,16,0.2022321428571428,0.21586488715853247,0.03927723748738995,0.14286080779328109,0.2959000920830541,0.6279372062793721,0.0048335501574870345,10000,0.9982001799820018
jupilerproleague,2022,global_round,18,0.21868191721132896,0.20213153809333353,0.03713191478311288,0.13581491365794396,0.28265039517468427,0.3097690230976902,0.004623982865742399,10000,0.9983001699830018
jupilerproleague,2022,phase_preserving,18,0.21868191721132896,0.20266709836476351,0.03761683608129805,0.1377883931373262,0.2841797474582962,0.31186881311868814,0.004632565774197155,10000,0.9982001799820018
jupilerproleague,2023,global_round,16,0.24330357142857137,0.21635285172860202,0.04139282486627505,0.1424757265584571,0.3042564928312712,0.24387561243875613,0.00429418558164849,10000,0.9983001699830018
jupilerproleague,2023,phase_preserving,16,0.24330357142857137,0.21607422692877554,0.036686222837774986,0.1432782295372003,0.2885393420837417,0.22597740225977403,0.004182243607535294,10000,0.9982001799820018
jupilerproleague,2024,global_round,16,0.19062499999999996,0.21675333637692856,0.04183400195999896,0.14116566968743874,0.3056080874084664,0.7266273372662734,0.004456905316512779,10000,0.9983001699830018
jupilerproleague,2024,phase_preserving,16,0.19062499999999996,0.2165110239229756,0.039663800312673136,0.1436059681606798,0.29775469951804573,0.7330266973302669,0.004423782977626143,10000,0.9982001799820018
laliga,2005,global_round,20,0.21245614035087718,0.19007366206742843,0.021292751196226298,0.14834442355779856,0.2309199836158063,0.14828517148285172,0.003553824410422566,10000,0.9983001699830018
laliga,2005,phase_preserving,20,0.21245614035087718,0.19035669754045703,0.021410788070076174,0.14831670868574034,0.23177951957537463,0.15608439156084392,0.0036293533070221352,10000,0.9982001799820018
laliga,2006,global_round,20,0.16631578947368422,0.19004334927592512,0.03519838381108319,0.13343487973765267,0.2715260605952574,0.734026597340266,0.004418501462456893,10000,0.9983001699830018
laliga,2006,phase_preserving,20,0.16631578947368422,0.19009833646716293,0.03514098376532677,0.13374997551649692,0.27175376210020735,0.7283271672832716,0.004448221045321342,10000,0.9982001799820018
laliga,2007,global_round,20,0.1663157894736842,0.19037758123058335,0.029580186722504016,0.1362014612687557,0.2524154693793635,0.7922207779222078,0.004057179031673851,10000,0.9983001699830018
laliga,2007,phase_preserving,20,0.1663157894736842,0.19040474241322772,0.029491785537683373,0.13616780484071914,0.2533321003785558,0.7898210178982101,0.00407435611581076,10000,0.9982001799820018
laliga,2008,global_round,20,0.23982456140350883,0.1897296501639753,0.04739612958754196,0.11858090688188333,0.3015884463921572,0.1463853614638536,0.003534921320382542,10000,0.9983001699830018
laliga,2008,phase_preserving,20,0.23982456140350883,0.19007790928431065,0.046419737846183445,0.11829740107123586,0.29761385399586726,0.14678532146785322,0.003538917784710917,10000,0.9982001799820018
laliga,2009,global_round,20,0.14789473684210525,0.1901617574535556,0.028194866366871404,0.13875694119183402,0.24923677203946837,0.9437056294370563,0.0023048929347339693,10000,0.9983001699830018
laliga,2009,phase_preserving,20,0.14789473684210525,0.1900102356593432,0.028611836261813853,0.13813035732868603,0.25116585028751864,0.9397060293970603,0.0023803068649203944,10000,0.9982001799820018
laliga,2010,global_round,20,0.2087719298245614,0.19062117573961132,0.0341783404199961,0.12789889035131913,0.26129565674533717,0.29077092290770923,0.004541180389492453,10000,0.9983001699830018
laliga,2010,phase_preserving,20,0.2087719298245614,0.1909581110386272,0.03403684093542568,0.12980833237180464,0.26172468713347685,0.2856714328567143,0.0045173362206759205,10000,0.9982001799820018
laliga,2011,global_round,20,0.1907017543859649,0.19008204355109365,0.030111268133551083,0.13529984492260175,0.25398392111534535,0.47015298470152983,0.00499108360657055,10000,0.9983001699830018
laliga,2011,phase_preserving,20,0.1907017543859649,0.19057457392642746,0.029864436665704104,0.13514662200961303,0.2514934322093419,0.48265173482651735,0.004996989470625994,10000,0.9982001799820018
laliga,2012,global_round,20,0.18070175438596486,0.19063333402169902,0.022424919186777133,0.14828094494659488,0.2359221170811731,0.6634336566343366,0.004725351202599969,10000,0.9983001699830018
laliga,2012,phase_preserving,20,0.18070175438596486,0.19009959917682964,0.022601081429902005,0.1474633251242876,0.23539108345991308,0.6544345565443456,0.004755522765637353,10000,0.9982001799820018
laliga,2013,global_round,20,0.18526315789473682,0.19018801929231763,0.026191292580110628,0.14157902210813267,0.24314524900928572,0.5557444255574443,0.004968828423474396,10000,0.9983001699830018
laliga,2013,phase_preserving,20,0.18526315789473682,0.19037403532046349,0.026650413205927093,0.14094110331073986,0.24485841458774302,0.5586441355864413,0.004965489556542427,10000,0.9982001799820018
laliga,2014,global_round,20,0.12666666666666668,0.18970970277542762,0.03347200592251723,0.12885253461674132,0.2598735637016551,0.9787021297870213,0.0014437545129754505,10000,0.9983001699830018
laliga,2014,phase_preserving,20,0.12666666666666668,0.1900534320865464,0.03302397852496106,0.13133930645148917,0.26006833761217185,0.984001599840016,0.0012546892584343352,10000,0.9982001799820018
laliga,2015,global_round,20,0.1529824561403509,0.19019424243856087,0.024880675340144195,0.14339004416449722,0.24105568269128635,0.9379062093790621,0.00241325820805112,10000,0.9983001699830018
laliga,2015,phase_preserving,20,0.1529824561403509,0.19028766755830784,0.02471847593803397,0.1433862467921215,0.24007336035789456,0.9374062593740626,0.002422308078267301,10000,0.9982001799820018
laliga,2016,global_round,20,0.14807017543859646,0.1898088377835862,0.027153743716540054,0.13859064302185178,0.24447588693823688,0.9437056294370563,0.0023048929347339693,10000,0.9983001699830018
laliga,2016,phase_preserving,20,0.14807017543859646,0.18999325412321286,0.027228237409916336,0.13790871906117613,0.2453335384447282,0.9444055594440556,0.002291368559075907,10000,0.9982001799820018
laliga,2017,global_round,20,0.19473684210526318,0.19003106010007292,0.027755762732276233,0.13626089872954997,0.24447176765416453,0.4303569643035696,0.004951260926056975,10000,0.9983001699830018
laliga,2017,phase_preserving,20,0.19473684210526318,0.189693593375069,0.027463184062380255,0.13688282077691585,0.24451744342165216,0.42415758424157585,0.004942144554461417,10000,0.9982001799820018
laliga,2018,global_round,20,0.1433333333333333,0.19022821084645702,0.03893576329317834,0.12623949074137475,0.2799051489384458,0.9118088191180882,0.0028357273581316967,10000,0.9983001699830018
laliga,2018,phase_preserving,20,0.1433333333333333,0.1897279584943868,0.0384928353282578,0.127433809476867,0.2790877553349046,0.9107089291070893,0.0028516341902794593,10000,0.9982001799820018
laliga,2021,global_round,20,0.16789473684210526,0.1897148198404981,0.032236385652544775,0.1307184565682639,0.2576296801379035,0.7408259174082592,0.00438181329479555,10000,0.9983001699830018
laliga,2021,phase_preserving,20,0.16789473684210526,0.19013771832808743,0.029732395496480886,0.13339019082761205,0.2508625389982547,0.7703229677032297,0.004206251218509405,10000,0.9982001799820018
laliga,2022,global_round,20,0.18859649122807015,0.19000069375744327,0.03242907467308148,0.1302089909177629,0.2569777584010238,0.49905009499050096,0.004999990976796587,10000,0.9983001699830018
laliga,2022,phase_preserving,20,0.18859649122807015,0.18985042474387456,0.03102909648273486,0.1314520435350448,0.25241222223273874,0.5071492850714928,0.004999488851102346,10000,0.9982001799820018
laliga,2023,global_round,20,0.18719298245614036,0.19001413235457576,0.03156770842289677,0.1326852657135377,0.25539539525742205,0.5178482151784821,0.00499681339670537,10000,0.9983001699830018
laliga,2023,phase_preserving,20,0.18719298245614036,0.18961959099380665,0.0341743588793484,0.12838913055392437,0.2622692957997471,0.4988501149885011,0.0049999867776271195,10000,0.9982001799820018
laliga,2024,global_round,20,0.19491228070175443,0.18990729521255498,0.035734082623888816,0.1274986318171833,0.26925820000537537,0.40445955404459555,0.004907871465173496,10000,0.9983001699830018
laliga,2024,phase_preserving,20,0.19491228070175443,0.19018621538564998,0.031197047208423683,0.13137863773098216,0.2540685764716648,0.43225677432256776,0.004953895995828096,10000,0.9982001799820018
laliga2,2007,global_round,22,0.3062573789846517,0.180367576544512,0.03243005738844393,0.1274127019516477,0.2551316546299835,0.0022997700229977,0.00047900741965433287,10000,0.33231676832316764
laliga2,2007,phase_preserving,22,0.3062573789846517,0.18068550723985183,0.03263230208194567,0.12673740821371726,0.2567547982855042,0.0017998200179982,0.00042386090476723766,10000,0.31786821317868214
laliga2,2008,global_round,22,0.2233766233766234,0.18034950737103558,0.03952823812046723,0.11726775502989084,0.27177165693437366,0.13998600139986,0.003469725072854309,10000,0.9983001699830018
laliga2,2008,phase_preserving,22,0.2233766233766234,0.18013231820242467,0.039777462648399736,0.11697276709886487,0.2730965365551527,0.1386861313868613,0.0034561870370078,10000,0.9982001799820018
laliga2,2009,global_round,22,0.12373081463990553,0.1805390698060896,0.03057026118898996,0.12783050331555987,0.24551981514081436,0.9839016098390161,0.0012585401064411355,10000,0.9983001699830018
laliga2,2009,phase_preserving,22,0.12373081463990553,0.18027352905523164,0.030489474713498613,0.12651094707681715,0.24570441456428044,0.9813018698130187,0.0013545667246205333,10000,0.9982001799820018
laliga2,2010,global_round,22,0.19220779220779222,0.17978893174635333,0.03749425231583605,0.11314070188210064,0.2582206445041032,0.35636436356364365,0.004789246328447962,10000,0.9983001699830018
laliga2,2010,phase_preserving,22,0.19220779220779222,0.18042619174151095,0.037612490115647185,0.11452788820110628,0.26008989824751483,0.36406359364063595,0.004811665963323949,10000,0.9982001799820018
laliga2,2011,global_round,22,0.2596221959858323,0.18041684828287435,0.03841800302247201,0.11766506274832862,0.26742879437385775,0.03469653034696531,0.0018301005745271876,10000,0.9983001699830018
laliga2,2011,phase_preserving,22,0.2596221959858323,0.17966700060329316,0.03829265933669323,0.11957490555015872,0.26824667644867095,0.0357964203579642,0.0018578222909503516,10000,0.9982001799820018
laliga2,2012,global_round,22,0.21416765053128686,0.18022655297625476,0.03029497515958967,0.12581882205763925,0.2442200994117625,0.13608639136086392,0.0034288027859187484,10000,0.9983001699830018
laliga2,2012,phase_preserving,22,0.21416765053128686,0.1801846691391278,0.029838891949643936,0.12638501152528714,0.24271561211932777,0.12818718128187181,0.0033429811222452387,10000,0.9982001799820018
laliga2,2013,global_round,22,0.219952774498229,0.1804241602406199,0.023347444765497136,0.13611921216648223,0.22652737103491025,0.04689531046895311,0.0021141461710339144,10000,0.9983001699830018
laliga2,2013,phase_preserving,22,0.219952774498229,0.18026368495563136,0.02351475730871337,0.13562898500518594,0.22643002474762794,0.0471952804719528,0.0021205632735932806,10000,0.9982001799820018
laliga2,2014,global_round,22,0.12219598583234949,0.18032154807720788,0.03142570123966771,0.12208041805015006,0.24341675371235044,0.9747025297470253,0.0015702709400538032,10000,0.9983001699830018
laliga2,2014,phase_preserving,22,0.12219598583234949,0.1806572580478461,0.03161960716268974,0.12160888947044819,0.24416450433116754,0.9734026597340266,0.0016090345476946545,10000,0.9982001799820018
laliga2,2015,global_round,22,0.22195985832349477,0.18025610340473214,0.030603885844687526,0.12261783832097656,0.24250829059694792,0.09169083091690831,0.002885890199620825,10000,0.9983001699830018
laliga2,2015,phase_preserving,22,0.22195985832349477,0.18024509486816023,0.030458674117158316,0.1241492259124475,0.24311733674352087,0.0922907709229077,0.002894359765567561,10000,0.9982001799820018
laliga2,2016,global_round,22,0.12597402597402596,0.18016462904715597,0.01975022061295303,0.1411575881749652,0.21912936849814565,0.9965003499650035,0.0005905423341835092,10000,0.9983001699830018
laliga2,2016,phase_preserving,22,0.12597402597402596,0.1800934657233788,0.019773507667680854,0.14077569328934497,0.21891897838766175,0.9967003299670033,0.0005734790502424685,10000,0.9982001799820018
laliga2,2017,global_round,22,0.17520661157024792,0.1797050433737503,0.026323944037117745,0.13092462384626347,0.236134231492711,0.5445455454454554,0.004980117412079427,10000,0.9983001699830018
laliga2,2017,phase_preserving,22,0.17520661157024792,0.18021271828766058,0.026468840949626222,0.1319994910778192,0.2362175820311607,0.5602439756024398,0.004963573948311969,10000,0.9982001799820018
laliga2,2018,global_round,22,0.18075560802833526,0.18010830344769402,0.02971818324087197,0.12706230416859463,0.24733032500386862,0.46295370462953706,0.004986256832528028,10000,0.9983001699830018
laliga2,2018,phase_preserving,22,0.18075560802833526,0.18034552434128975,0.02973121010651023,0.12777389511299844,0.24583604164049988,0.46185381461853814,0.004985427449485582,10000,0.9982001799820018
laliga2,2021,global_round,22,0.1414403778040141,0.17970027783839027,0.028407446519831184,0.12784662366488644,0.23776194311436558,0.9171082891710829,0.002757184707355898,10000,0.9983001699830018
laliga2,2021,phase_preserving,22,0.1414403778040141,0.18032456666440136,0.028238556275137397,0.1271503039811961,0.23551198139444426,0.918008199180082,0.002743522287465966,10000,0.9982001799820018
laliga2,2022,global_round,22,0.19338842975206613,0.1801762444437792,0.028947599073022995,0.1267766127890447,0.23902686036282472,0.3180681931806819,0.004657261187301592,10000,0.9983001699830018
laliga2,2022,phase_preserving,22,0.19338842975206613,0.18027047631637588,0.02836799947909883,0.12829980749027822,0.23916755747768692,0.3150684931506849,0.0046454314952912796,10000,0.9982001799820018
laliga2,2023,global_round,22,0.1852420306965762,0.18016854737902985,0.028271718798383416,0.12688233626614787,0.23744463090992907,0.41675832416758324,0.004930221327735814,10000,0.9983001699830018
laliga2,2023,phase_preserving,22,0.1852420306965762,0.18073115170605453,0.026728003824638705,0.1299528741514412,0.23347161113859013,0.42775722427757223,0.004947534551227702,10000,0.9982001799820018
laliga2,2024,global_round,22,0.18890200708382524,0.18005349709970753,0.027012189250966438,0.12856748451609523,0.23549491338233788,0.3615638436156384,0.0048045335944868215,10000,0.9983001699830018
laliga2,2024,phase_preserving,22,0.18890200708382524,0.17970121385472684,0.02653234438495523,0.12762403610508502,0.23070559958816678,0.36166383361663834,0.004804821589511466,10000,0.9982001799820018
ligaportugal,2004,global_round,18,0.16448801742919394,0.20196966016864562,0.033118845572204195,0.13985754877675552,0.26953888940011284,0.8709129087091291,0.003352963079918019,10000,0.9983001699830018
ligaportugal,2004,phase_preserving,18,0.16448801742919394,0.20131075465474627,0.033161132741445686,0.14050033097013856,0.2691857811328348,0.8627137286271372,0.0034414931507326793,10000,0.9982001799820018
ligaportugal,2005,global_round,18,0.18545751633986932,0.20203499064875097,0.034242026887953594,0.13885072407839402,0.2720600038522586,0.672932706729327,0.00469142066908595,10000,0.9983001699830018
ligaportugal,2005,phase_preserving,18,0.18545751633986932,0.20183541828361107,0.03444539377071299,0.13968220576073115,0.27315169572112497,0.6673332666733327,0.004711683116089529,10000,0.9982001799820018
ligaportugal,2006,global_round,16,0.21428571428571425,0.21558488712643656,0.038080852004666474,0.14409311805618014,0.2919143462353444,0.505949405059494,0.004999646033265135,10000,0.9983001699830018
ligaportugal,2006,phase_preserving,16,0.21428571428571425,0.21673260708133307,0.03795811269772597,0.14568309437879148,0.2917654261296009,0.5121487851214879,0.004998523852299516,10000,0.9982001799820018
ligaportugal,2007,global_round,16,0.15982142857142856,0.21637933612984733,0.03415948342034366,0.15186281969637005,0.2853602330219631,0.9568043195680432,0.002032973527225011,10000,0.9983001699830018
ligaportugal,2007,phase_preserving,16,0.15982142857142856,0.21615230904059635,0.03409747784963813,0.1507932904988772,0.2846578101402105,0.953004699530047,0.00211628783967805,10000,0.9982001799820018
ligaportugal,2008,global_round,16,0.2651785714285714,0.2156456746836604,0.043526041829125096,0.13769837820104983,0.30968267431609225,0.12258774122587741,0.0032796339266298415,10000,0.9983001699830018
ligaportugal,2008,phase_preserving,16,0.2651785714285714,0.21619419986957722,0.043931236498364924,0.1373801706998734,0.3143360007081974,0.1264873512648735,0.0033239780570104554,10000,0.9982001799820018
ligaportugal,2009,global_round,16,0.22991071428571425,0.2160531947407646,0.043677371979639855,0.13615571017931555,0.308210782269284,0.35596440355964404,0.004788044976376798,10000,0.9983001699830018
ligaportugal,2009,phase_preserving,16,0.22991071428571425,0.2156761122230084,0.04299721234088378,0.13817339554250077,0.3045812200830329,0.35406459354064596,0.004782288752695127,10000,0.9982001799820018
ligaportugal,2010,global_round,16,0.17857142857142855,0.2168472869290133,0.04213497070674806,0.14134853602751332,0.30725050782532887,0.8195180481951805,0.0038458837330000283,10000,0.9983001699830018
ligaportugal,2010,phase_preserving,16,0.17857142857142855,0.2165103352885788,0.04186194129623805,0.14132098462286236,0.30717572329607423,0.8171182881711829,0.003865695167849873,10000,0.9982001799820018
ligaportugal,2011,global_round,16,0.18526785714285712,0.21645968309479394,0.0441941065293876,0.1386941589174728,0.31208546274845256,0.7481251874812519,0.004340897272884877,10000,0.9983001699830018
ligaportugal,2011,phase_preserving,16,0.18526785714285712,0.21643689913412803,0.04420836657645207,0.1401715800456605,0.3115590304988094,0.7454254574542546,0.004356217910451334,10000,0.9982001799820018
ligaportugal,2012,global_round,16,0.22053571428571428,0.2165820015341619,0.04219739993983632,0.138147974360722,0.30176665522156493,0.44785521447855214,0.004972734874723588,10000,0.9983001699830018
ligaportugal,2012,phase_preserving,16,0.22053571428571428,0.2161422599277623,0.04167035320184177,0.1389561106212717,0.300281943015417,0.44845515448455153,0.004973360321762224,10000,0.9982001799820018
ligaportugal,2013,global_round,16,0.14107142857142857,0.21587270053279572,0.045898244616502826,0.13249929648504022,0.3146003676923698,0.9604039596040396,0.0019500818952270158,10000,0.9983001699830018
ligaportugal,2013,phase_preserving,16,0.14107142857142857,0.21642073201010986,0.046764664884050344,0.13280378683716967,0.317905658116679,0.960903909609039,0.001938235953311742,10000,0.9982001799820018
ligaportugal,2014,global_round,18,0.21977124183006536,0.20213158640064022,0.034399681119694964,0.13932277901127715,0.2740883886709891,0.29217078292170784,0.004547603946350475,10000,0.9983001699830018
ligaportugal,2014,phase_preserving,18,0.21977124183006536,0.2019098547536567,0.034442732345721414,0.13977014007282118,0.27546537949201205,0.28317168283171684,0.004505391002720746,10000,0.9982001799820018
ligaportugal,2015,global_round,18,0.11764705882352941,0.20182767885614994,0.03832198470136176,0.13149186612879377,0.28086098442865826,0.9926007399260074,0.0008570012266239779,10000,0.9983001699830018
ligaportugal,2015,phase_preserving,18,0.11764705882352941,0.2021035450126276,0.03819100659663777,0.13259010974989527,0.28154648908724983,0.9936006399360064,0.000797396278820319,10000,0.9982001799820018
ligaportugal,2016,global_round,18,0.20942265795206977,0.2017422936718313,0.03323420879170575,0.1387428834249258,0.27071051388827555,0.3975602439756024,0.004893936006791076,10000,0.9983001699830018
ligaportugal,2016,phase_preserving,18,0.20942265795206977,0.20187103067210732,0.03353748369002831,0.13962459240930997,0.27088981190085526,0.396960303969603,0.00489267637435753,10000,0.9982001799820018
ligaportugal,2017,global_round,18,0.1778322440087146,0.20241551357798257,0.03607873126803251,0.13563337675104173,0.2767857498915841,0.7446255374462554,0.00436071492337129,10000,0.9983001699830018
ligaportugal,2017,phase_preserving,18,0.1778322440087146,0.20175496150441372,0.03607735568457829,0.13584418812381857,0.27634201701353434,0.7311268873112688,0.004433738399610469,10000,0.9982001799820018
ligaportugal,2023,global_round,18,0.19389978213507625,0.20125551850827447,0.04438760088300485,0.12820500481811142,0.3013903527896162,0.5247475252474753,0.004993871844512288,10000,0.9983001699830018
ligaportugal,2023,phase_preserving,18,0.19389978213507625,0.20115899986669192,0.04462833632629569,0.127664151249598,0.30400062273496864,0.5186481351864813,0.004996521260377731,10000,0.9982001799820018
ligaportugal2,2018,global_round,18,0.2603485838779956,0.20193712140652534,0.04279574581310686,0.12883615927726763,0.2956690491475609,0.09759024097590241,0.0029675981170328254,10000,0.9983001699830018
ligaportugal2,2018,phase_preserving,18,0.2603485838779956,0.20139530390314758,0.04268729434495359,0.12849201573803545,0.29524431543187857,0.09659034096590341,0.00295399131681178,10000,0.9982001799820018
ligaportugal2,2021,global_round,18,0.14869281045751637,0.20216978809419503,0.033285578923987126,0.1397658800445919,0.2687947364895684,0.9487051294870513,0.0022059851942388123,10000,0.9983001699830018
ligaportugal2,2021,phase_preserving,18,0.14869281045751637,0.2021018508516609,0.0337059198509575,0.13789906871173002,0.2699764327023983,0.9471052894710529,0.002238232787870958,10000,0.9982001799820018
ligaportugal2,2022,global_round,18,0.20996732026143794,0.20205970486979272,0.03283136853228546,0.14200071053030913,0.2702494174203508,0.39276072392760725,0.004883643493002628,10000,0.9983001699830018
ligaportugal2,2022,phase_preserving,18,0.20996732026143794,0.20178235556611485,0.03334745454695872,0.1404826677250215,0.271120189951113,0.38706129387061294,0.0048707786714017294,10000,0.9982001799820018
ligaportugal2,2024,global_round,18,0.19471677559912853,0.20151926983402846,0.03516415896117875,0.13587113547130367,0.27456763090902203,0.5652434756524347,0.0049572501337413885,10000,0.9983001699830018
ligaportugal2,2024,phase_preserving,18,0.19471677559912853,0.2018614668550762,0.03503723214214141,0.137181439704591,0.2738501230494653,0.5676432356764324,0.004954032626731708,10000,0.9982001799820018
ligue1,2004,global_round,20,0.21526315789473682,0.19001685564508183,0.02924611568527021,0.13501599843790196,0.24844700961587945,0.19238076192380762,0.003941705270126407,10000,0.9983001699830018
ligue1,2004,phase_preserving,20,0.21526315789473682,0.19039069034129052,0.029240174979236037,0.13560161965929104,0.24864378140140833,0.19688031196880312,0.003976411129748405,10000,0.9982001799820018
ligue1,2005,global_round,20,0.21157894736842103,0.1898507966573848,0.028721080242538694,0.13484713102208432,0.24688726782907983,0.2278772122787721,0.004194629762003168,10000,0.9983001699830018
ligue1,2005,phase_preserving,20,0.21157894736842103,0.1897897617906384,0.028980804246121778,0.13497949530715256,0.24822367549234098,0.22647735226477353,0.00418551503612054,10000,0.9982001799820018
ligue1,2006,global_round,20,0.14385964912280702,0.18976211944539276,0.034049273513140556,0.13060228503012541,0.26453643590416026,0.9252074792520748,0.0026305626696221545,10000,0.9983001699830018
ligue1,2006,phase_preserving,20,0.14385964912280702,0.18997234148870804,0.033305705532156456,0.13087754779754365,0.26186903375892934,0.9321067893210679,0.0025156256204498756,10000,0.9982001799820018
ligue1,2007,global_round,20,0.1657894736842105,0.19001595481507938,0.03234468838626331,0.13121622273316727,0.257152290430117,0.7612238776122388,0.004263356491840978,10000,0.9983001699830018
ligue1,2007,phase_preserving,20,0.1657894736842105,0.18968640695560154,0.03212052646024822,0.13079426681630704,0.257229421914148,0.7645235476452354,0.004242962322967043,10000,0.9982001799820018
ligue1,2008,global_round,20,0.12473684210526315,0.1898990273700118,0.03408233999070974,0.12679712160072706,0.2604311948768841,0.9787021297870213,0.0014437545129754505,10000,0.9983001699830018
ligue1,2008,phase_preserving,20,0.12473684210526315,0.1899902344126474,0.03424470008472956,0.12672266041962807,0.26037891335943236,0.9789021097890211,0.001437107137259583,10000,0.9982001799820018
ligue1,2009,global_round,20,0.1743859649122807,0.18985721883259507,0.033030277792004285,0.12857458070481703,0.2592526740128839,0.659034096590341,0.004740339187460051,10000,0.9983001699830018
ligue1,2009,phase_preserving,20,0.1743859649122807,0.19049165831644826,0.03334306170599905,0.12978864443570307,0.25989814129620387,0.6721327867213278,0.004694361551218119,10000,0.9982001799820018
ligue1,2010,global_round,20,0.13824561403508773,0.19022843719494173,0.03127002445463553,0.13121579532733868,0.25276672164578,0.9531046895310469,0.002114146171033915,10000,0.9983001699830018
ligue1,2010,phase_preserving,20,0.13824561403508773,0.19022488102044305,0.03157504733041484,0.13032449962666537,0.2531280252063367,0.9551044895510449,0.0020707463289954876,10000,0.9982001799820018
ligue1,2011,global_round,20,0.17508771929824563,0.18976591729750703,0.030380030870234588,0.1324385962367316,0.2504142450271609,0.678032196780322,0.004672307105805147,10000,0.9983001699830018
ligue1,2011,phase_preserving,20,0.17508771929824563,0.19021369131697224,0.030839513600722523,0.13178286108318807,0.25213121137942396,0.6794320567943206,0.004666949078301152,10000,0.9982001799820018
ligue1,2012,global_round,20,0.1743859649122807,0.19049692663115325,0.03383324162845873,0.12785310246690265,0.25835344714873315,0.6774322567743226,0.004674588690526374,10000,0.9983001699830018
ligue1,2012,phase_preserving,20,0.1743859649122807,0.19006896527214298,0.03393069253142441,0.1268044497735822,0.2592262330990313,0.6686331366863314,0.0047070464753529795,10000,0.9982001799820018
ligue1,2013,global_round,20,0.18877192982456142,0.18982527237881852,0.02977603027017776,0.1330094303720494,0.24823170965012656,0.5072492750724927,0.004999474452489215,10000,0.9983001699830018
ligue1,2013,phase_preserving,20,0.18877192982456142,0.19051588685259013,0.029676314435601613,0.1341137035205028,0.24904244285314617,0.515948405159484,0.0049974558364518735,10000,0.9982001799820018
ligue1,2014,global_round,20,0.15,0.18977061726137007,0.03474495688899987,0.12599950791853148,0.2606812308455962,0.8728127187281272,0.0033318264773925777,10000,0.9983001699830018
ligue1,2014,phase_preserving,20,0.15,0.19019476711690086,0.03410185523962336,0.12661754320221755,0.2586505635168479,0.88001199880012,0.0032494750463411405,10000,0.9982001799820018
ligue1,2015,global_round,20,0.21035087719298246,0.18990014251946072,0.03178770647180727,0.1306107339158972,0.2553343991335006,0.2535746425357464,0.004350569424783552,10000,0.9983001699830018
ligue1,2015,phase_preserving,20,0.21035087719298246,0.19032984372899245,0.031898783855201444,0.13299423953588832,0.2594213621942045,0.24807519248075194,0.004318956949963612,10000,0.9982001799820018
ligue1,2016,global_round,20,0.1580701754385965,0.19038169554085085,0.030481060087432427,0.13293842777719084,0.2522330968155083,0.8547145285471452,0.003523884266510132,10000,0.9983001699830018
ligue1,2016,phase_preserving,20,0.1580701754385965,0.1900609147426722,0.03193749185986869,0.13175974780324856,0.25682133586597,0.8377162283771623,0.0036871092890054715,10000,0.9982001799820018
ligue1,2017,global_round,20,0.15403508771929825,0.19012435116842444,0.0311638931939127,0.13293870712935574,0.25465940046661933,0.8784121587841216,0.0032680917686677764,10000,0.9983001699830018
ligue1,2017,phase_preserving,20,0.15403508771929825,0.1900199301327254,0.030288673923112252,0.13314802281838198,0.25123562472243005,0.8804119588041196,0.0032447918515493843,10000,0.9982001799820018
ligue1,2018,global_round,20,0.20368421052631577,0.18981777484720597,0.03150396067556133,0.13146145108132404,0.2556043399974756,0.3116688331166883,0.00463175314087841,10000,0.9983001699830018
ligue1,2018,phase_preserving,20,0.20368421052631577,0.19068201873442098,0.03132377959259363,0.130904237712978,0.25266811028785413,0.34266573342665735,0.00474600809693608,10000,0.9982001799820018
ligue1,2021,global_round,20,0.16947368421052628,0.18917460964877242,0.031020000465704876,0.1318348166310925,0.25248095916483837,0.732026797320268,0.004429035621050019,10000,0.9983001699830018
ligue1,2021,phase_preserving,20,0.16947368421052628,0.1900804885764475,0.03172869343859139,0.13052605393612512,0.25442538799062486,0.7339266073392661,0.0044190309161482545,10000,0.9982001799820018
ligue1,2022,global_round,20,0.14350877192982456,0.19049004090494204,0.03142558275948908,0.1313850264282492,0.2556742641288828,0.9366063393660634,0.002436696625051339,10000,0.9983001699830018
ligue1,2022,phase_preserving,20,0.14350877192982456,0.19048854988574257,0.03320589524276794,0.12903694834525034,0.25972068295085105,0.9285071492850715,0.002576463137938935,10000,0.9982001799820018
ligue1,2023,global_round,18,0.20234204793028324,0.20179903331621507,0.03381895611517236,0.13783194378572938,0.26958401334700516,0.48175182481751827,0.004996668931423308,10000,0.9983001699830018
ligue1,2023,phase_preserving,18,0.20234204793028324,0.2018866496782592,0.03492347200930084,0.13529747923285873,0.27108447958112086,0.4861513848615138,0.004998081790634745,10000,0.9982001799820018
ligue1,2024,global_round,18,0.19553376906318085,0.20221499692076012,0.03520272658609269,0.13558547734695606,0.2733077843261787,0.5643435656434357,0.0049584262176651265,10000,0.9983001699830018
ligue1,2024,phase_preserving,18,0.19553376906318085,0.2022462692525342,0.03762684093781367,0.1325392137936218,0.2804207407227243,0.5554444555544445,0.004969164037826395,10000,0.9982001799820018
ligue2,2004,global_round,20,0.16315789473684209,0.19028698679825903,0.027266313885745377,0.13752246738011573,0.24476845418216642,0.8439156084391561,0.0036293533070221344,10000,0.9983001699830018
ligue2,2004,phase_preserving,20,0.16315789473684209,0.18983628537783612,0.02746951377968078,0.1363868115007967,0.24386313742580698,0.8333166683331666,0.003726929012085926,10000,0.9982001799820018
ligue2,2005,global_round,20,0.22798245614035087,0.19048617849002922,0.030833150341170647,0.13354849114599074,0.25521303401424744,0.11348865113488651,0.00317189182032538,10000,0.9983001699830018
ligue2,2005,phase_preserving,20,0.22798245614035087,0.191988506102484,0.03191374237730558,0.1340665765639491,0.2580586262553533,0.137986201379862,0.00344885502172269,10000,0.9982001799820018
ligue2,2007,global_round,20,0.20526315789473687,0.18998349270190876,0.031062700722601904,0.13119457837778925,0.25348643729989845,0.30156984301569845,0.004589395088671114,10000,0.9983001699830018
ligue2,2007,phase_preserving,20,0.20526315789473687,0.19027830418308742,0.03145341071445949,0.13155376381865908,0.25462361910339115,0.30626937306269375,0.0046094299450851655,10000,0.9982001799820018
ligue2,2008,global_round,20,0.2385964912280701,0.18974908047890474,0.027934827653107782,0.1352177557105104,0.24481323183780682,0.0415958404159584,0.0019966378358642943,10000,0.9983001699830018
ligue2,2008,phase_preserving,20,0.2385964912280701,0.18985244788467043,0.028076595838252037,0.13501615485888832,0.2435006399883246,0.04179582041795821,0.0020012228714850326,10000,0.9982001799820018
ligue2,2009,global_round,20,0.11631578947368422,0.18983553240662132,0.0313872877495241,0.13017710654637837,0.25383643868063493,0.9927007299270073,0.0008512338532620871,10000,0.9983001699830018
ligue2,2009,phase_preserving,20,0.11631578947368422,0.19020981784517743,0.03187621358424255,0.12910265467959164,0.2531960864039956,0.9923007699230078,0.0008740681857391782,10000,0.9982001799820018
ligue2,2010,global_round,20,0.17508771929824557,0.18987264061184272,0.031840419140881523,0.13451238459190343,0.25985535639267554,0.6584341565843416,0.004742347710020938,10000,0.9983001699830018
ligue2,2010,phase_preserving,20,0.17508771929824557,0.18966734979989583,0.031682168758860756,0.13391451669362286,0.2587018845970818,0.6591340865913409,0.0047400036127068475,10000,0.9982001799820018
ligue2,2011,global_round,20,0.15526315789473683,0.19081922118609762,0.03209183726080461,0.12959704681993492,0.25633270474412445,0.8687131286871312,0.003377138266842905,10000,0.9983001699830018
ligue2,2011,phase_preserving,20,0.15526315789473683,0.19077204632060235,0.03180239066201023,0.13006180431008796,0.25495838677051613,0.8696130386961304,0.0033672867657182515,10000,0.9982001799820018
ligue2,2012,global_round,20,0.2049122807017544,0.19051467233887046,0.030972765819084012,0.13416495503131232,0.2558772225329338,0.29757024297570245,0.004571894503059797,10000,0.9983001699830018
ligue2,2012,phase_preserving,20,0.2049122807017544,0.19036364870721062,0.030937785300172604,0.13396460476781433,0.25572107507329134,0.3000699930006999,0.004582881105824804,10000,0.9982001799820018
ligue2,2013,global_round,20,0.1782456140350877,0.1900418807021557,0.03183817039652139,0.13201764335299532,0.2563906083665557,0.6302369763023697,0.004827404375061364,10000,0.9983001699830018
ligue2,2013,phase_preserving,20,0.1782456140350877,0.19020998570986963,0.0316869853709715,0.1322684290774102,0.2569309364450879,0.6356364363563644,0.004812512411750705,10000,0.9982001799820018
ligue2,2014,global_round,20,0.2017543859649123,0.19076359674329316,0.031719337345967394,0.13288741044288743,0.25685299461590133,0.35106489351064896,0.00477303188817135,10000,0.9983001699830018
ligue2,2014,phase_preserving,20,0.2017543859649123,0.1896164405692998,0.031645448583146246,0.13106262751015982,0.2549384390621331,0.33626637336266374,0.004724312643212612,10000,0.9982001799820018
ligue2,2015,global_round,20,0.1917543859649123,0.18987056053251591,0.03283580284630791,0.12891110209481965,0.2567756611598913,0.47035296470352966,0.004991202793897778,10000,0.9983001699830018
ligue2,2015,phase_preserving,20,0.1917543859649123,0.19027597231625093,0.03303672076180564,0.12855927927331476,0.25746580815788567,0.47005299470052997,0.004991023711360161,10000,0.9982001799820018
ligue2,2022,global_round,20,0.18070175438596492,0.19011666564915428,0.031342265735136945,0.1311469082926828,0.2542947764277106,0.6078392160783922,0.004882322228976677,10000,0.9983001699830018
ligue2,2022,phase_preserving,20,0.18070175438596492,0.19036181689193918,0.031087624420375062,0.13188603228915133,0.2541640136925241,0.6109389061093891,0.004875372386918277,10000,0.9982001799820018
premierleague,2004,global_round,20,0.20631578947368423,0.1894452903882288,0.03547049021795605,0.12622737867149839,0.26422105006547447,0.3050694930506949,0.004604368550197593,10000,0.9983001699830018
premierleague,2004,phase_preserving,20,0.20631578947368423,0.19051700739198776,0.03537786171543923,0.12636342628383668,0.26262809196054626,0.31956804319568044,0.004663092417739156,10000,0.9982001799820018
premierleague,2005,global_round,20,0.1570175438596491,0.18989661843528063,0.03505799770958092,0.1267480486200732,0.2629979913385971,0.8238176182381762,0.003809752618196551,10000,0.9983001699830018
premierleague,2005,phase_preserving,20,0.1570175438596491,0.18355171145441568,0.03236471670220914,0.12553259455702917,0.25334512690995986,0.7925207479252074,0.004055016794456926,10000,0.9982001799820018
premierleague,2006,global_round,20,0.145,0.19026002222146832,0.031714394153313084,0.13055111424462804,0.2545599879472849,0.9254074592540746,0.0026273274179476154,10000,0.9983001699830018
premierleague,2006,phase_preserving,20,0.145,0.19049996323880586,0.031228239462651252,0.13109030595855634,0.25349683214325675,0.93000699930007,0.0025513522013424486,10000,0.9982001799820018
premierleague,2007,global_round,20,0.14736842105263157,0.19024664991679718,0.033296741992568525,0.12784473685255915,0.2592999613061246,0.9084091590840916,0.0028844749743449877,10000,0.9983001699830018
premierleague,2007,phase_preserving,20,0.14736842105263157,0.20933341979625708,0.031556284181970526,0.14660041509335547,0.2719039037927181,0.9738026197380262,0.001597218755505437,10000,0.9982001799820018
premierleague,2008,global_round,20,0.19649122807017544,0.19058953940477344,0.03294945192977271,0.13029066296897104,0.2590555696494952,0.41425857414258577,0.004925935524262752,10000,0.9983001699830018
premierleague,2008,phase_preserving,20,0.19649122807017544,0.18662934296536024,0.031751527493791724,0.1285880402162046,0.25231349644586454,0.3685631436856314,0.004824151249724619,10000,0.9982001799820018
premierleague,2009,global_round,20,0.14192982456140352,0.19036325897258188,0.0319785984327366,0.12958630799138351,0.25407590080779796,0.9386061393860614,0.002400513580316822,10000,0.9983001699830018
premierleague,2009,phase_preserving,20,0.14192982456140352,0.1900237977861272,0.03175963934132512,0.1305305975361788,0.2542195038643299,0.9407059294070593,0.0023617426571381573,10000,0.9982001799820018
premierleague,2010,global_round,20,0.1582456140350877,0.1904241084199284,0.03256870690772557,0.12899548340377126,0.2561492103271199,0.8328167183281672,0.0037313942702597034,10000,0.9983001699830018
premierleague,2010,phase_preserving,20,0.1582456140350877,0.19067387441208447,0.03202777955459894,0.13032712905320973,0.25537953090348847,0.8409159084091591,0.0036575448513115716,10000,0.9982001799820018
premierleague,2011,global_round,20,0.18666666666666665,0.19049151584650448,0.030283624312775734,0.13256068015667705,0.2502081161586726,0.5438456154384561,0.0049807385196055315,10000,0.9983001699830018
premierleague,2011,phase_preserving,20,0.18666666666666665,0.1904106050666436,0.030569054628165494,0.13229203058454303,0.25079180371255444,0.5428457154284572,0.004981608622417298,10000,0.9982001799820018
premierleague,2012,global_round,20,0.13842105263157892,0.19040652387145354,0.03256511280686623,0.12925278134024218,0.25567699532992494,0.9467053294670533,0.00224620454602272,10000,0.9983001699830018
premierleague,2012,phase_preserving,20,0.13842105263157892,0.18927037506486527,0.03142257595401008,0.1301809592522077,0.2521514993211973,0.9505049495050495,0.0021689926341841924,10000,0.9982001799820018
premierleague,2013,global_round,20,0.16122807017543858,0.18965634872327514,0.032487471091547634,0.12938064659992318,0.25610502376816774,0.8012198780121987,0.0039908217836720815,10000,0.9983001699830018
premierleague,2013,phase_preserving,20,0.16122807017543858,0.190056561970305,0.03208779356391212,0.13082002007009444,0.2553309074548006,0.8077192280771923,0.003940924722340899,10000,0.9982001799820018
premierleague,2014,global_round,20,0.1754385964912281,0.18992570874906584,0.031362285397360065,0.13241754084531818,0.2541718057601939,0.6673332666733327,0.004711683116089529,10000,0.9983001699830018
premierleague,2014,phase_preserving,20,0.1754385964912281,0.19023431195956556,0.030886575942660633,0.1329126122207178,0.2543766805362859,0.6747325267473253,0.004684746995265542,10000,0.9982001799820018
premierleague,2015,global_round,20,0.2345614035087719,0.19039989956131698,0.030911762359741902,0.13334282664243688,0.25406970418307817,0.0811918808119188,0.002731295650458624,10000,0.9983001699830018
premierleague,2015,phase_preserving,20,0.2345614035087719,0.18955278579182408,0.03056435558304856,0.1327357806352242,0.25152030276224707,0.07929207079292071,0.002701940752538648,10000,0.9982001799820018
premierleague,2016,global_round,20,0.13403508771929826,0.1900595948283517,0.029732348107998584,0.13459398194311864,0.25037517565801504,0.976002399760024,0.0015304154802764606,10000,0.9983001699830018
premierleague,2016,phase_preserving,20,0.13403508771929826,0.19024110092400778,0.029934017315165436,0.1349228810227676,0.2505683401223142,0.9775022497750225,0.0014829565556614256,10000,0.9982001799820018
premierleague,2017,global_round,20,0.19543859649122805,0.1902408956169619,0.0326540498599058,0.13041016253471455,0.25921714750293434,0.42595740425957407,0.004944873042010481,10000,0.9983001699830018
premierleague,2017,phase_preserving,20,0.19543859649122805,0.19164970004714715,0.034667326520888005,0.12886504948662916,0.2656373233264765,0.43475652434756523,0.0049572501337413885,10000,0.9982001799820018
premierleague,2018,global_round,20,0.17403508771929824,0.19004422377590144,0.03096563353668393,0.13207670748341152,0.2547072524904388,0.6884311568843116,0.004631346446933548,10000,0.9983001699830018
premierleague,2018,phase_preserving,20,0.17403508771929824,0.1898395934888338,0.030555821893372477,0.13327208607349383,0.2516546217667353,0.6881311868813119,0.004632565774197155,10000,0.9982001799820018
premierleague,2021,global_round,20,0.20719298245614035,0.1903380894852602,0.03127824060245989,0.13256526096686044,0.25498664874685445,0.2880711928807119,0.004528644175832272,10000,0.9983001699830018
premierleague,2021,phase_preserving,20,0.20719298245614035,0.18905908533204926,0.03009699524703132,0.13180502414542677,0.2500638806732268,0.26587341265873415,0.004417971719012387,10000,0.9982001799820018
premierleague,2022,global_round,20,0.23789473684210524,0.19017617352608748,0.0318059742558597,0.1313802573276402,0.25508177155916206,0.0724927507249275,0.002593020474606034,10000,0.9983001699830018
premierleague,2022,phase_preserving,20,0.23789473684210524,0.19009365456202573,0.030760083555777824,0.13277215956384533,0.2537885661951324,0.06679332066793321,0.0024966371979541573,10000,0.9982001799820018
premierleague,2023,global_round,20,0.15473684210526314,0.19016341271971723,0.030920868862591617,0.13318826858789543,0.2550152385863092,0.8735126487351265,0.003323978057010456,10000,0.9983001699830018
premierleague,2023,phase_preserving,20,0.15473684210526314,0.190083141595396,0.0313911202223889,0.13244678524299022,0.25519776725834975,0.8731126887311269,0.0033284669370121315,10000,0.9982001799820018
premierleague,2024,global_round,20,0.19298245614035087,0.18978466612814474,0.03273204443109929,0.1310539405664311,0.25972138800464134,0.44065593440655937,0.00496465791247334,10000,0.9983001699830018
premierleague,2024,phase_preserving,20,0.19298245614035087,0.190201906700584,0.03306946153267889,0.1292999374345838,0.26063730858507117,0.44925507449255075,0.00497418287294751,10000,0.9982001799820018
saudiproleague,2014,global_round,14,0.3414442700156986,0.23284028939135368,0.04999565682362155,0.14113980616120778,0.3313625784436747,0.013498650134986502,0.0011539686555327112,10000,0.8332000133320002
saudiproleague,2014,phase_preserving,14,0.3414442700156986,0.23350305269093288,0.04927690729295945,0.14220699492580233,0.3304924993042365,0.013798620137986202,0.0011665426790423814,10000,0.8861780488617805
saudiproleague,2015,global_round,14,0.21664050235478807,0.2337487699038298,0.04057034529956241,0.15701807809268803,0.31588402458293724,0.6595340465953404,0.00473865896617298,10000,0.9983001699830018
saudiproleague,2015,phase_preserving,14,0.21664050235478807,0.2344918560268643,0.04113399218270335,0.1573402171853677,0.3202717998519887,0.658934106589341,0.004740674527560904,10000,0.9982001799820018
saudiproleague,2016,global_round,14,0.24568288854003134,0.23382837263396458,0.0440364478479062,0.14969465823736736,0.3214372163127786,0.38676132386761325,0.0048700821577031365,10000,0.9983001699830018
saudiproleague,2016,phase_preserving,14,0.24568288854003134,0.23430977601044,0.0440539797348888,0.15046229961114854,0.3227884869129315,0.39416058394160586,0.004886696409727313,10000,0.9982001799820018
saudiproleague,2017,global_round,14,0.22370486656200944,0.23412861032134974,0.05087342468730591,0.14448272280499214,0.34684883957839513,0.5507449255074492,0.00497418287294751,10000,0.9983001699830018
saudiproleague,2017,phase_preserving,14,0.22370486656200944,0.23446405169086584,0.050353490730011184,0.14690266001050534,0.3462806044738242,0.5543445655434457,0.004970378941246775,10000,0.9982001799820018
saudiproleague,2018,global_round,16,0.24732142857142853,0.21676668382582484,0.03730389361096783,0.14562340688284428,0.29080233290547874,0.20687931206879312,0.004050682193245183,10000,0.9983001699830018
saudiproleague,2018,phase_preserving,16,0.24732142857142853,0.21619345402859186,0.037169858771313645,0.1467719028301502,0.2916263357067789,0.20037996200379962,0.004002846897286423,10000,0.9982001799820018
saudiproleague,2023,global_round,18,0.18055555555555555,0.2020015717006333,0.03388304061417002,0.13740292947922875,0.2692033290495235,0.7256274372562743,0.004461975566463425,10000,0.9983001699830018
saudiproleague,2023,phase_preserving,18,0.18055555555555555,0.2015092277539805,0.033762597799543485,0.1374329067491766,0.26889986452944514,0.7234276572342766,0.0044730312091779845,10000,0.9982001799820018
saudiproleague,2024,global_round,18,0.1328976034858388,0.2017694307784871,0.03376777938951123,0.13810068907237386,0.2712585608485739,0.9844015598440156,0.0012391581344075747,10000,0.9983001699830018
saudiproleague,2024,phase_preserving,18,0.1328976034858388,0.20137297710176705,0.03327237991250611,0.13752172826664766,0.2679038848583624,0.9828017198280172,0.0013000961245657474,10000,0.9982001799820018
seriea,2004,global_round,20,0.1792982456140351,0.19017812068150328,0.031380756808926304,0.1299725695708134,0.25357955777617563,0.6232376762323768,0.004845745300331455,10000,0.9983001699830018
seriea,2004,phase_preserving,20,0.1792982456140351,0.1903803050625527,0.031325162395228846,0.13173112372157567,0.25380456265863616,0.6247375262473752,0.004841906128227657,10000,0.9982001799820018
seriea,2005,global_round,20,0.1529824561403509,0.190083648444265,0.030523350146714638,0.13259643271858232,0.2519608475247471,0.8857114288571143,0.003181614270288013,10000,0.9983001699830018
seriea,2005,phase_preserving,20,0.1529824561403509,0.19006837005135793,0.03035329631681924,0.13219570102114184,0.25065095644089463,0.8904109589041096,0.003123768287942844,10000,0.9982001799820018
seriea,2006,global_round,20,0.17824561403508776,0.18966650975896862,0.03087682559052581,0.13364669588792694,0.25465779979785813,0.6282371762823717,0.004832755183320628,10000,0.9983001699830018
seriea,2006,phase_preserving,20,0.17824561403508776,0.19022444175149403,0.030985542217122592,0.13222901717556299,0.2537448848016635,0.6377362263773623,0.004806544829119188,10000,0.9982001799820018
seriea,2007,global_round,20,0.19666666666666668,0.19070152353435169,0.031093039657791543,0.13205379552950008,0.2550366802995425,0.40975902409759024,0.0049178914818058025,10000,0.9983001699830018
seriea,2007,phase_preserving,20,0.19666666666666668,0.18965680470930002,0.030862410253708325,0.1322848607382526,0.25329404463754346,0.3915608439156084,0.004880993233223182,10000,0.9982001799820018
seriea,2008,global_round,20,0.2266666666666667,0.18970033198664213,0.02981648974096643,0.1328998039831753,0.24897422176327377,0.11158884111588842,0.003148599238618682,10000,0.9983001699830018
seriea,2008,phase_preserving,20,0.2266666666666667,0.19048584643496128,0.029207763738783026,0.13502013239782157,0.2482306268822258,0.10978902109789021,0.003126266014661216,10000,0.9982001799820018
seriea,2009,global_round,20,0.203859649122807,0.19018430210071718,0.03544595767401437,0.12808962506885768,0.26623163747346185,0.32636736326367366,0.00468883468955764,10000,0.9983001699830018
seriea,2009,phase_preserving,20,0.203859649122807,0.19064451554464817,0.03507231964751629,0.12859980047329342,0.26639897581035527,0.32736726327367266,0.004692525313840923,10000,0.9982001799820018
seriea,2010,global_round,20,0.16385964912280698,0.189843494805831,0.03213348087774365,0.13039628254619093,0.25578903878362075,0.783921607839216,0.0041156836686265675,10000,0.9983001699830018
seriea,2010,phase_preserving,20,0.16385964912280698,0.1900122913932606,0.032606441967305555,0.13040248999953363,0.25863988834527174,0.7844215578442156,0.0041122302639014455,10000,0.9982001799820018
seriea,2011,global_round,20,0.13824561403508767,0.1903950656894267,0.02995247187698484,0.13353522095803758,0.251428636516608,0.9648035196480352,0.001842761192417469,10000,0.9983001699830018
seriea,2011,phase_preserving,20,0.13824561403508767,0.19017455967326868,0.029455649448720575,0.13438970711436293,0.24898330860995221,0.964003599640036,0.0018628113034091557,10000,0.9982001799820018
seriea,2012,global_round,20,0.24912280701754383,0.19026374343503885,0.030483926139645328,0.13173116223851697,0.2516702424849541,0.029397060293970604,0.0016891676394024146,10000,0.9983001699830018
seriea,2012,phase_preserving,20,0.24912280701754383,0.18918703664294867,0.030307579430050465,0.13165595633756183,0.2507054388219927,0.028097190280971903,0.001652505315552321,10000,0.9982001799820018
seriea,2013,global_round,20,0.14807017543859646,0.19029709670153266,0.030144639394098238,0.13290559174420533,0.2505763978040474,0.9247075292470753,0.0026386268133414517,10000,0.9983001699830018
seriea,2013,phase_preserving,20,0.14807017543859646,0.1900591876025753,0.02975366274194122,0.13305794167447713,0.2485208981673049,0.9234076592340766,0.0026594351675105756,10000,0.9982001799820018
seriea,2014,global_round,20,0.1456140350877193,0.18989650064068037,0.03196232321402304,0.1298096905966055,0.25471071302624576,0.9167083291670833,0.0027632258033461134,10000,0.9983001699830018
seriea,2014,phase_preserving,20,0.1456140350877193,0.19005999256836054,0.03197631782401255,0.1292415676688801,0.25432471237632454,0.9189081091890811,0.0027297618221308055,10000,0.9982001799820018
seriea,2015,global_round,20,0.14736842105263157,0.1897727536450149,0.029950352003444355,0.13174834555488613,0.2484419061279342,0.9211078892110789,0.002695702981490908,10000,0.9983001699830018
seriea,2015,phase_preserving,20,0.14736842105263157,0.18995817397271753,0.029852241744757885,0.13219980094428893,0.250051763212965,0.9205079492050795,0.0027050520264005696,10000,0.9982001799820018
seriea,2016,global_round,20,0.19912280701754387,0.18943894872779685,0.03175822117859122,0.130345646398353,0.254924478949411,0.3701629837016298,0.004828481637106397,10000,0.9983001699830018
seriea,2016,phase_preserving,20,0.19912280701754387,0.18963241680340612,0.03174413844905889,0.1300967157672536,0.2535637875119452,0.37546245375462456,0.004842420877775712,10000,0.9982001799820018
seriea,2017,global_round,20,0.13561403508771933,0.19038478368901296,0.0354327198773736,0.12589068778792495,0.2661082345963103,0.9502049795020497,0.002175212091534041,10000,0.9983001699830018
seriea,2017,phase_preserving,20,0.13561403508771933,0.19029535770906722,0.035411925308453815,0.12647875892768715,0.265328574835558,0.9496050394960504,0.002187585620261639,10000,0.9982001799820018
seriea,2018,global_round,20,0.1643859649122807,0.1900822813299097,0.029670990838975814,0.13354093049629678,0.25006264895717595,0.804019598040196,0.003969535035838299,10000,0.9983001699830018
seriea,2018,phase_preserving,20,0.1643859649122807,0.1898753145381736,0.029500005520447806,0.13391518654407245,0.25041381104602206,0.8056194380561944,0.003957230838379484,10000,0.9982001799820018
seriea,2021,global_round,20,0.1405263157894737,0.190036877087356,0.032129750409522546,0.13042515801164142,0.2566546413684973,0.9453054694530547,0.0022738302239875903,10000,0.9983001699830018
seriea,2021,phase_preserving,20,0.1405263157894737,0.1895146721724987,0.034396872321270096,0.12531873221346831,0.2602198963888169,0.9287071292870713,0.0025731342230524683,10000,0.9982001799820018
seriea,2022,global_round,20,0.1626315789473684,0.18940478969161828,0.035301373824614304,0.12817753777380753,0.2666772601092608,0.7704229577042295,0.004205608445237104,10000,0.9983001699830018
seriea,2022,phase_preserving,20,0.1626315789473684,0.190205014404554,0.03887044766177452,0.12411192080470929,0.27753284624113533,0.7513248675132487,0.004322450820650803,10000,0.9982001799820018
seriea,2023,global_round,20,0.18964912280701754,0.189340794219255,0.031918071032307184,0.1311364922982828,0.25472146202936524,0.4821517848215178,0.00499681339670537,10000,0.9983001699830018
seriea,2023,phase_preserving,20,0.18964912280701754,0.19101485063028945,0.03173527707313498,0.13283199700564546,0.2562899452286707,0.5032496750324967,0.00499989439500659,10000,0.9982001799820018
seriea,2024,global_round,20,0.1501754385964912,0.19054002813892237,0.03215148559275276,0.13215362972003977,0.2573435865930833,0.9023097690230977,0.0029689535151056472,10000,0.9983001699830018
seriea,2024,phase_preserving,20,0.1501754385964912,0.1904541341707709,0.0335508584759434,0.12924020898912308,0.26154999274574425,0.8958104189581042,0.003055063211198911,10000,0.9982001799820018
serieb,2004,global_round,22,0.1769775678866588,0.17994376703045148,0.030922206961682863,0.12296904331862973,0.24374262835667837,0.5216478352164784,0.004995311514114412,10000,0.9983001699830018
serieb,2004,phase_preserving,22,0.1769775678866588,0.18027193540376796,0.030876889493806483,0.12407234875430728,0.24242472141784646,0.5328467153284672,0.004989199267338704,10000,0.9982001799820018
serieb,2005,global_round,22,0.18134592680047226,0.18015976749164897,0.02658880392952494,0.13052101890011858,0.23389481980844862,0.47895210478952105,0.004995567896718137,10000,0.9983001699830018
serieb,2005,phase_preserving,22,0.18134592680047226,0.17949854755570566,0.026546383808824302,0.1293063723524692,0.2332966436257863,0.46295370462953706,0.004986256832528028,10000,0.9982001799820018
serieb,2006,global_round,22,0.18559622195985828,0.1803037692615675,0.026915394696386867,0.1289315561609619,0.23459370743799618,0.4156584341565843,0.004928351654164715,10000,0.9983001699830018
serieb,2006,phase_preserving,22,0.18559622195985828,0.1802597766379938,0.027057376027364067,0.12952098134931117,0.23517980341397976,0.41605839416058393,0.00492903445726544,10000,0.9982001799820018
serieb,2007,global_round,22,0.1872491145218418,0.18004771483606355,0.029111384196069012,0.12539056806275758,0.23830274055251838,0.40075992400759924,0.004900524536384065,10000,0.9983001699830018
serieb,2007,phase_preserving,22,0.1872491145218418,0.18012806382860855,0.02936610188989027,0.12421991331136378,0.24045797736150262,0.39076092390760925,0.0048792092008283555,10000,0.9982001799820018
serieb,2008,global_round,22,0.1524203069657615,0.17982607618560764,0.02812605981413636,0.1272596504774122,0.23800422047190287,0.8366163383661633,0.0036971535097282157,10000,0.9983001699830018
serieb,2008,phase_preserving,22,0.1524203069657615,0.18023803456227833,0.027818262101299798,0.12854609423378602,0.23738050780943926,0.8435156484351565,0.0036331391286348225,10000,0.9982001799820018
serieb,2009,global_round,22,0.24415584415584418,0.18027801847864794,0.02776246325420284,0.12844983517739306,0.2381809055742114,0.0156984301569843,0.0012430603142080672,10000,0.8332000133320002
serieb,2009,phase_preserving,22,0.24415584415584418,0.1800359511219576,0.028195927513403177,0.1276559948650428,0.23893182129703686,0.0183981601839816,0.0013438626375424742,10000,0.8861780488617805
serieb,2010,global_round,22,0.17981109799291614,0.1797438164967146,0.03188440754524356,0.12257561360594037,0.24746359623918682,0.4727527247275273,0.004992570339917367,10000,0.9983001699830018
serieb,2010,phase_preserving,22,0.17981109799291614,0.1798864998709601,0.031655091133214096,0.12350860937626808,0.24771955452968974,0.48105189481051897,0.004996408403140484,10000,0.9982001799820018
serieb,2011,global_round,22,0.1292798110979929,0.1805330336628716,0.030733980740551767,0.12528532488428396,0.24549406911278082,0.9612038796120388,0.001931087295561856,10000,0.9983001699830018
serieb,2011,phase_preserving,22,0.1292798110979929,0.17980309040267564,0.03096524678539849,0.12352448262747616,0.24460916487547607,0.9613038696130387,0.0019286974848336527,10000,0.9982001799820018
serieb,2012,global_round,22,0.18606847697756787,0.18006284205008627,0.0270320539946584,0.12863460436305968,0.23591337487877195,0.401959804019598,0.004902939118244529,10000,0.9983001699830018
serieb,2012,phase_preserving,22,0.18606847697756787,0.17984532222093516,0.02697502438665051,0.12950808421167567,0.2347440240486087,0.39666033396660333,0.004892043677483942,10000,0.9982001799820018
serieb,2013,global_round,22,0.18654073199527746,0.17982988103576608,0.0288368748401354,0.12695077167650598,0.240239743948205,0.3932606739326067,0.004884738644704327,10000,0.9983001699830018
serieb,2013,phase_preserving,22,0.18654073199527746,0.18000382739802334,0.028530207571302205,0.12820914879575535,0.24011564250012882,0.38786121387861217,0.004872626526291766,10000,0.9982001799820018
serieb,2014,global_round,22,0.17225501770956317,0.18044299327037558,0.02917979736556845,0.12774648927852533,0.24284260098062624,0.5882411758824118,0.004921519022404458,10000,0.9983001699830018
serieb,2014,phase_preserving,22,0.17225501770956317,0.18015130246944547,0.029235844653050035,0.12758156745200017,0.24199616351474457,0.583041695830417,0.004930558556123317,10000,0.9982001799820018
serieb,2015,global_round,22,0.14415584415584418,0.1801972847441496,0.03119525160995156,0.12480913336293144,0.24736446448977742,0.8813118688131187,0.0032342117849987334,10000,0.9983001699830018
serieb,2015,phase_preserving,22,0.14415584415584418,0.1802590833690897,0.03118943647396415,0.12510722262644605,0.2468064283930692,0.888011198880112,0.0031535267486358528,10000,0.9982001799820018
serieb,2016,global_round,22,0.1587957497048406,0.17968227112459653,0.027785159703336768,0.12749828266358187,0.23555538179386157,0.769023097690231,0.004214576762963897,10000,0.9983001699830018
serieb,2016,phase_preserving,22,0.1587957497048406,0.18001558681870042,0.027708194292764374,0.12706060332056576,0.23571611848880503,0.7762223777622238,0.0041677475694118435,10000,0.9982001799820018
serieb,2017,global_round,22,0.1811097992916175,0.17994075557919958,0.02849563862256691,0.1253410451336317,0.23693391925612803,0.48085191480851913,0.004996332163032196,10000,0.9983001699830018
serieb,2017,phase_preserving,22,0.1811097992916175,0.1804998478256839,0.02892645885824678,0.125236862486783,0.23871084755325317,0.48475152484751527,0.004997674299166804,10000,0.9982001799820018
serieb,2018,global_round,19,0.1602846124599424,0.19523490644469174,0.034111583907428376,0.13118766523194503,0.26329727149210985,0.8464153584641536,0.003605501344059546,10000,0.9983001699830018
serieb,2018,phase_preserving,19,0.1602846124599424,0.19549904648761054,0.034700592006678854,0.1314104848065556,0.2655586402041564,0.8402159784021598,0.0036640563319886494,10000,0.9982001799820018
serieb,2021,global_round,20,0.14508771929824563,0.1901233671832726,0.03166632574197245,0.13342442042416458,0.2559366756789569,0.9312068793120688,0.002531020095415027,10000,0.9983001699830018
serieb,2021,phase_preserving,20,0.14508771929824563,0.1900695960951011,0.03183527590680854,0.13264683357970436,0.2576683845536726,0.9296070392960704,0.0025580811517085353,10000,0.9982001799820018
serieb,2022,global_round,20,0.15912280701754386,0.1899390376937958,0.032131738166701646,0.13105832572910117,0.25619363798254,0.8282171782821718,0.0037719157450888142,10000,0.9983001699830018
serieb,2022,phase_preserving,20,0.15912280701754386,0.19017980358996175,0.03220470742015387,0.13023828507655327,0.2551874335244363,0.8346165383461653,0.0037152627399045313,10000,0.9982001799820018
serieb,2023,global_round,20,0.2687719298245614,0.18988667229772616,0.030336472890248545,0.1338499692926261,0.25140297814843027,0.0066993300669933005,0.0008157480642727128,10000,0.6453687964536879
serieb,2023,phase_preserving,20,0.2687719298245614,0.1900419083676767,0.03133462729963353,0.1325935817459915,0.2555592078116924,0.0122987701229877,0.0011021574468491153,10000,0.8861780488617805
serieb,2024,global_round,20,0.1487719298245614,0.1895353644842246,0.03097762366725811,0.13319015031449183,0.25385381496160536,0.9097090290970903,0.002865981707483836,10000,0.9983001699830018
serieb,2024,phase_preserving,20,0.1487719298245614,0.18990842636091593,0.0294354545616083,0.13412336068887235,0.24897447106157936,0.9234076592340766,0.0026594351675105756,10000,0.9982001799820018
superlig,2014,global_round,18,0.14270152505446623,0.20196891852803833,0.033022048574562785,0.13914047797520368,0.26684285401279545,0.967003299670033,0.0017862787603647253,10000,0.9983001699830018
superlig,2014,phase_preserving,18,0.14270152505446623,0.20123345374640714,0.033148179537250945,0.138152171295421,0.2670069838821125,0.9641035896410359,0.001860318738343108,10000,0.9982001799820018
superlig,2015,global_round,18,0.18327886710239652,0.20248110782110842,0.031261493358098316,0.14700088857479168,0.27022381659605427,0.716028397160284,0.004509231992483405,10000,0.9983001699830018
superlig,2015,phase_preserving,18,0.18327886710239652,0.20192017032211051,0.03160176855677998,0.146175029124214,0.2712229440978111,0.706929307069293,0.004551705854685935,10000,0.9982001799820018
superlig,2021,global_round,20,0.18929824561403505,0.18995219708388877,0.03299094148992502,0.13109119830843627,0.2613860069615656,0.48175182481751827,0.004996668931423308,10000,0.9983001699830018
superlig,2021,phase_preserving,20,0.18929824561403505,0.1903472762152875,0.03328564756022441,0.13030295585760154,0.260624328895855,0.49355064493550643,0.004999584040890323,10000,0.9982001799820018
superlig,2023,global_round,20,0.1214035087719298,0.19019481594761123,0.03032557643441209,0.13260803769978716,0.25043198158933444,0.9903009699030098,0.0009800489228690538,10000,0.9983001699830018
superlig,2023,phase_preserving,20,0.1214035087719298,0.1900635601230369,0.03045376621954177,0.1313424862767039,0.2508493597144991,0.9898010198980102,0.0010047368265804258,10000,0.9982001799820018
superlig,2024,global_round,19,0.15507033838466133,0.195699382113405,0.03331564538884901,0.1321919658317985,0.26239791114464117,0.8909109089091091,0.0031175096037679537,10000,0.9983001699830018
superlig,2024,phase_preserving,19,0.15507033838466133,0.19523767451095825,0.03335685814972172,0.13151043101684332,0.2632919111300133,0.8872112788721128,0.0031633435715113663,10000,0.9982001799820018
